Copyright 1986-2022 Xilinx, Inc. All Rights Reserved. Copyright 2022-2025 Advanced Micro Devices, Inc. All Rights Reserved.
--------------------------------------------------------------------------------------------------------------------------------------------------
| Tool Version      : Vivado v.2025.1 (win64) Build 6140274 Thu May 22 00:12:29 MDT 2025
| Date              : Wed Sep  9 12:10:48 2026
| Host              : ArcosLaptop running 64-bit major release  (build 9200)
| Command           : report_timing_summary -file ./nodo_a/timing_summary.rpt
| Design            : bd_ab_wrapper
| Device            : xcku5p-ffvb676
| Speed File        : -2  PRODUCTION 1.29 05-01-2022
| Design State      : Routed
| Temperature Grade : E
--------------------------------------------------------------------------------------------------------------------------------------------------

Timing Summary Report

------------------------------------------------------------------------------------------------
| Timer Settings
| --------------
------------------------------------------------------------------------------------------------

  Enable Multi Corner Analysis               :  Yes
  Enable Pessimism Removal                   :  Yes
  Pessimism Removal Resolution               :  Nearest Common Node
  Enable Input Delay Default Clock           :  No
  Enable Preset / Clear Arcs                 :  No
  Disable Flight Delays                      :  No
  Ignore I/O Paths                           :  No
  Timing Early Launch at Borrowing Latches   :  No
  Borrow Time for Max Delay Exceptions       :  Yes
  Merge Timing Exceptions                    :  Yes
  Inter-SLR Compensation                     :  Conservative

  Corner  Analyze    Analyze    
  Name    Max Paths  Min Paths  
  ------  ---------  ---------  
  Slow    Yes        Yes        
  Fast    Yes        Yes        


------------------------------------------------------------------------------------------------
| Report Methodology
| ------------------
------------------------------------------------------------------------------------------------

Rule       Severity          Description                                                Violations  
---------  ----------------  ---------------------------------------------------------  ----------  
TIMING-6   Critical Warning  No common primary clock between related clocks             2           
TIMING-7   Critical Warning  No common node between related clocks                      2           
TIMING-8   Critical Warning  No common period between related clocks                    2           
TIMING-51  Critical Warning  No common phase between related clocks from parallel CMBs  2           
LUTAR-1    Warning           LUT drives async reset alert                               7           
TIMING-9   Warning           Unknown CDC Logic                                          1           
TIMING-16  Warning           Large setup violation                                      66          
XDCC-7     Warning           Scoped Clock constraint overwritten on the same source     1           

Note: This report is based on the most recent report_methodology run and may not be up-to-date. Run report_methodology on the current design for the latest report.



check_timing report

Table of Contents
-----------------
1. checking no_clock (0)
2. checking constant_clock (0)
3. checking pulse_width_clock (0)
4. checking unconstrained_internal_endpoints (0)
5. checking no_input_delay (1)
6. checking no_output_delay (0)
7. checking multiple_clock (0)
8. checking generated_clocks (0)
9. checking loops (0)
10. checking partial_input_delay (0)
11. checking partial_output_delay (0)
12. checking latch_loops (0)

1. checking no_clock (0)
------------------------
 There are 0 register/latch pins with no clock.


2. checking constant_clock (0)
------------------------------
 There are 0 register/latch pins with constant_clock.


3. checking pulse_width_clock (0)
---------------------------------
 There are 0 register/latch pins which need pulse_width check


4. checking unconstrained_internal_endpoints (0)
------------------------------------------------
 There are 0 pins that are not constrained for maximum delay.

 There are 0 pins that are not constrained for maximum delay due to constant clock.


5. checking no_input_delay (1)
------------------------------
 There are 0 input ports with no input delay specified.

 There is 1 input port with no input delay but user has a false path constraint. (MEDIUM)


6. checking no_output_delay (0)
-------------------------------
 There are 0 ports with no output delay specified.

 There are 0 ports with no output delay but user has a false path constraint

 There are 0 ports with no output delay but with a timing clock defined on it or propagating through it


7. checking multiple_clock (0)
------------------------------
 There are 0 register/latch pins with multiple clocks.


8. checking generated_clocks (0)
--------------------------------
 There are 0 generated clocks that are not connected to a clock source.


9. checking loops (0)
---------------------
 There are 0 combinational loops in the design.


10. checking partial_input_delay (0)
------------------------------------
 There are 0 input ports with partial input delay specified.


11. checking partial_output_delay (0)
-------------------------------------
 There are 0 ports with partial output delay specified.


12. checking latch_loops (0)
----------------------------
 There are 0 combinational latch loops in the design through latch input



------------------------------------------------------------------------------------------------
| Design Timing Summary
| ---------------------
------------------------------------------------------------------------------------------------

    WNS(ns)      TNS(ns)  TNS Failing Endpoints  TNS Total Endpoints      WHS(ns)      THS(ns)  THS Failing Endpoints  THS Total Endpoints     WPWS(ns)     TPWS(ns)  TPWS Failing Endpoints  TPWS Total Endpoints  
    -------      -------  ---------------------  -------------------      -------      -------  ---------------------  -------------------     --------     --------  ----------------------  --------------------  
     -2.565     -158.327                     66                71718        0.010        0.000                      0                71718        0.000        0.000                       0                 27897  


Timing constraints are not met.


------------------------------------------------------------------------------------------------
| Clock Summary
| -------------
------------------------------------------------------------------------------------------------

Clock                                                                                                                                                                                                                                                                                                                                                                                                                                              Waveform(ns)           Period(ns)      Frequency(MHz)
-----                                                                                                                                                                                                                                                                                                                                                                                                                                              ------------           ----------      --------------
bd_ab_i/bd_xdma/inst/pcie4_ip_i/inst/bd_ab_bd_xdma_0_pcie4_ip_gt_top_i/diablo_gt.diablo_gt_phy_wrapper/gt_wizard.gtwizard_top_i/bd_ab_bd_xdma_0_pcie4_ip_gt_i/inst/gen_gtwizard_gtye4_top.bd_ab_bd_xdma_0_pcie4_ip_gt_gtwizard_gtye4_inst/gen_gtwizard_gtye4.gen_cpll_cal_gtye4.gen_cpll_cal_inst[0].gen_inst_cpll_cal.gtwizard_ultrascale_v1_7_20_gtye4_cpll_cal_inst/gtwizard_ultrascale_v1_7_20_gtye4_cpll_cal_tx_i/bufg_gt_txoutclkmon_inst/O  {0.000 4.000}          8.000           125.000         
bd_ab_i/bd_xdma/inst/pcie4_ip_i/inst/bd_ab_bd_xdma_0_pcie4_ip_gt_top_i/diablo_gt.diablo_gt_phy_wrapper/gt_wizard.gtwizard_top_i/bd_ab_bd_xdma_0_pcie4_ip_gt_i/inst/gen_gtwizard_gtye4_top.bd_ab_bd_xdma_0_pcie4_ip_gt_gtwizard_gtye4_inst/gen_gtwizard_gtye4.gen_cpll_cal_gtye4.gen_cpll_cal_inst[1].gen_inst_cpll_cal.gtwizard_ultrascale_v1_7_20_gtye4_cpll_cal_inst/gtwizard_ultrascale_v1_7_20_gtye4_cpll_cal_tx_i/bufg_gt_txoutclkmon_inst/O  {0.000 4.000}          8.000           125.000         
bd_ab_i/bd_xdma/inst/pcie4_ip_i/inst/bd_ab_bd_xdma_0_pcie4_ip_gt_top_i/diablo_gt.diablo_gt_phy_wrapper/gt_wizard.gtwizard_top_i/bd_ab_bd_xdma_0_pcie4_ip_gt_i/inst/gen_gtwizard_gtye4_top.bd_ab_bd_xdma_0_pcie4_ip_gt_gtwizard_gtye4_inst/gen_gtwizard_gtye4.gen_cpll_cal_gtye4.gen_cpll_cal_inst[2].gen_inst_cpll_cal.gtwizard_ultrascale_v1_7_20_gtye4_cpll_cal_inst/gtwizard_ultrascale_v1_7_20_gtye4_cpll_cal_tx_i/bufg_gt_txoutclkmon_inst/O  {0.000 4.000}          8.000           125.000         
bd_ab_i/bd_xdma/inst/pcie4_ip_i/inst/bd_ab_bd_xdma_0_pcie4_ip_gt_top_i/diablo_gt.diablo_gt_phy_wrapper/gt_wizard.gtwizard_top_i/bd_ab_bd_xdma_0_pcie4_ip_gt_i/inst/gen_gtwizard_gtye4_top.bd_ab_bd_xdma_0_pcie4_ip_gt_gtwizard_gtye4_inst/gen_gtwizard_gtye4.gen_cpll_cal_gtye4.gen_cpll_cal_inst[3].gen_inst_cpll_cal.gtwizard_ultrascale_v1_7_20_gtye4_cpll_cal_inst/gtwizard_ultrascale_v1_7_20_gtye4_cpll_cal_tx_i/bufg_gt_txoutclkmon_inst/O  {0.000 4.000}          8.000           125.000         
bd_ab_i/bd_xdma/inst/pcie4_ip_i/inst/bd_ab_bd_xdma_0_pcie4_ip_gt_top_i/diablo_gt.diablo_gt_phy_wrapper/gt_wizard.gtwizard_top_i/bd_ab_bd_xdma_0_pcie4_ip_gt_i/inst/gen_gtwizard_gtye4_top.bd_ab_bd_xdma_0_pcie4_ip_gt_gtwizard_gtye4_inst/gen_gtwizard_gtye4.gen_cpll_cal_gtye4.gen_cpll_cal_inst[4].gen_inst_cpll_cal.gtwizard_ultrascale_v1_7_20_gtye4_cpll_cal_inst/gtwizard_ultrascale_v1_7_20_gtye4_cpll_cal_tx_i/bufg_gt_txoutclkmon_inst/O  {0.000 4.000}          8.000           125.000         
bd_ab_i/bd_xdma/inst/pcie4_ip_i/inst/bd_ab_bd_xdma_0_pcie4_ip_gt_top_i/diablo_gt.diablo_gt_phy_wrapper/gt_wizard.gtwizard_top_i/bd_ab_bd_xdma_0_pcie4_ip_gt_i/inst/gen_gtwizard_gtye4_top.bd_ab_bd_xdma_0_pcie4_ip_gt_gtwizard_gtye4_inst/gen_gtwizard_gtye4.gen_cpll_cal_gtye4.gen_cpll_cal_inst[5].gen_inst_cpll_cal.gtwizard_ultrascale_v1_7_20_gtye4_cpll_cal_inst/gtwizard_ultrascale_v1_7_20_gtye4_cpll_cal_tx_i/bufg_gt_txoutclkmon_inst/O  {0.000 4.000}          8.000           125.000         
bd_ab_i/bd_xdma/inst/pcie4_ip_i/inst/bd_ab_bd_xdma_0_pcie4_ip_gt_top_i/diablo_gt.diablo_gt_phy_wrapper/gt_wizard.gtwizard_top_i/bd_ab_bd_xdma_0_pcie4_ip_gt_i/inst/gen_gtwizard_gtye4_top.bd_ab_bd_xdma_0_pcie4_ip_gt_gtwizard_gtye4_inst/gen_gtwizard_gtye4.gen_cpll_cal_gtye4.gen_cpll_cal_inst[6].gen_inst_cpll_cal.gtwizard_ultrascale_v1_7_20_gtye4_cpll_cal_inst/gtwizard_ultrascale_v1_7_20_gtye4_cpll_cal_tx_i/bufg_gt_txoutclkmon_inst/O  {0.000 4.000}          8.000           125.000         
bd_ab_i/bd_xdma/inst/pcie4_ip_i/inst/bd_ab_bd_xdma_0_pcie4_ip_gt_top_i/diablo_gt.diablo_gt_phy_wrapper/gt_wizard.gtwizard_top_i/bd_ab_bd_xdma_0_pcie4_ip_gt_i/inst/gen_gtwizard_gtye4_top.bd_ab_bd_xdma_0_pcie4_ip_gt_gtwizard_gtye4_inst/gen_gtwizard_gtye4.gen_cpll_cal_gtye4.gen_cpll_cal_inst[7].gen_inst_cpll_cal.gtwizard_ultrascale_v1_7_20_gtye4_cpll_cal_inst/gtwizard_ultrascale_v1_7_20_gtye4_cpll_cal_tx_i/bufg_gt_txoutclkmon_inst/O  {0.000 4.000}          8.000           125.000         
bd_ab_i/bd_xdma/inst/pcie4_ip_i/inst/bd_ab_bd_xdma_0_pcie4_ip_gt_top_i/diablo_gt.diablo_gt_phy_wrapper/phy_clk_i/bufg_gt_intclk/O                                                                                                                                                                                                                                                                                                                  {0.000 500.000}        1000.000        1.000           
pcie_refclk                                                                                                                                                                                                                                                                                                                                                                                                                                        {0.000 5.000}          10.000          100.000         
  qpll0outclk_out[0]                                                                                                                                                                                                                                                                                                                                                                                                                               {0.000 0.100}          0.200           5000.001        
  qpll0outclk_out[0]_1                                                                                                                                                                                                                                                                                                                                                                                                                             {0.000 0.100}          0.200           5000.001        
  qpll0outrefclk_out[0]                                                                                                                                                                                                                                                                                                                                                                                                                            {0.000 5.000}          10.000          100.000         
  qpll0outrefclk_out[0]_1                                                                                                                                                                                                                                                                                                                                                                                                                          {0.000 5.000}          10.000          100.000         
  qpll1outclk_out[0]                                                                                                                                                                                                                                                                                                                                                                                                                               {0.000 0.100}          0.200           5000.001        
    GTYE4_CHANNEL_TXOUTCLK[0]                                                                                                                                                                                                                                                                                                                                                                                                                      {0.000 1.000}          2.000           500.000         
    GTYE4_CHANNEL_TXOUTCLK[1]                                                                                                                                                                                                                                                                                                                                                                                                                      {0.000 1.000}          2.000           500.000         
    GTYE4_CHANNEL_TXOUTCLK[2]                                                                                                                                                                                                                                                                                                                                                                                                                      {0.000 1.000}          2.000           500.000         
    GTYE4_CHANNEL_TXOUTCLK[3]                                                                                                                                                                                                                                                                                                                                                                                                                      {0.000 1.000}          2.000           500.000         
  qpll1outclk_out[0]_1                                                                                                                                                                                                                                                                                                                                                                                                                             {0.000 0.100}          0.200           5000.001        
    GTYE4_CHANNEL_TXOUTCLK[0]_1                                                                                                                                                                                                                                                                                                                                                                                                                    {0.000 1.000}          2.000           500.000         
    GTYE4_CHANNEL_TXOUTCLK[1]_1                                                                                                                                                                                                                                                                                                                                                                                                                    {0.000 1.000}          2.000           500.000         
    GTYE4_CHANNEL_TXOUTCLK[2]_1                                                                                                                                                                                                                                                                                                                                                                                                                    {0.000 1.000}          2.000           500.000         
    GTYE4_CHANNEL_TXOUTCLK[3]_1                                                                                                                                                                                                                                                                                                                                                                                                                    {0.000 1.000}          2.000           500.000         
      bd_ab_bd_xdma_0_pcie4_ip_gt_top_i_n_541                                                                                                                                                                                                                                                                                                                                                                                                      {0.000 4.000}          8.000           125.000         
      bd_xdma_axi_aclk                                                                                                                                                                                                                                                                                                                                                                                                                             {0.000 2.000}          4.000           250.000         
      pipe_clk                                                                                                                                                                                                                                                                                                                                                                                                                                     {0.000 2.000}          4.000           250.000         
  qpll1outrefclk_out[0]                                                                                                                                                                                                                                                                                                                                                                                                                            {0.000 5.000}          10.000          100.000         
  qpll1outrefclk_out[0]_1                                                                                                                                                                                                                                                                                                                                                                                                                          {0.000 5.000}          10.000          100.000         
sysclk_300                                                                                                                                                                                                                                                                                                                                                                                                                                         {0.000 1.666}          3.333           300.030         
  clk_out1_bd_ab_bd_clk_tx_0_1                                                                                                                                                                                                                                                                                                                                                                                                                     {0.000 1.600}          3.200           312.531         


------------------------------------------------------------------------------------------------
| Intra Clock Table
| -----------------
------------------------------------------------------------------------------------------------

Clock                                                                                                                                                                                                                                                                                                                                                                                                                                                  WNS(ns)      TNS(ns)  TNS Failing Endpoints  TNS Total Endpoints      WHS(ns)      THS(ns)  THS Failing Endpoints  THS Total Endpoints     WPWS(ns)     TPWS(ns)  TPWS Failing Endpoints  TPWS Total Endpoints  
-----                                                                                                                                                                                                                                                                                                                                                                                                                                                  -------      -------  ---------------------  -------------------      -------      -------  ---------------------  -------------------     --------     --------  ----------------------  --------------------  
bd_ab_i/bd_xdma/inst/pcie4_ip_i/inst/bd_ab_bd_xdma_0_pcie4_ip_gt_top_i/diablo_gt.diablo_gt_phy_wrapper/gt_wizard.gtwizard_top_i/bd_ab_bd_xdma_0_pcie4_ip_gt_i/inst/gen_gtwizard_gtye4_top.bd_ab_bd_xdma_0_pcie4_ip_gt_gtwizard_gtye4_inst/gen_gtwizard_gtye4.gen_cpll_cal_gtye4.gen_cpll_cal_inst[0].gen_inst_cpll_cal.gtwizard_ultrascale_v1_7_20_gtye4_cpll_cal_inst/gtwizard_ultrascale_v1_7_20_gtye4_cpll_cal_tx_i/bufg_gt_txoutclkmon_inst/O        6.713        0.000                      0                   50        0.052        0.000                      0                   50        3.725        0.000                       0                    31  
bd_ab_i/bd_xdma/inst/pcie4_ip_i/inst/bd_ab_bd_xdma_0_pcie4_ip_gt_top_i/diablo_gt.diablo_gt_phy_wrapper/gt_wizard.gtwizard_top_i/bd_ab_bd_xdma_0_pcie4_ip_gt_i/inst/gen_gtwizard_gtye4_top.bd_ab_bd_xdma_0_pcie4_ip_gt_gtwizard_gtye4_inst/gen_gtwizard_gtye4.gen_cpll_cal_gtye4.gen_cpll_cal_inst[1].gen_inst_cpll_cal.gtwizard_ultrascale_v1_7_20_gtye4_cpll_cal_inst/gtwizard_ultrascale_v1_7_20_gtye4_cpll_cal_tx_i/bufg_gt_txoutclkmon_inst/O        7.029        0.000                      0                   50        0.052        0.000                      0                   50        3.725        0.000                       0                    31  
bd_ab_i/bd_xdma/inst/pcie4_ip_i/inst/bd_ab_bd_xdma_0_pcie4_ip_gt_top_i/diablo_gt.diablo_gt_phy_wrapper/gt_wizard.gtwizard_top_i/bd_ab_bd_xdma_0_pcie4_ip_gt_i/inst/gen_gtwizard_gtye4_top.bd_ab_bd_xdma_0_pcie4_ip_gt_gtwizard_gtye4_inst/gen_gtwizard_gtye4.gen_cpll_cal_gtye4.gen_cpll_cal_inst[2].gen_inst_cpll_cal.gtwizard_ultrascale_v1_7_20_gtye4_cpll_cal_inst/gtwizard_ultrascale_v1_7_20_gtye4_cpll_cal_tx_i/bufg_gt_txoutclkmon_inst/O        6.957        0.000                      0                   50        0.054        0.000                      0                   50        3.725        0.000                       0                    31  
bd_ab_i/bd_xdma/inst/pcie4_ip_i/inst/bd_ab_bd_xdma_0_pcie4_ip_gt_top_i/diablo_gt.diablo_gt_phy_wrapper/gt_wizard.gtwizard_top_i/bd_ab_bd_xdma_0_pcie4_ip_gt_i/inst/gen_gtwizard_gtye4_top.bd_ab_bd_xdma_0_pcie4_ip_gt_gtwizard_gtye4_inst/gen_gtwizard_gtye4.gen_cpll_cal_gtye4.gen_cpll_cal_inst[3].gen_inst_cpll_cal.gtwizard_ultrascale_v1_7_20_gtye4_cpll_cal_inst/gtwizard_ultrascale_v1_7_20_gtye4_cpll_cal_tx_i/bufg_gt_txoutclkmon_inst/O        7.054        0.000                      0                   50        0.052        0.000                      0                   50        3.725        0.000                       0                    31  
bd_ab_i/bd_xdma/inst/pcie4_ip_i/inst/bd_ab_bd_xdma_0_pcie4_ip_gt_top_i/diablo_gt.diablo_gt_phy_wrapper/gt_wizard.gtwizard_top_i/bd_ab_bd_xdma_0_pcie4_ip_gt_i/inst/gen_gtwizard_gtye4_top.bd_ab_bd_xdma_0_pcie4_ip_gt_gtwizard_gtye4_inst/gen_gtwizard_gtye4.gen_cpll_cal_gtye4.gen_cpll_cal_inst[4].gen_inst_cpll_cal.gtwizard_ultrascale_v1_7_20_gtye4_cpll_cal_inst/gtwizard_ultrascale_v1_7_20_gtye4_cpll_cal_tx_i/bufg_gt_txoutclkmon_inst/O        7.051        0.000                      0                   50        0.052        0.000                      0                   50        3.725        0.000                       0                    31  
bd_ab_i/bd_xdma/inst/pcie4_ip_i/inst/bd_ab_bd_xdma_0_pcie4_ip_gt_top_i/diablo_gt.diablo_gt_phy_wrapper/gt_wizard.gtwizard_top_i/bd_ab_bd_xdma_0_pcie4_ip_gt_i/inst/gen_gtwizard_gtye4_top.bd_ab_bd_xdma_0_pcie4_ip_gt_gtwizard_gtye4_inst/gen_gtwizard_gtye4.gen_cpll_cal_gtye4.gen_cpll_cal_inst[5].gen_inst_cpll_cal.gtwizard_ultrascale_v1_7_20_gtye4_cpll_cal_inst/gtwizard_ultrascale_v1_7_20_gtye4_cpll_cal_tx_i/bufg_gt_txoutclkmon_inst/O        6.967        0.000                      0                   50        0.052        0.000                      0                   50        3.725        0.000                       0                    31  
bd_ab_i/bd_xdma/inst/pcie4_ip_i/inst/bd_ab_bd_xdma_0_pcie4_ip_gt_top_i/diablo_gt.diablo_gt_phy_wrapper/gt_wizard.gtwizard_top_i/bd_ab_bd_xdma_0_pcie4_ip_gt_i/inst/gen_gtwizard_gtye4_top.bd_ab_bd_xdma_0_pcie4_ip_gt_gtwizard_gtye4_inst/gen_gtwizard_gtye4.gen_cpll_cal_gtye4.gen_cpll_cal_inst[6].gen_inst_cpll_cal.gtwizard_ultrascale_v1_7_20_gtye4_cpll_cal_inst/gtwizard_ultrascale_v1_7_20_gtye4_cpll_cal_tx_i/bufg_gt_txoutclkmon_inst/O        6.985        0.000                      0                   50        0.052        0.000                      0                   50        3.725        0.000                       0                    31  
bd_ab_i/bd_xdma/inst/pcie4_ip_i/inst/bd_ab_bd_xdma_0_pcie4_ip_gt_top_i/diablo_gt.diablo_gt_phy_wrapper/gt_wizard.gtwizard_top_i/bd_ab_bd_xdma_0_pcie4_ip_gt_i/inst/gen_gtwizard_gtye4_top.bd_ab_bd_xdma_0_pcie4_ip_gt_gtwizard_gtye4_inst/gen_gtwizard_gtye4.gen_cpll_cal_gtye4.gen_cpll_cal_inst[7].gen_inst_cpll_cal.gtwizard_ultrascale_v1_7_20_gtye4_cpll_cal_inst/gtwizard_ultrascale_v1_7_20_gtye4_cpll_cal_tx_i/bufg_gt_txoutclkmon_inst/O        7.020        0.000                      0                   50        0.066        0.000                      0                   50        3.725        0.000                       0                    31  
bd_ab_i/bd_xdma/inst/pcie4_ip_i/inst/bd_ab_bd_xdma_0_pcie4_ip_gt_top_i/diablo_gt.diablo_gt_phy_wrapper/phy_clk_i/bufg_gt_intclk/O                                                                                                                                                                                                                                                                                                                      999.302        0.000                      0                   20        0.050        0.000                      0                   20      499.725        0.000                       0                    13  
pcie_refclk                                                                                                                                                                                                                                                                                                                                                                                                                                              7.695        0.000                      0                 7346        0.014        0.000                      0                 7346        3.200        0.000                       0                  3505  
    GTYE4_CHANNEL_TXOUTCLK[0]                                                                                                                                                                                                                                                                                                                                                                                                                                                                                                                                                                        0.710        0.000                       0                     1  
    GTYE4_CHANNEL_TXOUTCLK[1]                                                                                                                                                                                                                                                                                                                                                                                                                                                                                                                                                                        0.710        0.000                       0                     1  
    GTYE4_CHANNEL_TXOUTCLK[2]                                                                                                                                                                                                                                                                                                                                                                                                                                                                                                                                                                        0.710        0.000                       0                     1  
    GTYE4_CHANNEL_TXOUTCLK[3]                                                                                                                                                                                                                                                                                                                                                                                                                                                                                                                                                                        0.710        0.000                       0                     1  
    GTYE4_CHANNEL_TXOUTCLK[0]_1                                                                                                                                                                                                                                                                                                                                                                                                                                                                                                                                                                      0.710        0.000                       0                     1  
    GTYE4_CHANNEL_TXOUTCLK[1]_1                                                                                                                                                                                                                                                                                                                                                                                                                                                                                                                                                                      0.710        0.000                       0                     1  
    GTYE4_CHANNEL_TXOUTCLK[2]_1                                                                                                                                                                                                                                                                                                                                                                                                                                                                                                                                                                      0.710        0.000                       0                     1  
    GTYE4_CHANNEL_TXOUTCLK[3]_1                                                                                                                                                                                                                                                                                                                                                                                                                          0.424        0.000                      0                 4470        0.011        0.000                      0                 4470        0.000        0.000                       0                  1966  
      bd_ab_bd_xdma_0_pcie4_ip_gt_top_i_n_541                                                                                                                                                                                                                                                                                                                                                                                                                                                                                                                                                        0.000        0.000                       0                     1  
      bd_xdma_axi_aclk                                                                                                                                                                                                                                                                                                                                                                                                                                   0.340        0.000                      0                52596        0.010        0.000                      0                52596        1.458        0.000                       0                 19796  
      pipe_clk                                                                                                                                                                                                                                                                                                                                                                                                                                           1.531        0.000                      0                 4764        0.011        0.000                      0                 4764        0.000        0.000                       0                  2246  
sysclk_300                                                                                                                                                                                                                                                                                                                                                                                                                                                                                                                                                                                           0.500        0.000                       0                     1  
  clk_out1_bd_ab_bd_clk_tx_0_1                                                                                                                                                                                                                                                                                                                                                                                                                           1.817        0.000                      0                  156        0.023        0.000                      0                  156        1.068        0.000                       0                   114  


------------------------------------------------------------------------------------------------
| Inter Clock Table
| -----------------
------------------------------------------------------------------------------------------------

From Clock                    To Clock                          WNS(ns)      TNS(ns)  TNS Failing Endpoints  TNS Total Endpoints      WHS(ns)      THS(ns)  THS Failing Endpoints  THS Total Endpoints  
----------                    --------                          -------      -------  ---------------------  -------------------      -------      -------  ---------------------  -------------------  
bd_xdma_axi_aclk              GTYE4_CHANNEL_TXOUTCLK[3]_1         0.496        0.000                      0                  640        0.037        0.000                      0                  640  
GTYE4_CHANNEL_TXOUTCLK[3]_1   bd_xdma_axi_aclk                    0.430        0.000                      0                 2380        0.042        0.000                      0                 2380  
pipe_clk                      bd_xdma_axi_aclk                    1.710        0.000                      0                    3        0.488        0.000                      0                    3  
clk_out1_bd_ab_bd_clk_tx_0_1  bd_xdma_axi_aclk                   -2.565     -155.461                     64                   64        0.525        0.000                      0                   64  
bd_xdma_axi_aclk              pipe_clk                            2.998        0.000                      0                    1        0.180        0.000                      0                    1  
bd_xdma_axi_aclk              clk_out1_bd_ab_bd_clk_tx_0_1       -1.444       -2.866                      2                    2        0.021        0.000                      0                    2  


------------------------------------------------------------------------------------------------
| Other Path Groups Table
| -----------------------
------------------------------------------------------------------------------------------------

Path Group                                                                                                                                                                                                                                                                                                                                                                                                                                         From Clock                                                                                                                                                                                                                                                                                                                                                                                                                                         To Clock                                                                                                                                                                                                                                                                                                                                                                                                                                               WNS(ns)      TNS(ns)  TNS Failing Endpoints  TNS Total Endpoints      WHS(ns)      THS(ns)  THS Failing Endpoints  THS Total Endpoints  
----------                                                                                                                                                                                                                                                                                                                                                                                                                                         ----------                                                                                                                                                                                                                                                                                                                                                                                                                                         --------                                                                                                                                                                                                                                                                                                                                                                                                                                               -------      -------  ---------------------  -------------------      -------      -------  ---------------------  -------------------  
**async_default**                                                                                                                                                                                                                                                                                                                                                                                                                                  bd_xdma_axi_aclk                                                                                                                                                                                                                                                                                                                                                                                                                                   GTYE4_CHANNEL_TXOUTCLK[3]_1                                                                                                                                                                                                                                                                                                                                                                                                                              0.564        0.000                      0                   98        0.056        0.000                      0                   98  
**async_default**                                                                                                                                                                                                                                                                                                                                                                                                                                  bd_ab_i/bd_xdma/inst/pcie4_ip_i/inst/bd_ab_bd_xdma_0_pcie4_ip_gt_top_i/diablo_gt.diablo_gt_phy_wrapper/gt_wizard.gtwizard_top_i/bd_ab_bd_xdma_0_pcie4_ip_gt_i/inst/gen_gtwizard_gtye4_top.bd_ab_bd_xdma_0_pcie4_ip_gt_gtwizard_gtye4_inst/gen_gtwizard_gtye4.gen_cpll_cal_gtye4.gen_cpll_cal_inst[0].gen_inst_cpll_cal.gtwizard_ultrascale_v1_7_20_gtye4_cpll_cal_inst/gtwizard_ultrascale_v1_7_20_gtye4_cpll_cal_tx_i/bufg_gt_txoutclkmon_inst/O  bd_ab_i/bd_xdma/inst/pcie4_ip_i/inst/bd_ab_bd_xdma_0_pcie4_ip_gt_top_i/diablo_gt.diablo_gt_phy_wrapper/gt_wizard.gtwizard_top_i/bd_ab_bd_xdma_0_pcie4_ip_gt_i/inst/gen_gtwizard_gtye4_top.bd_ab_bd_xdma_0_pcie4_ip_gt_gtwizard_gtye4_inst/gen_gtwizard_gtye4.gen_cpll_cal_gtye4.gen_cpll_cal_inst[0].gen_inst_cpll_cal.gtwizard_ultrascale_v1_7_20_gtye4_cpll_cal_inst/gtwizard_ultrascale_v1_7_20_gtye4_cpll_cal_tx_i/bufg_gt_txoutclkmon_inst/O        7.192        0.000                      0                   18        0.185        0.000                      0                   18  
**async_default**                                                                                                                                                                                                                                                                                                                                                                                                                                  bd_ab_i/bd_xdma/inst/pcie4_ip_i/inst/bd_ab_bd_xdma_0_pcie4_ip_gt_top_i/diablo_gt.diablo_gt_phy_wrapper/gt_wizard.gtwizard_top_i/bd_ab_bd_xdma_0_pcie4_ip_gt_i/inst/gen_gtwizard_gtye4_top.bd_ab_bd_xdma_0_pcie4_ip_gt_gtwizard_gtye4_inst/gen_gtwizard_gtye4.gen_cpll_cal_gtye4.gen_cpll_cal_inst[1].gen_inst_cpll_cal.gtwizard_ultrascale_v1_7_20_gtye4_cpll_cal_inst/gtwizard_ultrascale_v1_7_20_gtye4_cpll_cal_tx_i/bufg_gt_txoutclkmon_inst/O  bd_ab_i/bd_xdma/inst/pcie4_ip_i/inst/bd_ab_bd_xdma_0_pcie4_ip_gt_top_i/diablo_gt.diablo_gt_phy_wrapper/gt_wizard.gtwizard_top_i/bd_ab_bd_xdma_0_pcie4_ip_gt_i/inst/gen_gtwizard_gtye4_top.bd_ab_bd_xdma_0_pcie4_ip_gt_gtwizard_gtye4_inst/gen_gtwizard_gtye4.gen_cpll_cal_gtye4.gen_cpll_cal_inst[1].gen_inst_cpll_cal.gtwizard_ultrascale_v1_7_20_gtye4_cpll_cal_inst/gtwizard_ultrascale_v1_7_20_gtye4_cpll_cal_tx_i/bufg_gt_txoutclkmon_inst/O        7.366        0.000                      0                   18        0.143        0.000                      0                   18  
**async_default**                                                                                                                                                                                                                                                                                                                                                                                                                                  bd_ab_i/bd_xdma/inst/pcie4_ip_i/inst/bd_ab_bd_xdma_0_pcie4_ip_gt_top_i/diablo_gt.diablo_gt_phy_wrapper/gt_wizard.gtwizard_top_i/bd_ab_bd_xdma_0_pcie4_ip_gt_i/inst/gen_gtwizard_gtye4_top.bd_ab_bd_xdma_0_pcie4_ip_gt_gtwizard_gtye4_inst/gen_gtwizard_gtye4.gen_cpll_cal_gtye4.gen_cpll_cal_inst[2].gen_inst_cpll_cal.gtwizard_ultrascale_v1_7_20_gtye4_cpll_cal_inst/gtwizard_ultrascale_v1_7_20_gtye4_cpll_cal_tx_i/bufg_gt_txoutclkmon_inst/O  bd_ab_i/bd_xdma/inst/pcie4_ip_i/inst/bd_ab_bd_xdma_0_pcie4_ip_gt_top_i/diablo_gt.diablo_gt_phy_wrapper/gt_wizard.gtwizard_top_i/bd_ab_bd_xdma_0_pcie4_ip_gt_i/inst/gen_gtwizard_gtye4_top.bd_ab_bd_xdma_0_pcie4_ip_gt_gtwizard_gtye4_inst/gen_gtwizard_gtye4.gen_cpll_cal_gtye4.gen_cpll_cal_inst[2].gen_inst_cpll_cal.gtwizard_ultrascale_v1_7_20_gtye4_cpll_cal_inst/gtwizard_ultrascale_v1_7_20_gtye4_cpll_cal_tx_i/bufg_gt_txoutclkmon_inst/O        7.382        0.000                      0                   18        0.148        0.000                      0                   18  
**async_default**                                                                                                                                                                                                                                                                                                                                                                                                                                  bd_ab_i/bd_xdma/inst/pcie4_ip_i/inst/bd_ab_bd_xdma_0_pcie4_ip_gt_top_i/diablo_gt.diablo_gt_phy_wrapper/gt_wizard.gtwizard_top_i/bd_ab_bd_xdma_0_pcie4_ip_gt_i/inst/gen_gtwizard_gtye4_top.bd_ab_bd_xdma_0_pcie4_ip_gt_gtwizard_gtye4_inst/gen_gtwizard_gtye4.gen_cpll_cal_gtye4.gen_cpll_cal_inst[3].gen_inst_cpll_cal.gtwizard_ultrascale_v1_7_20_gtye4_cpll_cal_inst/gtwizard_ultrascale_v1_7_20_gtye4_cpll_cal_tx_i/bufg_gt_txoutclkmon_inst/O  bd_ab_i/bd_xdma/inst/pcie4_ip_i/inst/bd_ab_bd_xdma_0_pcie4_ip_gt_top_i/diablo_gt.diablo_gt_phy_wrapper/gt_wizard.gtwizard_top_i/bd_ab_bd_xdma_0_pcie4_ip_gt_i/inst/gen_gtwizard_gtye4_top.bd_ab_bd_xdma_0_pcie4_ip_gt_gtwizard_gtye4_inst/gen_gtwizard_gtye4.gen_cpll_cal_gtye4.gen_cpll_cal_inst[3].gen_inst_cpll_cal.gtwizard_ultrascale_v1_7_20_gtye4_cpll_cal_inst/gtwizard_ultrascale_v1_7_20_gtye4_cpll_cal_tx_i/bufg_gt_txoutclkmon_inst/O        7.073        0.000                      0                   18        0.136        0.000                      0                   18  
**async_default**                                                                                                                                                                                                                                                                                                                                                                                                                                  bd_ab_i/bd_xdma/inst/pcie4_ip_i/inst/bd_ab_bd_xdma_0_pcie4_ip_gt_top_i/diablo_gt.diablo_gt_phy_wrapper/gt_wizard.gtwizard_top_i/bd_ab_bd_xdma_0_pcie4_ip_gt_i/inst/gen_gtwizard_gtye4_top.bd_ab_bd_xdma_0_pcie4_ip_gt_gtwizard_gtye4_inst/gen_gtwizard_gtye4.gen_cpll_cal_gtye4.gen_cpll_cal_inst[4].gen_inst_cpll_cal.gtwizard_ultrascale_v1_7_20_gtye4_cpll_cal_inst/gtwizard_ultrascale_v1_7_20_gtye4_cpll_cal_tx_i/bufg_gt_txoutclkmon_inst/O  bd_ab_i/bd_xdma/inst/pcie4_ip_i/inst/bd_ab_bd_xdma_0_pcie4_ip_gt_top_i/diablo_gt.diablo_gt_phy_wrapper/gt_wizard.gtwizard_top_i/bd_ab_bd_xdma_0_pcie4_ip_gt_i/inst/gen_gtwizard_gtye4_top.bd_ab_bd_xdma_0_pcie4_ip_gt_gtwizard_gtye4_inst/gen_gtwizard_gtye4.gen_cpll_cal_gtye4.gen_cpll_cal_inst[4].gen_inst_cpll_cal.gtwizard_ultrascale_v1_7_20_gtye4_cpll_cal_inst/gtwizard_ultrascale_v1_7_20_gtye4_cpll_cal_tx_i/bufg_gt_txoutclkmon_inst/O        7.422        0.000                      0                   18        0.116        0.000                      0                   18  
**async_default**                                                                                                                                                                                                                                                                                                                                                                                                                                  bd_ab_i/bd_xdma/inst/pcie4_ip_i/inst/bd_ab_bd_xdma_0_pcie4_ip_gt_top_i/diablo_gt.diablo_gt_phy_wrapper/gt_wizard.gtwizard_top_i/bd_ab_bd_xdma_0_pcie4_ip_gt_i/inst/gen_gtwizard_gtye4_top.bd_ab_bd_xdma_0_pcie4_ip_gt_gtwizard_gtye4_inst/gen_gtwizard_gtye4.gen_cpll_cal_gtye4.gen_cpll_cal_inst[5].gen_inst_cpll_cal.gtwizard_ultrascale_v1_7_20_gtye4_cpll_cal_inst/gtwizard_ultrascale_v1_7_20_gtye4_cpll_cal_tx_i/bufg_gt_txoutclkmon_inst/O  bd_ab_i/bd_xdma/inst/pcie4_ip_i/inst/bd_ab_bd_xdma_0_pcie4_ip_gt_top_i/diablo_gt.diablo_gt_phy_wrapper/gt_wizard.gtwizard_top_i/bd_ab_bd_xdma_0_pcie4_ip_gt_i/inst/gen_gtwizard_gtye4_top.bd_ab_bd_xdma_0_pcie4_ip_gt_gtwizard_gtye4_inst/gen_gtwizard_gtye4.gen_cpll_cal_gtye4.gen_cpll_cal_inst[5].gen_inst_cpll_cal.gtwizard_ultrascale_v1_7_20_gtye4_cpll_cal_inst/gtwizard_ultrascale_v1_7_20_gtye4_cpll_cal_tx_i/bufg_gt_txoutclkmon_inst/O        7.418        0.000                      0                   18        0.165        0.000                      0                   18  
**async_default**                                                                                                                                                                                                                                                                                                                                                                                                                                  bd_ab_i/bd_xdma/inst/pcie4_ip_i/inst/bd_ab_bd_xdma_0_pcie4_ip_gt_top_i/diablo_gt.diablo_gt_phy_wrapper/gt_wizard.gtwizard_top_i/bd_ab_bd_xdma_0_pcie4_ip_gt_i/inst/gen_gtwizard_gtye4_top.bd_ab_bd_xdma_0_pcie4_ip_gt_gtwizard_gtye4_inst/gen_gtwizard_gtye4.gen_cpll_cal_gtye4.gen_cpll_cal_inst[6].gen_inst_cpll_cal.gtwizard_ultrascale_v1_7_20_gtye4_cpll_cal_inst/gtwizard_ultrascale_v1_7_20_gtye4_cpll_cal_tx_i/bufg_gt_txoutclkmon_inst/O  bd_ab_i/bd_xdma/inst/pcie4_ip_i/inst/bd_ab_bd_xdma_0_pcie4_ip_gt_top_i/diablo_gt.diablo_gt_phy_wrapper/gt_wizard.gtwizard_top_i/bd_ab_bd_xdma_0_pcie4_ip_gt_i/inst/gen_gtwizard_gtye4_top.bd_ab_bd_xdma_0_pcie4_ip_gt_gtwizard_gtye4_inst/gen_gtwizard_gtye4.gen_cpll_cal_gtye4.gen_cpll_cal_inst[6].gen_inst_cpll_cal.gtwizard_ultrascale_v1_7_20_gtye4_cpll_cal_inst/gtwizard_ultrascale_v1_7_20_gtye4_cpll_cal_tx_i/bufg_gt_txoutclkmon_inst/O        7.307        0.000                      0                   18        0.144        0.000                      0                   18  
**async_default**                                                                                                                                                                                                                                                                                                                                                                                                                                  bd_ab_i/bd_xdma/inst/pcie4_ip_i/inst/bd_ab_bd_xdma_0_pcie4_ip_gt_top_i/diablo_gt.diablo_gt_phy_wrapper/gt_wizard.gtwizard_top_i/bd_ab_bd_xdma_0_pcie4_ip_gt_i/inst/gen_gtwizard_gtye4_top.bd_ab_bd_xdma_0_pcie4_ip_gt_gtwizard_gtye4_inst/gen_gtwizard_gtye4.gen_cpll_cal_gtye4.gen_cpll_cal_inst[7].gen_inst_cpll_cal.gtwizard_ultrascale_v1_7_20_gtye4_cpll_cal_inst/gtwizard_ultrascale_v1_7_20_gtye4_cpll_cal_tx_i/bufg_gt_txoutclkmon_inst/O  bd_ab_i/bd_xdma/inst/pcie4_ip_i/inst/bd_ab_bd_xdma_0_pcie4_ip_gt_top_i/diablo_gt.diablo_gt_phy_wrapper/gt_wizard.gtwizard_top_i/bd_ab_bd_xdma_0_pcie4_ip_gt_i/inst/gen_gtwizard_gtye4_top.bd_ab_bd_xdma_0_pcie4_ip_gt_gtwizard_gtye4_inst/gen_gtwizard_gtye4.gen_cpll_cal_gtye4.gen_cpll_cal_inst[7].gen_inst_cpll_cal.gtwizard_ultrascale_v1_7_20_gtye4_cpll_cal_inst/gtwizard_ultrascale_v1_7_20_gtye4_cpll_cal_tx_i/bufg_gt_txoutclkmon_inst/O        7.220        0.000                      0                   18        0.146        0.000                      0                   18  
**async_default**                                                                                                                                                                                                                                                                                                                                                                                                                                  bd_xdma_axi_aclk                                                                                                                                                                                                                                                                                                                                                                                                                                   bd_xdma_axi_aclk                                                                                                                                                                                                                                                                                                                                                                                                                                         1.661        0.000                      0                   89        0.104        0.000                      0                   89  
**async_default**                                                                                                                                                                                                                                                                                                                                                                                                                                  pcie_refclk                                                                                                                                                                                                                                                                                                                                                                                                                                        pcie_refclk                                                                                                                                                                                                                                                                                                                                                                                                                                              7.489        0.000                      0                  255        0.116        0.000                      0                  255  
**async_default**                                                                                                                                                                                                                                                                                                                                                                                                                                  pipe_clk                                                                                                                                                                                                                                                                                                                                                                                                                                           pipe_clk                                                                                                                                                                                                                                                                                                                                                                                                                                                 2.459        0.000                      0                   21        0.260        0.000                      0                   21  


------------------------------------------------------------------------------------------------
| Timing Details
| --------------
------------------------------------------------------------------------------------------------


---------------------------------------------------------------------------------------------------
From Clock:  bd_ab_i/bd_xdma/inst/pcie4_ip_i/inst/bd_ab_bd_xdma_0_pcie4_ip_gt_top_i/diablo_gt.diablo_gt_phy_wrapper/gt_wizard.gtwizard_top_i/bd_ab_bd_xdma_0_pcie4_ip_gt_i/inst/gen_gtwizard_gtye4_top.bd_ab_bd_xdma_0_pcie4_ip_gt_gtwizard_gtye4_inst/gen_gtwizard_gtye4.gen_cpll_cal_gtye4.gen_cpll_cal_inst[0].gen_inst_cpll_cal.gtwizard_ultrascale_v1_7_20_gtye4_cpll_cal_inst/gtwizard_ultrascale_v1_7_20_gtye4_cpll_cal_tx_i/bufg_gt_txoutclkmon_inst/O
  To Clock:  bd_ab_i/bd_xdma/inst/pcie4_ip_i/inst/bd_ab_bd_xdma_0_pcie4_ip_gt_top_i/diablo_gt.diablo_gt_phy_wrapper/gt_wizard.gtwizard_top_i/bd_ab_bd_xdma_0_pcie4_ip_gt_i/inst/gen_gtwizard_gtye4_top.bd_ab_bd_xdma_0_pcie4_ip_gt_gtwizard_gtye4_inst/gen_gtwizard_gtye4.gen_cpll_cal_gtye4.gen_cpll_cal_inst[0].gen_inst_cpll_cal.gtwizard_ultrascale_v1_7_20_gtye4_cpll_cal_inst/gtwizard_ultrascale_v1_7_20_gtye4_cpll_cal_tx_i/bufg_gt_txoutclkmon_inst/O

Setup :            0  Failing Endpoints,  Worst Slack        6.713ns,  Total Violation        0.000ns
Hold  :            0  Failing Endpoints,  Worst Slack        0.052ns,  Total Violation        0.000ns
PW    :            0  Failing Endpoints,  Worst Slack        3.725ns,  Total Violation        0.000ns
---------------------------------------------------------------------------------------------------


Max Delay Paths
--------------------------------------------------------------------------------------
Slack (MET) :             6.713ns  (required time - arrival time)
  Source:                 bd_ab_i/bd_xdma/inst/pcie4_ip_i/inst/bd_ab_bd_xdma_0_pcie4_ip_gt_top_i/diablo_gt.diablo_gt_phy_wrapper/gt_wizard.gtwizard_top_i/bd_ab_bd_xdma_0_pcie4_ip_gt_i/inst/gen_gtwizard_gtye4_top.bd_ab_bd_xdma_0_pcie4_ip_gt_gtwizard_gtye4_inst/gen_gtwizard_gtye4.gen_cpll_cal_gtye4.gen_cpll_cal_inst[0].gen_inst_cpll_cal.gtwizard_ultrascale_v1_7_20_gtye4_cpll_cal_inst/gtwizard_ultrascale_v1_7_20_gtye4_cpll_cal_tx_i/U_TXOUTCLK_FREQ_COUNTER/testclk_div4_reg[1]/C
                            (rising edge-triggered cell FDRE clocked by bd_ab_i/bd_xdma/inst/pcie4_ip_i/inst/bd_ab_bd_xdma_0_pcie4_ip_gt_top_i/diablo_gt.diablo_gt_phy_wrapper/gt_wizard.gtwizard_top_i/bd_ab_bd_xdma_0_pcie4_ip_gt_i/inst/gen_gtwizard_gtye4_top.bd_ab_bd_xdma_0_pcie4_ip_gt_gtwizard_gtye4_inst/gen_gtwizard_gtye4.gen_cpll_cal_gtye4.gen_cpll_cal_inst[0].gen_inst_cpll_cal.gtwizard_ultrascale_v1_7_20_gtye4_cpll_cal_inst/gtwizard_ultrascale_v1_7_20_gtye4_cpll_cal_tx_i/bufg_gt_txoutclkmon_inst/O  {rise@0.000ns fall@4.000ns period=8.000ns})
  Destination:            bd_ab_i/bd_xdma/inst/pcie4_ip_i/inst/bd_ab_bd_xdma_0_pcie4_ip_gt_top_i/diablo_gt.diablo_gt_phy_wrapper/gt_wizard.gtwizard_top_i/bd_ab_bd_xdma_0_pcie4_ip_gt_i/inst/gen_gtwizard_gtye4_top.bd_ab_bd_xdma_0_pcie4_ip_gt_gtwizard_gtye4_inst/gen_gtwizard_gtye4.gen_cpll_cal_gtye4.gen_cpll_cal_inst[0].gen_inst_cpll_cal.gtwizard_ultrascale_v1_7_20_gtye4_cpll_cal_inst/gtwizard_ultrascale_v1_7_20_gtye4_cpll_cal_tx_i/U_TXOUTCLK_FREQ_COUNTER/testclk_cnt_reg[16]/CE
                            (rising edge-triggered cell FDCE clocked by bd_ab_i/bd_xdma/inst/pcie4_ip_i/inst/bd_ab_bd_xdma_0_pcie4_ip_gt_top_i/diablo_gt.diablo_gt_phy_wrapper/gt_wizard.gtwizard_top_i/bd_ab_bd_xdma_0_pcie4_ip_gt_i/inst/gen_gtwizard_gtye4_top.bd_ab_bd_xdma_0_pcie4_ip_gt_gtwizard_gtye4_inst/gen_gtwizard_gtye4.gen_cpll_cal_gtye4.gen_cpll_cal_inst[0].gen_inst_cpll_cal.gtwizard_ultrascale_v1_7_20_gtye4_cpll_cal_inst/gtwizard_ultrascale_v1_7_20_gtye4_cpll_cal_tx_i/bufg_gt_txoutclkmon_inst/O  {rise@0.000ns fall@4.000ns period=8.000ns})
  Path Group:             bd_ab_i/bd_xdma/inst/pcie4_ip_i/inst/bd_ab_bd_xdma_0_pcie4_ip_gt_top_i/diablo_gt.diablo_gt_phy_wrapper/gt_wizard.gtwizard_top_i/bd_ab_bd_xdma_0_pcie4_ip_gt_i/inst/gen_gtwizard_gtye4_top.bd_ab_bd_xdma_0_pcie4_ip_gt_gtwizard_gtye4_inst/gen_gtwizard_gtye4.gen_cpll_cal_gtye4.gen_cpll_cal_inst[0].gen_inst_cpll_cal.gtwizard_ultrascale_v1_7_20_gtye4_cpll_cal_inst/gtwizard_ultrascale_v1_7_20_gtye4_cpll_cal_tx_i/bufg_gt_txoutclkmon_inst/O
  Path Type:              Setup (Max at Slow Process Corner)
  Requirement:            8.000ns  (bd_ab_i/bd_xdma/inst/pcie4_ip_i/inst/bd_ab_bd_xdma_0_pcie4_ip_gt_top_i/diablo_gt.diablo_gt_phy_wrapper/gt_wizard.gtwizard_top_i/bd_ab_bd_xdma_0_pcie4_ip_gt_i/inst/gen_gtwizard_gtye4_top.bd_ab_bd_xdma_0_pcie4_ip_gt_gtwizard_gtye4_inst/gen_gtwizard_gtye4.gen_cpll_cal_gtye4.gen_cpll_cal_inst[0].gen_inst_cpll_cal.gtwizard_ultrascale_v1_7_20_gtye4_cpll_cal_inst/gtwizard_ultrascale_v1_7_20_gtye4_cpll_cal_tx_i/bufg_gt_txoutclkmon_inst/O rise@8.000ns - bd_ab_i/bd_xdma/inst/pcie4_ip_i/inst/bd_ab_bd_xdma_0_pcie4_ip_gt_top_i/diablo_gt.diablo_gt_phy_wrapper/gt_wizard.gtwizard_top_i/bd_ab_bd_xdma_0_pcie4_ip_gt_i/inst/gen_gtwizard_gtye4_top.bd_ab_bd_xdma_0_pcie4_ip_gt_gtwizard_gtye4_inst/gen_gtwizard_gtye4.gen_cpll_cal_gtye4.gen_cpll_cal_inst[0].gen_inst_cpll_cal.gtwizard_ultrascale_v1_7_20_gtye4_cpll_cal_inst/gtwizard_ultrascale_v1_7_20_gtye4_cpll_cal_tx_i/bufg_gt_txoutclkmon_inst/O rise@0.000ns)
  Data Path Delay:        1.096ns  (logic 0.229ns (20.885%)  route 0.867ns (79.115%))
  Logic Levels:           1  (LUT5=1)
  Clock Path Skew:        -0.083ns (DCD - SCD + CPR)
    Destination Clock Delay (DCD):    0.479ns = ( 8.479 - 8.000 ) 
    Source Clock Delay      (SCD):    0.568ns
    Clock Pessimism Removal (CPR):    0.006ns
  Clock Uncertainty:      0.046ns  ((TSJ^2 + DJ^2)^1/2) / 2 + PE
    Total System Jitter     (TSJ):    0.071ns
    Discrete Jitter          (DJ):    0.060ns
    Phase Error              (PE):    0.000ns
  Clock Net Delay (Source):      0.568ns (routing 0.002ns, distribution 0.566ns)
  Clock Net Delay (Destination): 0.479ns (routing 0.001ns, distribution 0.478ns)

    Location             Delay type                Incr(ns)  Path(ns)    Netlist Resource(s)
  -------------------------------------------------------------------    -------------------
                         (clock bd_ab_i/bd_xdma/inst/pcie4_ip_i/inst/bd_ab_bd_xdma_0_pcie4_ip_gt_top_i/diablo_gt.diablo_gt_phy_wrapper/gt_wizard.gtwizard_top_i/bd_ab_bd_xdma_0_pcie4_ip_gt_i/inst/gen_gtwizard_gtye4_top.bd_ab_bd_xdma_0_pcie4_ip_gt_gtwizard_gtye4_inst/gen_gtwizard_gtye4.gen_cpll_cal_gtye4.gen_cpll_cal_inst[0].gen_inst_cpll_cal.gtwizard_ultrascale_v1_7_20_gtye4_cpll_cal_inst/gtwizard_ultrascale_v1_7_20_gtye4_cpll_cal_tx_i/bufg_gt_txoutclkmon_inst/O rise edge)
                                                      0.000     0.000 r  
    BUFG_GT_X0Y6         BUFG_GT                      0.000     0.000 r  bd_ab_i/bd_xdma/inst/pcie4_ip_i/inst/bd_ab_bd_xdma_0_pcie4_ip_gt_top_i/diablo_gt.diablo_gt_phy_wrapper/gt_wizard.gtwizard_top_i/bd_ab_bd_xdma_0_pcie4_ip_gt_i/inst/gen_gtwizard_gtye4_top.bd_ab_bd_xdma_0_pcie4_ip_gt_gtwizard_gtye4_inst/gen_gtwizard_gtye4.gen_cpll_cal_gtye4.gen_cpll_cal_inst[0].gen_inst_cpll_cal.gtwizard_ultrascale_v1_7_20_gtye4_cpll_cal_inst/gtwizard_ultrascale_v1_7_20_gtye4_cpll_cal_tx_i/bufg_gt_txoutclkmon_inst/O
    X3Y0 (CLOCK_ROOT)    net (fo=31, routed)          0.568     0.568    bd_ab_i/bd_xdma/inst/pcie4_ip_i/inst/bd_ab_bd_xdma_0_pcie4_ip_gt_top_i/diablo_gt.diablo_gt_phy_wrapper/gt_wizard.gtwizard_top_i/bd_ab_bd_xdma_0_pcie4_ip_gt_i/inst/gen_gtwizard_gtye4_top.bd_ab_bd_xdma_0_pcie4_ip_gt_gtwizard_gtye4_inst/gen_gtwizard_gtye4.gen_cpll_cal_gtye4.gen_cpll_cal_inst[0].gen_inst_cpll_cal.gtwizard_ultrascale_v1_7_20_gtye4_cpll_cal_inst/gtwizard_ultrascale_v1_7_20_gtye4_cpll_cal_tx_i/U_TXOUTCLK_FREQ_COUNTER/txoutclkmon
    SLICE_X112Y7         FDRE                                         r  bd_ab_i/bd_xdma/inst/pcie4_ip_i/inst/bd_ab_bd_xdma_0_pcie4_ip_gt_top_i/diablo_gt.diablo_gt_phy_wrapper/gt_wizard.gtwizard_top_i/bd_ab_bd_xdma_0_pcie4_ip_gt_i/inst/gen_gtwizard_gtye4_top.bd_ab_bd_xdma_0_pcie4_ip_gt_gtwizard_gtye4_inst/gen_gtwizard_gtye4.gen_cpll_cal_gtye4.gen_cpll_cal_inst[0].gen_inst_cpll_cal.gtwizard_ultrascale_v1_7_20_gtye4_cpll_cal_inst/gtwizard_ultrascale_v1_7_20_gtye4_cpll_cal_tx_i/U_TXOUTCLK_FREQ_COUNTER/testclk_div4_reg[1]/C
  -------------------------------------------------------------------    -------------------
    SLICE_X112Y7         FDRE (Prop_EFF2_SLICEM_C_Q)
                                                      0.079     0.647 f  bd_ab_i/bd_xdma/inst/pcie4_ip_i/inst/bd_ab_bd_xdma_0_pcie4_ip_gt_top_i/diablo_gt.diablo_gt_phy_wrapper/gt_wizard.gtwizard_top_i/bd_ab_bd_xdma_0_pcie4_ip_gt_i/inst/gen_gtwizard_gtye4_top.bd_ab_bd_xdma_0_pcie4_ip_gt_gtwizard_gtye4_inst/gen_gtwizard_gtye4.gen_cpll_cal_gtye4.gen_cpll_cal_inst[0].gen_inst_cpll_cal.gtwizard_ultrascale_v1_7_20_gtye4_cpll_cal_inst/gtwizard_ultrascale_v1_7_20_gtye4_cpll_cal_tx_i/U_TXOUTCLK_FREQ_COUNTER/testclk_div4_reg[1]/Q
                         net (fo=2, routed)           0.209     0.856    bd_ab_i/bd_xdma/inst/pcie4_ip_i/inst/bd_ab_bd_xdma_0_pcie4_ip_gt_top_i/diablo_gt.diablo_gt_phy_wrapper/gt_wizard.gtwizard_top_i/bd_ab_bd_xdma_0_pcie4_ip_gt_i/inst/gen_gtwizard_gtye4_top.bd_ab_bd_xdma_0_pcie4_ip_gt_gtwizard_gtye4_inst/gen_gtwizard_gtye4.gen_cpll_cal_gtye4.gen_cpll_cal_inst[0].gen_inst_cpll_cal.gtwizard_ultrascale_v1_7_20_gtye4_cpll_cal_inst/gtwizard_ultrascale_v1_7_20_gtye4_cpll_cal_tx_i/U_TXOUTCLK_FREQ_COUNTER/testclk_div4[1]
    SLICE_X112Y7         LUT5 (Prop_G6LUT_SLICEM_I1_O)
                                                      0.150     1.006 r  bd_ab_i/bd_xdma/inst/pcie4_ip_i/inst/bd_ab_bd_xdma_0_pcie4_ip_gt_top_i/diablo_gt.diablo_gt_phy_wrapper/gt_wizard.gtwizard_top_i/bd_ab_bd_xdma_0_pcie4_ip_gt_i/inst/gen_gtwizard_gtye4_top.bd_ab_bd_xdma_0_pcie4_ip_gt_gtwizard_gtye4_inst/gen_gtwizard_gtye4.gen_cpll_cal_gtye4.gen_cpll_cal_inst[0].gen_inst_cpll_cal.gtwizard_ultrascale_v1_7_20_gtye4_cpll_cal_inst/gtwizard_ultrascale_v1_7_20_gtye4_cpll_cal_tx_i/U_TXOUTCLK_FREQ_COUNTER/testclk_cnt0/O
                         net (fo=18, routed)          0.659     1.665    bd_ab_i/bd_xdma/inst/pcie4_ip_i/inst/bd_ab_bd_xdma_0_pcie4_ip_gt_top_i/diablo_gt.diablo_gt_phy_wrapper/gt_wizard.gtwizard_top_i/bd_ab_bd_xdma_0_pcie4_ip_gt_i/inst/gen_gtwizard_gtye4_top.bd_ab_bd_xdma_0_pcie4_ip_gt_gtwizard_gtye4_inst/gen_gtwizard_gtye4.gen_cpll_cal_gtye4.gen_cpll_cal_inst[0].gen_inst_cpll_cal.gtwizard_ultrascale_v1_7_20_gtye4_cpll_cal_inst/gtwizard_ultrascale_v1_7_20_gtye4_cpll_cal_tx_i/U_TXOUTCLK_FREQ_COUNTER/testclk_cnt0_n_0
    SLICE_X110Y11        FDCE                                         r  bd_ab_i/bd_xdma/inst/pcie4_ip_i/inst/bd_ab_bd_xdma_0_pcie4_ip_gt_top_i/diablo_gt.diablo_gt_phy_wrapper/gt_wizard.gtwizard_top_i/bd_ab_bd_xdma_0_pcie4_ip_gt_i/inst/gen_gtwizard_gtye4_top.bd_ab_bd_xdma_0_pcie4_ip_gt_gtwizard_gtye4_inst/gen_gtwizard_gtye4.gen_cpll_cal_gtye4.gen_cpll_cal_inst[0].gen_inst_cpll_cal.gtwizard_ultrascale_v1_7_20_gtye4_cpll_cal_inst/gtwizard_ultrascale_v1_7_20_gtye4_cpll_cal_tx_i/U_TXOUTCLK_FREQ_COUNTER/testclk_cnt_reg[16]/CE
  -------------------------------------------------------------------    -------------------

                         (clock bd_ab_i/bd_xdma/inst/pcie4_ip_i/inst/bd_ab_bd_xdma_0_pcie4_ip_gt_top_i/diablo_gt.diablo_gt_phy_wrapper/gt_wizard.gtwizard_top_i/bd_ab_bd_xdma_0_pcie4_ip_gt_i/inst/gen_gtwizard_gtye4_top.bd_ab_bd_xdma_0_pcie4_ip_gt_gtwizard_gtye4_inst/gen_gtwizard_gtye4.gen_cpll_cal_gtye4.gen_cpll_cal_inst[0].gen_inst_cpll_cal.gtwizard_ultrascale_v1_7_20_gtye4_cpll_cal_inst/gtwizard_ultrascale_v1_7_20_gtye4_cpll_cal_tx_i/bufg_gt_txoutclkmon_inst/O rise edge)
                                                      8.000     8.000 r  
    BUFG_GT_X0Y6         BUFG_GT                      0.000     8.000 r  bd_ab_i/bd_xdma/inst/pcie4_ip_i/inst/bd_ab_bd_xdma_0_pcie4_ip_gt_top_i/diablo_gt.diablo_gt_phy_wrapper/gt_wizard.gtwizard_top_i/bd_ab_bd_xdma_0_pcie4_ip_gt_i/inst/gen_gtwizard_gtye4_top.bd_ab_bd_xdma_0_pcie4_ip_gt_gtwizard_gtye4_inst/gen_gtwizard_gtye4.gen_cpll_cal_gtye4.gen_cpll_cal_inst[0].gen_inst_cpll_cal.gtwizard_ultrascale_v1_7_20_gtye4_cpll_cal_inst/gtwizard_ultrascale_v1_7_20_gtye4_cpll_cal_tx_i/bufg_gt_txoutclkmon_inst/O
    X3Y0 (CLOCK_ROOT)    net (fo=31, routed)          0.479     8.479    bd_ab_i/bd_xdma/inst/pcie4_ip_i/inst/bd_ab_bd_xdma_0_pcie4_ip_gt_top_i/diablo_gt.diablo_gt_phy_wrapper/gt_wizard.gtwizard_top_i/bd_ab_bd_xdma_0_pcie4_ip_gt_i/inst/gen_gtwizard_gtye4_top.bd_ab_bd_xdma_0_pcie4_ip_gt_gtwizard_gtye4_inst/gen_gtwizard_gtye4.gen_cpll_cal_gtye4.gen_cpll_cal_inst[0].gen_inst_cpll_cal.gtwizard_ultrascale_v1_7_20_gtye4_cpll_cal_inst/gtwizard_ultrascale_v1_7_20_gtye4_cpll_cal_tx_i/U_TXOUTCLK_FREQ_COUNTER/txoutclkmon
    SLICE_X110Y11        FDCE                                         r  bd_ab_i/bd_xdma/inst/pcie4_ip_i/inst/bd_ab_bd_xdma_0_pcie4_ip_gt_top_i/diablo_gt.diablo_gt_phy_wrapper/gt_wizard.gtwizard_top_i/bd_ab_bd_xdma_0_pcie4_ip_gt_i/inst/gen_gtwizard_gtye4_top.bd_ab_bd_xdma_0_pcie4_ip_gt_gtwizard_gtye4_inst/gen_gtwizard_gtye4.gen_cpll_cal_gtye4.gen_cpll_cal_inst[0].gen_inst_cpll_cal.gtwizard_ultrascale_v1_7_20_gtye4_cpll_cal_inst/gtwizard_ultrascale_v1_7_20_gtye4_cpll_cal_tx_i/U_TXOUTCLK_FREQ_COUNTER/testclk_cnt_reg[16]/C
                         clock pessimism              0.006     8.485    
                         clock uncertainty           -0.046     8.439    
    SLICE_X110Y11        FDCE (Setup_AFF_SLICEM_C_CE)
                                                     -0.061     8.378    bd_ab_i/bd_xdma/inst/pcie4_ip_i/inst/bd_ab_bd_xdma_0_pcie4_ip_gt_top_i/diablo_gt.diablo_gt_phy_wrapper/gt_wizard.gtwizard_top_i/bd_ab_bd_xdma_0_pcie4_ip_gt_i/inst/gen_gtwizard_gtye4_top.bd_ab_bd_xdma_0_pcie4_ip_gt_gtwizard_gtye4_inst/gen_gtwizard_gtye4.gen_cpll_cal_gtye4.gen_cpll_cal_inst[0].gen_inst_cpll_cal.gtwizard_ultrascale_v1_7_20_gtye4_cpll_cal_inst/gtwizard_ultrascale_v1_7_20_gtye4_cpll_cal_tx_i/U_TXOUTCLK_FREQ_COUNTER/testclk_cnt_reg[16]
  -------------------------------------------------------------------
                         required time                          8.378    
                         arrival time                          -1.665    
  -------------------------------------------------------------------
                         slack                                  6.713    





Min Delay Paths
--------------------------------------------------------------------------------------
Slack (MET) :             0.052ns  (arrival time - required time)
  Source:                 bd_ab_i/bd_xdma/inst/pcie4_ip_i/inst/bd_ab_bd_xdma_0_pcie4_ip_gt_top_i/diablo_gt.diablo_gt_phy_wrapper/gt_wizard.gtwizard_top_i/bd_ab_bd_xdma_0_pcie4_ip_gt_i/inst/gen_gtwizard_gtye4_top.bd_ab_bd_xdma_0_pcie4_ip_gt_gtwizard_gtye4_inst/gen_gtwizard_gtye4.gen_cpll_cal_gtye4.gen_cpll_cal_inst[0].gen_inst_cpll_cal.gtwizard_ultrascale_v1_7_20_gtye4_cpll_cal_inst/gtwizard_ultrascale_v1_7_20_gtye4_cpll_cal_tx_i/U_TXOUTCLK_FREQ_COUNTER/testclk_div4_reg[0]/C
                            (rising edge-triggered cell FDSE clocked by bd_ab_i/bd_xdma/inst/pcie4_ip_i/inst/bd_ab_bd_xdma_0_pcie4_ip_gt_top_i/diablo_gt.diablo_gt_phy_wrapper/gt_wizard.gtwizard_top_i/bd_ab_bd_xdma_0_pcie4_ip_gt_i/inst/gen_gtwizard_gtye4_top.bd_ab_bd_xdma_0_pcie4_ip_gt_gtwizard_gtye4_inst/gen_gtwizard_gtye4.gen_cpll_cal_gtye4.gen_cpll_cal_inst[0].gen_inst_cpll_cal.gtwizard_ultrascale_v1_7_20_gtye4_cpll_cal_inst/gtwizard_ultrascale_v1_7_20_gtye4_cpll_cal_tx_i/bufg_gt_txoutclkmon_inst/O  {rise@0.000ns fall@4.000ns period=8.000ns})
  Destination:            bd_ab_i/bd_xdma/inst/pcie4_ip_i/inst/bd_ab_bd_xdma_0_pcie4_ip_gt_top_i/diablo_gt.diablo_gt_phy_wrapper/gt_wizard.gtwizard_top_i/bd_ab_bd_xdma_0_pcie4_ip_gt_i/inst/gen_gtwizard_gtye4_top.bd_ab_bd_xdma_0_pcie4_ip_gt_gtwizard_gtye4_inst/gen_gtwizard_gtye4.gen_cpll_cal_gtye4.gen_cpll_cal_inst[0].gen_inst_cpll_cal.gtwizard_ultrascale_v1_7_20_gtye4_cpll_cal_inst/gtwizard_ultrascale_v1_7_20_gtye4_cpll_cal_tx_i/U_TXOUTCLK_FREQ_COUNTER/testclk_div4_reg[1]/D
                            (rising edge-triggered cell FDRE clocked by bd_ab_i/bd_xdma/inst/pcie4_ip_i/inst/bd_ab_bd_xdma_0_pcie4_ip_gt_top_i/diablo_gt.diablo_gt_phy_wrapper/gt_wizard.gtwizard_top_i/bd_ab_bd_xdma_0_pcie4_ip_gt_i/inst/gen_gtwizard_gtye4_top.bd_ab_bd_xdma_0_pcie4_ip_gt_gtwizard_gtye4_inst/gen_gtwizard_gtye4.gen_cpll_cal_gtye4.gen_cpll_cal_inst[0].gen_inst_cpll_cal.gtwizard_ultrascale_v1_7_20_gtye4_cpll_cal_inst/gtwizard_ultrascale_v1_7_20_gtye4_cpll_cal_tx_i/bufg_gt_txoutclkmon_inst/O  {rise@0.000ns fall@4.000ns period=8.000ns})
  Path Group:             bd_ab_i/bd_xdma/inst/pcie4_ip_i/inst/bd_ab_bd_xdma_0_pcie4_ip_gt_top_i/diablo_gt.diablo_gt_phy_wrapper/gt_wizard.gtwizard_top_i/bd_ab_bd_xdma_0_pcie4_ip_gt_i/inst/gen_gtwizard_gtye4_top.bd_ab_bd_xdma_0_pcie4_ip_gt_gtwizard_gtye4_inst/gen_gtwizard_gtye4.gen_cpll_cal_gtye4.gen_cpll_cal_inst[0].gen_inst_cpll_cal.gtwizard_ultrascale_v1_7_20_gtye4_cpll_cal_inst/gtwizard_ultrascale_v1_7_20_gtye4_cpll_cal_tx_i/bufg_gt_txoutclkmon_inst/O
  Path Type:              Hold (Min at Fast Process Corner)
  Requirement:            0.000ns  (bd_ab_i/bd_xdma/inst/pcie4_ip_i/inst/bd_ab_bd_xdma_0_pcie4_ip_gt_top_i/diablo_gt.diablo_gt_phy_wrapper/gt_wizard.gtwizard_top_i/bd_ab_bd_xdma_0_pcie4_ip_gt_i/inst/gen_gtwizard_gtye4_top.bd_ab_bd_xdma_0_pcie4_ip_gt_gtwizard_gtye4_inst/gen_gtwizard_gtye4.gen_cpll_cal_gtye4.gen_cpll_cal_inst[0].gen_inst_cpll_cal.gtwizard_ultrascale_v1_7_20_gtye4_cpll_cal_inst/gtwizard_ultrascale_v1_7_20_gtye4_cpll_cal_tx_i/bufg_gt_txoutclkmon_inst/O rise@0.000ns - bd_ab_i/bd_xdma/inst/pcie4_ip_i/inst/bd_ab_bd_xdma_0_pcie4_ip_gt_top_i/diablo_gt.diablo_gt_phy_wrapper/gt_wizard.gtwizard_top_i/bd_ab_bd_xdma_0_pcie4_ip_gt_i/inst/gen_gtwizard_gtye4_top.bd_ab_bd_xdma_0_pcie4_ip_gt_gtwizard_gtye4_inst/gen_gtwizard_gtye4.gen_cpll_cal_gtye4.gen_cpll_cal_inst[0].gen_inst_cpll_cal.gtwizard_ultrascale_v1_7_20_gtye4_cpll_cal_inst/gtwizard_ultrascale_v1_7_20_gtye4_cpll_cal_tx_i/bufg_gt_txoutclkmon_inst/O rise@0.000ns)
  Data Path Delay:        0.105ns  (logic 0.038ns (36.185%)  route 0.067ns (63.815%))
  Logic Levels:           0  
  Clock Path Skew:        0.006ns (DCD - SCD - CPR)
    Destination Clock Delay (DCD):    0.365ns
    Source Clock Delay      (SCD):    0.318ns
    Clock Pessimism Removal (CPR):    0.042ns
  Clock Net Delay (Source):      0.318ns (routing 0.001ns, distribution 0.317ns)
  Clock Net Delay (Destination): 0.365ns (routing 0.001ns, distribution 0.364ns)

    Location             Delay type                Incr(ns)  Path(ns)    Netlist Resource(s)
  -------------------------------------------------------------------    -------------------
                         (clock bd_ab_i/bd_xdma/inst/pcie4_ip_i/inst/bd_ab_bd_xdma_0_pcie4_ip_gt_top_i/diablo_gt.diablo_gt_phy_wrapper/gt_wizard.gtwizard_top_i/bd_ab_bd_xdma_0_pcie4_ip_gt_i/inst/gen_gtwizard_gtye4_top.bd_ab_bd_xdma_0_pcie4_ip_gt_gtwizard_gtye4_inst/gen_gtwizard_gtye4.gen_cpll_cal_gtye4.gen_cpll_cal_inst[0].gen_inst_cpll_cal.gtwizard_ultrascale_v1_7_20_gtye4_cpll_cal_inst/gtwizard_ultrascale_v1_7_20_gtye4_cpll_cal_tx_i/bufg_gt_txoutclkmon_inst/O rise edge)
                                                      0.000     0.000 r  
    BUFG_GT_X0Y6         BUFG_GT                      0.000     0.000 r  bd_ab_i/bd_xdma/inst/pcie4_ip_i/inst/bd_ab_bd_xdma_0_pcie4_ip_gt_top_i/diablo_gt.diablo_gt_phy_wrapper/gt_wizard.gtwizard_top_i/bd_ab_bd_xdma_0_pcie4_ip_gt_i/inst/gen_gtwizard_gtye4_top.bd_ab_bd_xdma_0_pcie4_ip_gt_gtwizard_gtye4_inst/gen_gtwizard_gtye4.gen_cpll_cal_gtye4.gen_cpll_cal_inst[0].gen_inst_cpll_cal.gtwizard_ultrascale_v1_7_20_gtye4_cpll_cal_inst/gtwizard_ultrascale_v1_7_20_gtye4_cpll_cal_tx_i/bufg_gt_txoutclkmon_inst/O
    X3Y0 (CLOCK_ROOT)    net (fo=31, routed)          0.318     0.318    bd_ab_i/bd_xdma/inst/pcie4_ip_i/inst/bd_ab_bd_xdma_0_pcie4_ip_gt_top_i/diablo_gt.diablo_gt_phy_wrapper/gt_wizard.gtwizard_top_i/bd_ab_bd_xdma_0_pcie4_ip_gt_i/inst/gen_gtwizard_gtye4_top.bd_ab_bd_xdma_0_pcie4_ip_gt_gtwizard_gtye4_inst/gen_gtwizard_gtye4.gen_cpll_cal_gtye4.gen_cpll_cal_inst[0].gen_inst_cpll_cal.gtwizard_ultrascale_v1_7_20_gtye4_cpll_cal_inst/gtwizard_ultrascale_v1_7_20_gtye4_cpll_cal_tx_i/U_TXOUTCLK_FREQ_COUNTER/txoutclkmon
    SLICE_X112Y7         FDSE                                         r  bd_ab_i/bd_xdma/inst/pcie4_ip_i/inst/bd_ab_bd_xdma_0_pcie4_ip_gt_top_i/diablo_gt.diablo_gt_phy_wrapper/gt_wizard.gtwizard_top_i/bd_ab_bd_xdma_0_pcie4_ip_gt_i/inst/gen_gtwizard_gtye4_top.bd_ab_bd_xdma_0_pcie4_ip_gt_gtwizard_gtye4_inst/gen_gtwizard_gtye4.gen_cpll_cal_gtye4.gen_cpll_cal_inst[0].gen_inst_cpll_cal.gtwizard_ultrascale_v1_7_20_gtye4_cpll_cal_inst/gtwizard_ultrascale_v1_7_20_gtye4_cpll_cal_tx_i/U_TXOUTCLK_FREQ_COUNTER/testclk_div4_reg[0]/C
  -------------------------------------------------------------------    -------------------
    SLICE_X112Y7         FDSE (Prop_EFF_SLICEM_C_Q)
                                                      0.038     0.356 r  bd_ab_i/bd_xdma/inst/pcie4_ip_i/inst/bd_ab_bd_xdma_0_pcie4_ip_gt_top_i/diablo_gt.diablo_gt_phy_wrapper/gt_wizard.gtwizard_top_i/bd_ab_bd_xdma_0_pcie4_ip_gt_i/inst/gen_gtwizard_gtye4_top.bd_ab_bd_xdma_0_pcie4_ip_gt_gtwizard_gtye4_inst/gen_gtwizard_gtye4.gen_cpll_cal_gtye4.gen_cpll_cal_inst[0].gen_inst_cpll_cal.gtwizard_ultrascale_v1_7_20_gtye4_cpll_cal_inst/gtwizard_ultrascale_v1_7_20_gtye4_cpll_cal_tx_i/U_TXOUTCLK_FREQ_COUNTER/testclk_div4_reg[0]/Q
                         net (fo=2, routed)           0.067     0.423    bd_ab_i/bd_xdma/inst/pcie4_ip_i/inst/bd_ab_bd_xdma_0_pcie4_ip_gt_top_i/diablo_gt.diablo_gt_phy_wrapper/gt_wizard.gtwizard_top_i/bd_ab_bd_xdma_0_pcie4_ip_gt_i/inst/gen_gtwizard_gtye4_top.bd_ab_bd_xdma_0_pcie4_ip_gt_gtwizard_gtye4_inst/gen_gtwizard_gtye4.gen_cpll_cal_gtye4.gen_cpll_cal_inst[0].gen_inst_cpll_cal.gtwizard_ultrascale_v1_7_20_gtye4_cpll_cal_inst/gtwizard_ultrascale_v1_7_20_gtye4_cpll_cal_tx_i/U_TXOUTCLK_FREQ_COUNTER/testclk_div4[0]
    SLICE_X112Y7         FDRE                                         r  bd_ab_i/bd_xdma/inst/pcie4_ip_i/inst/bd_ab_bd_xdma_0_pcie4_ip_gt_top_i/diablo_gt.diablo_gt_phy_wrapper/gt_wizard.gtwizard_top_i/bd_ab_bd_xdma_0_pcie4_ip_gt_i/inst/gen_gtwizard_gtye4_top.bd_ab_bd_xdma_0_pcie4_ip_gt_gtwizard_gtye4_inst/gen_gtwizard_gtye4.gen_cpll_cal_gtye4.gen_cpll_cal_inst[0].gen_inst_cpll_cal.gtwizard_ultrascale_v1_7_20_gtye4_cpll_cal_inst/gtwizard_ultrascale_v1_7_20_gtye4_cpll_cal_tx_i/U_TXOUTCLK_FREQ_COUNTER/testclk_div4_reg[1]/D
  -------------------------------------------------------------------    -------------------

                         (clock bd_ab_i/bd_xdma/inst/pcie4_ip_i/inst/bd_ab_bd_xdma_0_pcie4_ip_gt_top_i/diablo_gt.diablo_gt_phy_wrapper/gt_wizard.gtwizard_top_i/bd_ab_bd_xdma_0_pcie4_ip_gt_i/inst/gen_gtwizard_gtye4_top.bd_ab_bd_xdma_0_pcie4_ip_gt_gtwizard_gtye4_inst/gen_gtwizard_gtye4.gen_cpll_cal_gtye4.gen_cpll_cal_inst[0].gen_inst_cpll_cal.gtwizard_ultrascale_v1_7_20_gtye4_cpll_cal_inst/gtwizard_ultrascale_v1_7_20_gtye4_cpll_cal_tx_i/bufg_gt_txoutclkmon_inst/O rise edge)
                                                      0.000     0.000 r  
    BUFG_GT_X0Y6         BUFG_GT                      0.000     0.000 r  bd_ab_i/bd_xdma/inst/pcie4_ip_i/inst/bd_ab_bd_xdma_0_pcie4_ip_gt_top_i/diablo_gt.diablo_gt_phy_wrapper/gt_wizard.gtwizard_top_i/bd_ab_bd_xdma_0_pcie4_ip_gt_i/inst/gen_gtwizard_gtye4_top.bd_ab_bd_xdma_0_pcie4_ip_gt_gtwizard_gtye4_inst/gen_gtwizard_gtye4.gen_cpll_cal_gtye4.gen_cpll_cal_inst[0].gen_inst_cpll_cal.gtwizard_ultrascale_v1_7_20_gtye4_cpll_cal_inst/gtwizard_ultrascale_v1_7_20_gtye4_cpll_cal_tx_i/bufg_gt_txoutclkmon_inst/O
    X3Y0 (CLOCK_ROOT)    net (fo=31, routed)          0.365     0.365    bd_ab_i/bd_xdma/inst/pcie4_ip_i/inst/bd_ab_bd_xdma_0_pcie4_ip_gt_top_i/diablo_gt.diablo_gt_phy_wrapper/gt_wizard.gtwizard_top_i/bd_ab_bd_xdma_0_pcie4_ip_gt_i/inst/gen_gtwizard_gtye4_top.bd_ab_bd_xdma_0_pcie4_ip_gt_gtwizard_gtye4_inst/gen_gtwizard_gtye4.gen_cpll_cal_gtye4.gen_cpll_cal_inst[0].gen_inst_cpll_cal.gtwizard_ultrascale_v1_7_20_gtye4_cpll_cal_inst/gtwizard_ultrascale_v1_7_20_gtye4_cpll_cal_tx_i/U_TXOUTCLK_FREQ_COUNTER/txoutclkmon
    SLICE_X112Y7         FDRE                                         r  bd_ab_i/bd_xdma/inst/pcie4_ip_i/inst/bd_ab_bd_xdma_0_pcie4_ip_gt_top_i/diablo_gt.diablo_gt_phy_wrapper/gt_wizard.gtwizard_top_i/bd_ab_bd_xdma_0_pcie4_ip_gt_i/inst/gen_gtwizard_gtye4_top.bd_ab_bd_xdma_0_pcie4_ip_gt_gtwizard_gtye4_inst/gen_gtwizard_gtye4.gen_cpll_cal_gtye4.gen_cpll_cal_inst[0].gen_inst_cpll_cal.gtwizard_ultrascale_v1_7_20_gtye4_cpll_cal_inst/gtwizard_ultrascale_v1_7_20_gtye4_cpll_cal_tx_i/U_TXOUTCLK_FREQ_COUNTER/testclk_div4_reg[1]/C
                         clock pessimism             -0.042     0.324    
    SLICE_X112Y7         FDRE (Hold_EFF2_SLICEM_C_D)
                                                      0.047     0.371    bd_ab_i/bd_xdma/inst/pcie4_ip_i/inst/bd_ab_bd_xdma_0_pcie4_ip_gt_top_i/diablo_gt.diablo_gt_phy_wrapper/gt_wizard.gtwizard_top_i/bd_ab_bd_xdma_0_pcie4_ip_gt_i/inst/gen_gtwizard_gtye4_top.bd_ab_bd_xdma_0_pcie4_ip_gt_gtwizard_gtye4_inst/gen_gtwizard_gtye4.gen_cpll_cal_gtye4.gen_cpll_cal_inst[0].gen_inst_cpll_cal.gtwizard_ultrascale_v1_7_20_gtye4_cpll_cal_inst/gtwizard_ultrascale_v1_7_20_gtye4_cpll_cal_tx_i/U_TXOUTCLK_FREQ_COUNTER/testclk_div4_reg[1]
  -------------------------------------------------------------------
                         required time                         -0.371    
                         arrival time                           0.423    
  -------------------------------------------------------------------
                         slack                                  0.052    





Pulse Width Checks
--------------------------------------------------------------------------------------
Clock Name:         bd_ab_i/bd_xdma/inst/pcie4_ip_i/inst/bd_ab_bd_xdma_0_pcie4_ip_gt_top_i/diablo_gt.diablo_gt_phy_wrapper/gt_wizard.gtwizard_top_i/bd_ab_bd_xdma_0_pcie4_ip_gt_i/inst/gen_gtwizard_gtye4_top.bd_ab_bd_xdma_0_pcie4_ip_gt_gtwizard_gtye4_inst/gen_gtwizard_gtye4.gen_cpll_cal_gtye4.gen_cpll_cal_inst[0].gen_inst_cpll_cal.gtwizard_ultrascale_v1_7_20_gtye4_cpll_cal_inst/gtwizard_ultrascale_v1_7_20_gtye4_cpll_cal_tx_i/bufg_gt_txoutclkmon_inst/O
Waveform(ns):       { 0.000 4.000 }
Period(ns):         8.000
Sources:            { bd_ab_i/bd_xdma/inst/pcie4_ip_i/inst/bd_ab_bd_xdma_0_pcie4_ip_gt_top_i/diablo_gt.diablo_gt_phy_wrapper/gt_wizard.gtwizard_top_i/bd_ab_bd_xdma_0_pcie4_ip_gt_i/inst/gen_gtwizard_gtye4_top.bd_ab_bd_xdma_0_pcie4_ip_gt_gtwizard_gtye4_inst/gen_gtwizard_gtye4.gen_cpll_cal_gtye4.gen_cpll_cal_inst[0].gen_inst_cpll_cal.gtwizard_ultrascale_v1_7_20_gtye4_cpll_cal_inst/gtwizard_ultrascale_v1_7_20_gtye4_cpll_cal_tx_i/bufg_gt_txoutclkmon_inst/O }

Check Type        Corner  Lib Pin  Reference Pin  Required(ns)  Actual(ns)  Slack(ns)  Location      Pin
Min Period        n/a     FDCE/C   n/a            0.550         8.000       7.450      SLICE_X110Y9  bd_ab_i/bd_xdma/inst/pcie4_ip_i/inst/bd_ab_bd_xdma_0_pcie4_ip_gt_top_i/diablo_gt.diablo_gt_phy_wrapper/gt_wizard.gtwizard_top_i/bd_ab_bd_xdma_0_pcie4_ip_gt_i/inst/gen_gtwizard_gtye4_top.bd_ab_bd_xdma_0_pcie4_ip_gt_gtwizard_gtye4_inst/gen_gtwizard_gtye4.gen_cpll_cal_gtye4.gen_cpll_cal_inst[0].gen_inst_cpll_cal.gtwizard_ultrascale_v1_7_20_gtye4_cpll_cal_inst/gtwizard_ultrascale_v1_7_20_gtye4_cpll_cal_tx_i/U_TXOUTCLK_FREQ_COUNTER/testclk_cnt_reg[0]/C
Low Pulse Width   Slow    FDCE/C   n/a            0.275         4.000       3.725      SLICE_X110Y9  bd_ab_i/bd_xdma/inst/pcie4_ip_i/inst/bd_ab_bd_xdma_0_pcie4_ip_gt_top_i/diablo_gt.diablo_gt_phy_wrapper/gt_wizard.gtwizard_top_i/bd_ab_bd_xdma_0_pcie4_ip_gt_i/inst/gen_gtwizard_gtye4_top.bd_ab_bd_xdma_0_pcie4_ip_gt_gtwizard_gtye4_inst/gen_gtwizard_gtye4.gen_cpll_cal_gtye4.gen_cpll_cal_inst[0].gen_inst_cpll_cal.gtwizard_ultrascale_v1_7_20_gtye4_cpll_cal_inst/gtwizard_ultrascale_v1_7_20_gtye4_cpll_cal_tx_i/U_TXOUTCLK_FREQ_COUNTER/testclk_cnt_reg[0]/C
High Pulse Width  Slow    FDCE/C   n/a            0.275         4.000       3.725      SLICE_X110Y9  bd_ab_i/bd_xdma/inst/pcie4_ip_i/inst/bd_ab_bd_xdma_0_pcie4_ip_gt_top_i/diablo_gt.diablo_gt_phy_wrapper/gt_wizard.gtwizard_top_i/bd_ab_bd_xdma_0_pcie4_ip_gt_i/inst/gen_gtwizard_gtye4_top.bd_ab_bd_xdma_0_pcie4_ip_gt_gtwizard_gtye4_inst/gen_gtwizard_gtye4.gen_cpll_cal_gtye4.gen_cpll_cal_inst[0].gen_inst_cpll_cal.gtwizard_ultrascale_v1_7_20_gtye4_cpll_cal_inst/gtwizard_ultrascale_v1_7_20_gtye4_cpll_cal_tx_i/U_TXOUTCLK_FREQ_COUNTER/testclk_cnt_reg[0]/C



---------------------------------------------------------------------------------------------------
From Clock:  bd_ab_i/bd_xdma/inst/pcie4_ip_i/inst/bd_ab_bd_xdma_0_pcie4_ip_gt_top_i/diablo_gt.diablo_gt_phy_wrapper/gt_wizard.gtwizard_top_i/bd_ab_bd_xdma_0_pcie4_ip_gt_i/inst/gen_gtwizard_gtye4_top.bd_ab_bd_xdma_0_pcie4_ip_gt_gtwizard_gtye4_inst/gen_gtwizard_gtye4.gen_cpll_cal_gtye4.gen_cpll_cal_inst[1].gen_inst_cpll_cal.gtwizard_ultrascale_v1_7_20_gtye4_cpll_cal_inst/gtwizard_ultrascale_v1_7_20_gtye4_cpll_cal_tx_i/bufg_gt_txoutclkmon_inst/O
  To Clock:  bd_ab_i/bd_xdma/inst/pcie4_ip_i/inst/bd_ab_bd_xdma_0_pcie4_ip_gt_top_i/diablo_gt.diablo_gt_phy_wrapper/gt_wizard.gtwizard_top_i/bd_ab_bd_xdma_0_pcie4_ip_gt_i/inst/gen_gtwizard_gtye4_top.bd_ab_bd_xdma_0_pcie4_ip_gt_gtwizard_gtye4_inst/gen_gtwizard_gtye4.gen_cpll_cal_gtye4.gen_cpll_cal_inst[1].gen_inst_cpll_cal.gtwizard_ultrascale_v1_7_20_gtye4_cpll_cal_inst/gtwizard_ultrascale_v1_7_20_gtye4_cpll_cal_tx_i/bufg_gt_txoutclkmon_inst/O

Setup :            0  Failing Endpoints,  Worst Slack        7.029ns,  Total Violation        0.000ns
Hold  :            0  Failing Endpoints,  Worst Slack        0.052ns,  Total Violation        0.000ns
PW    :            0  Failing Endpoints,  Worst Slack        3.725ns,  Total Violation        0.000ns
---------------------------------------------------------------------------------------------------


Max Delay Paths
--------------------------------------------------------------------------------------
Slack (MET) :             7.029ns  (required time - arrival time)
  Source:                 bd_ab_i/bd_xdma/inst/pcie4_ip_i/inst/bd_ab_bd_xdma_0_pcie4_ip_gt_top_i/diablo_gt.diablo_gt_phy_wrapper/gt_wizard.gtwizard_top_i/bd_ab_bd_xdma_0_pcie4_ip_gt_i/inst/gen_gtwizard_gtye4_top.bd_ab_bd_xdma_0_pcie4_ip_gt_gtwizard_gtye4_inst/gen_gtwizard_gtye4.gen_cpll_cal_gtye4.gen_cpll_cal_inst[1].gen_inst_cpll_cal.gtwizard_ultrascale_v1_7_20_gtye4_cpll_cal_inst/gtwizard_ultrascale_v1_7_20_gtye4_cpll_cal_tx_i/U_TXOUTCLK_FREQ_COUNTER/testclk_div4_reg[2]/C
                            (rising edge-triggered cell FDRE clocked by bd_ab_i/bd_xdma/inst/pcie4_ip_i/inst/bd_ab_bd_xdma_0_pcie4_ip_gt_top_i/diablo_gt.diablo_gt_phy_wrapper/gt_wizard.gtwizard_top_i/bd_ab_bd_xdma_0_pcie4_ip_gt_i/inst/gen_gtwizard_gtye4_top.bd_ab_bd_xdma_0_pcie4_ip_gt_gtwizard_gtye4_inst/gen_gtwizard_gtye4.gen_cpll_cal_gtye4.gen_cpll_cal_inst[1].gen_inst_cpll_cal.gtwizard_ultrascale_v1_7_20_gtye4_cpll_cal_inst/gtwizard_ultrascale_v1_7_20_gtye4_cpll_cal_tx_i/bufg_gt_txoutclkmon_inst/O  {rise@0.000ns fall@4.000ns period=8.000ns})
  Destination:            bd_ab_i/bd_xdma/inst/pcie4_ip_i/inst/bd_ab_bd_xdma_0_pcie4_ip_gt_top_i/diablo_gt.diablo_gt_phy_wrapper/gt_wizard.gtwizard_top_i/bd_ab_bd_xdma_0_pcie4_ip_gt_i/inst/gen_gtwizard_gtye4_top.bd_ab_bd_xdma_0_pcie4_ip_gt_gtwizard_gtye4_inst/gen_gtwizard_gtye4.gen_cpll_cal_gtye4.gen_cpll_cal_inst[1].gen_inst_cpll_cal.gtwizard_ultrascale_v1_7_20_gtye4_cpll_cal_inst/gtwizard_ultrascale_v1_7_20_gtye4_cpll_cal_tx_i/U_TXOUTCLK_FREQ_COUNTER/testclk_cnt_reg[4]/CE
                            (rising edge-triggered cell FDCE clocked by bd_ab_i/bd_xdma/inst/pcie4_ip_i/inst/bd_ab_bd_xdma_0_pcie4_ip_gt_top_i/diablo_gt.diablo_gt_phy_wrapper/gt_wizard.gtwizard_top_i/bd_ab_bd_xdma_0_pcie4_ip_gt_i/inst/gen_gtwizard_gtye4_top.bd_ab_bd_xdma_0_pcie4_ip_gt_gtwizard_gtye4_inst/gen_gtwizard_gtye4.gen_cpll_cal_gtye4.gen_cpll_cal_inst[1].gen_inst_cpll_cal.gtwizard_ultrascale_v1_7_20_gtye4_cpll_cal_inst/gtwizard_ultrascale_v1_7_20_gtye4_cpll_cal_tx_i/bufg_gt_txoutclkmon_inst/O  {rise@0.000ns fall@4.000ns period=8.000ns})
  Path Group:             bd_ab_i/bd_xdma/inst/pcie4_ip_i/inst/bd_ab_bd_xdma_0_pcie4_ip_gt_top_i/diablo_gt.diablo_gt_phy_wrapper/gt_wizard.gtwizard_top_i/bd_ab_bd_xdma_0_pcie4_ip_gt_i/inst/gen_gtwizard_gtye4_top.bd_ab_bd_xdma_0_pcie4_ip_gt_gtwizard_gtye4_inst/gen_gtwizard_gtye4.gen_cpll_cal_gtye4.gen_cpll_cal_inst[1].gen_inst_cpll_cal.gtwizard_ultrascale_v1_7_20_gtye4_cpll_cal_inst/gtwizard_ultrascale_v1_7_20_gtye4_cpll_cal_tx_i/bufg_gt_txoutclkmon_inst/O
  Path Type:              Setup (Max at Slow Process Corner)
  Requirement:            8.000ns  (bd_ab_i/bd_xdma/inst/pcie4_ip_i/inst/bd_ab_bd_xdma_0_pcie4_ip_gt_top_i/diablo_gt.diablo_gt_phy_wrapper/gt_wizard.gtwizard_top_i/bd_ab_bd_xdma_0_pcie4_ip_gt_i/inst/gen_gtwizard_gtye4_top.bd_ab_bd_xdma_0_pcie4_ip_gt_gtwizard_gtye4_inst/gen_gtwizard_gtye4.gen_cpll_cal_gtye4.gen_cpll_cal_inst[1].gen_inst_cpll_cal.gtwizard_ultrascale_v1_7_20_gtye4_cpll_cal_inst/gtwizard_ultrascale_v1_7_20_gtye4_cpll_cal_tx_i/bufg_gt_txoutclkmon_inst/O rise@8.000ns - bd_ab_i/bd_xdma/inst/pcie4_ip_i/inst/bd_ab_bd_xdma_0_pcie4_ip_gt_top_i/diablo_gt.diablo_gt_phy_wrapper/gt_wizard.gtwizard_top_i/bd_ab_bd_xdma_0_pcie4_ip_gt_i/inst/gen_gtwizard_gtye4_top.bd_ab_bd_xdma_0_pcie4_ip_gt_gtwizard_gtye4_inst/gen_gtwizard_gtye4.gen_cpll_cal_gtye4.gen_cpll_cal_inst[1].gen_inst_cpll_cal.gtwizard_ultrascale_v1_7_20_gtye4_cpll_cal_inst/gtwizard_ultrascale_v1_7_20_gtye4_cpll_cal_tx_i/bufg_gt_txoutclkmon_inst/O rise@0.000ns)
  Data Path Delay:        0.800ns  (logic 0.231ns (28.861%)  route 0.569ns (71.139%))
  Logic Levels:           1  (LUT5=1)
  Clock Path Skew:        -0.064ns (DCD - SCD + CPR)
    Destination Clock Delay (DCD):    0.490ns = ( 8.490 - 8.000 ) 
    Source Clock Delay      (SCD):    0.556ns
    Clock Pessimism Removal (CPR):    0.003ns
  Clock Uncertainty:      0.046ns  ((TSJ^2 + DJ^2)^1/2) / 2 + PE
    Total System Jitter     (TSJ):    0.071ns
    Discrete Jitter          (DJ):    0.060ns
    Phase Error              (PE):    0.000ns
  Clock Net Delay (Source):      0.556ns (routing 0.002ns, distribution 0.554ns)
  Clock Net Delay (Destination): 0.490ns (routing 0.001ns, distribution 0.489ns)

    Location             Delay type                Incr(ns)  Path(ns)    Netlist Resource(s)
  -------------------------------------------------------------------    -------------------
                         (clock bd_ab_i/bd_xdma/inst/pcie4_ip_i/inst/bd_ab_bd_xdma_0_pcie4_ip_gt_top_i/diablo_gt.diablo_gt_phy_wrapper/gt_wizard.gtwizard_top_i/bd_ab_bd_xdma_0_pcie4_ip_gt_i/inst/gen_gtwizard_gtye4_top.bd_ab_bd_xdma_0_pcie4_ip_gt_gtwizard_gtye4_inst/gen_gtwizard_gtye4.gen_cpll_cal_gtye4.gen_cpll_cal_inst[1].gen_inst_cpll_cal.gtwizard_ultrascale_v1_7_20_gtye4_cpll_cal_inst/gtwizard_ultrascale_v1_7_20_gtye4_cpll_cal_tx_i/bufg_gt_txoutclkmon_inst/O rise edge)
                                                      0.000     0.000 r  
    BUFG_GT_X0Y17        BUFG_GT                      0.000     0.000 r  bd_ab_i/bd_xdma/inst/pcie4_ip_i/inst/bd_ab_bd_xdma_0_pcie4_ip_gt_top_i/diablo_gt.diablo_gt_phy_wrapper/gt_wizard.gtwizard_top_i/bd_ab_bd_xdma_0_pcie4_ip_gt_i/inst/gen_gtwizard_gtye4_top.bd_ab_bd_xdma_0_pcie4_ip_gt_gtwizard_gtye4_inst/gen_gtwizard_gtye4.gen_cpll_cal_gtye4.gen_cpll_cal_inst[1].gen_inst_cpll_cal.gtwizard_ultrascale_v1_7_20_gtye4_cpll_cal_inst/gtwizard_ultrascale_v1_7_20_gtye4_cpll_cal_tx_i/bufg_gt_txoutclkmon_inst/O
    X3Y0 (CLOCK_ROOT)    net (fo=31, routed)          0.556     0.556    bd_ab_i/bd_xdma/inst/pcie4_ip_i/inst/bd_ab_bd_xdma_0_pcie4_ip_gt_top_i/diablo_gt.diablo_gt_phy_wrapper/gt_wizard.gtwizard_top_i/bd_ab_bd_xdma_0_pcie4_ip_gt_i/inst/gen_gtwizard_gtye4_top.bd_ab_bd_xdma_0_pcie4_ip_gt_gtwizard_gtye4_inst/gen_gtwizard_gtye4.gen_cpll_cal_gtye4.gen_cpll_cal_inst[1].gen_inst_cpll_cal.gtwizard_ultrascale_v1_7_20_gtye4_cpll_cal_inst/gtwizard_ultrascale_v1_7_20_gtye4_cpll_cal_tx_i/U_TXOUTCLK_FREQ_COUNTER/txoutclkmon
    SLICE_X111Y54        FDRE                                         r  bd_ab_i/bd_xdma/inst/pcie4_ip_i/inst/bd_ab_bd_xdma_0_pcie4_ip_gt_top_i/diablo_gt.diablo_gt_phy_wrapper/gt_wizard.gtwizard_top_i/bd_ab_bd_xdma_0_pcie4_ip_gt_i/inst/gen_gtwizard_gtye4_top.bd_ab_bd_xdma_0_pcie4_ip_gt_gtwizard_gtye4_inst/gen_gtwizard_gtye4.gen_cpll_cal_gtye4.gen_cpll_cal_inst[1].gen_inst_cpll_cal.gtwizard_ultrascale_v1_7_20_gtye4_cpll_cal_inst/gtwizard_ultrascale_v1_7_20_gtye4_cpll_cal_tx_i/U_TXOUTCLK_FREQ_COUNTER/testclk_div4_reg[2]/C
  -------------------------------------------------------------------    -------------------
    SLICE_X111Y54        FDRE (Prop_EFF2_SLICEL_C_Q)
                                                      0.081     0.637 f  bd_ab_i/bd_xdma/inst/pcie4_ip_i/inst/bd_ab_bd_xdma_0_pcie4_ip_gt_top_i/diablo_gt.diablo_gt_phy_wrapper/gt_wizard.gtwizard_top_i/bd_ab_bd_xdma_0_pcie4_ip_gt_i/inst/gen_gtwizard_gtye4_top.bd_ab_bd_xdma_0_pcie4_ip_gt_gtwizard_gtye4_inst/gen_gtwizard_gtye4.gen_cpll_cal_gtye4.gen_cpll_cal_inst[1].gen_inst_cpll_cal.gtwizard_ultrascale_v1_7_20_gtye4_cpll_cal_inst/gtwizard_ultrascale_v1_7_20_gtye4_cpll_cal_tx_i/U_TXOUTCLK_FREQ_COUNTER/testclk_div4_reg[2]/Q
                         net (fo=2, routed)           0.172     0.809    bd_ab_i/bd_xdma/inst/pcie4_ip_i/inst/bd_ab_bd_xdma_0_pcie4_ip_gt_top_i/diablo_gt.diablo_gt_phy_wrapper/gt_wizard.gtwizard_top_i/bd_ab_bd_xdma_0_pcie4_ip_gt_i/inst/gen_gtwizard_gtye4_top.bd_ab_bd_xdma_0_pcie4_ip_gt_gtwizard_gtye4_inst/gen_gtwizard_gtye4.gen_cpll_cal_gtye4.gen_cpll_cal_inst[1].gen_inst_cpll_cal.gtwizard_ultrascale_v1_7_20_gtye4_cpll_cal_inst/gtwizard_ultrascale_v1_7_20_gtye4_cpll_cal_tx_i/U_TXOUTCLK_FREQ_COUNTER/testclk_div4[2]
    SLICE_X110Y54        LUT5 (Prop_G6LUT_SLICEM_I3_O)
                                                      0.150     0.959 r  bd_ab_i/bd_xdma/inst/pcie4_ip_i/inst/bd_ab_bd_xdma_0_pcie4_ip_gt_top_i/diablo_gt.diablo_gt_phy_wrapper/gt_wizard.gtwizard_top_i/bd_ab_bd_xdma_0_pcie4_ip_gt_i/inst/gen_gtwizard_gtye4_top.bd_ab_bd_xdma_0_pcie4_ip_gt_gtwizard_gtye4_inst/gen_gtwizard_gtye4.gen_cpll_cal_gtye4.gen_cpll_cal_inst[1].gen_inst_cpll_cal.gtwizard_ultrascale_v1_7_20_gtye4_cpll_cal_inst/gtwizard_ultrascale_v1_7_20_gtye4_cpll_cal_tx_i/U_TXOUTCLK_FREQ_COUNTER/testclk_cnt0__0/O
                         net (fo=18, routed)          0.398     1.356    bd_ab_i/bd_xdma/inst/pcie4_ip_i/inst/bd_ab_bd_xdma_0_pcie4_ip_gt_top_i/diablo_gt.diablo_gt_phy_wrapper/gt_wizard.gtwizard_top_i/bd_ab_bd_xdma_0_pcie4_ip_gt_i/inst/gen_gtwizard_gtye4_top.bd_ab_bd_xdma_0_pcie4_ip_gt_gtwizard_gtye4_inst/gen_gtwizard_gtye4.gen_cpll_cal_gtye4.gen_cpll_cal_inst[1].gen_inst_cpll_cal.gtwizard_ultrascale_v1_7_20_gtye4_cpll_cal_inst/gtwizard_ultrascale_v1_7_20_gtye4_cpll_cal_tx_i/U_TXOUTCLK_FREQ_COUNTER/testclk_cnt0__0_n_0
    SLICE_X109Y51        FDCE                                         r  bd_ab_i/bd_xdma/inst/pcie4_ip_i/inst/bd_ab_bd_xdma_0_pcie4_ip_gt_top_i/diablo_gt.diablo_gt_phy_wrapper/gt_wizard.gtwizard_top_i/bd_ab_bd_xdma_0_pcie4_ip_gt_i/inst/gen_gtwizard_gtye4_top.bd_ab_bd_xdma_0_pcie4_ip_gt_gtwizard_gtye4_inst/gen_gtwizard_gtye4.gen_cpll_cal_gtye4.gen_cpll_cal_inst[1].gen_inst_cpll_cal.gtwizard_ultrascale_v1_7_20_gtye4_cpll_cal_inst/gtwizard_ultrascale_v1_7_20_gtye4_cpll_cal_tx_i/U_TXOUTCLK_FREQ_COUNTER/testclk_cnt_reg[4]/CE
  -------------------------------------------------------------------    -------------------

                         (clock bd_ab_i/bd_xdma/inst/pcie4_ip_i/inst/bd_ab_bd_xdma_0_pcie4_ip_gt_top_i/diablo_gt.diablo_gt_phy_wrapper/gt_wizard.gtwizard_top_i/bd_ab_bd_xdma_0_pcie4_ip_gt_i/inst/gen_gtwizard_gtye4_top.bd_ab_bd_xdma_0_pcie4_ip_gt_gtwizard_gtye4_inst/gen_gtwizard_gtye4.gen_cpll_cal_gtye4.gen_cpll_cal_inst[1].gen_inst_cpll_cal.gtwizard_ultrascale_v1_7_20_gtye4_cpll_cal_inst/gtwizard_ultrascale_v1_7_20_gtye4_cpll_cal_tx_i/bufg_gt_txoutclkmon_inst/O rise edge)
                                                      8.000     8.000 r  
    BUFG_GT_X0Y17        BUFG_GT                      0.000     8.000 r  bd_ab_i/bd_xdma/inst/pcie4_ip_i/inst/bd_ab_bd_xdma_0_pcie4_ip_gt_top_i/diablo_gt.diablo_gt_phy_wrapper/gt_wizard.gtwizard_top_i/bd_ab_bd_xdma_0_pcie4_ip_gt_i/inst/gen_gtwizard_gtye4_top.bd_ab_bd_xdma_0_pcie4_ip_gt_gtwizard_gtye4_inst/gen_gtwizard_gtye4.gen_cpll_cal_gtye4.gen_cpll_cal_inst[1].gen_inst_cpll_cal.gtwizard_ultrascale_v1_7_20_gtye4_cpll_cal_inst/gtwizard_ultrascale_v1_7_20_gtye4_cpll_cal_tx_i/bufg_gt_txoutclkmon_inst/O
    X3Y0 (CLOCK_ROOT)    net (fo=31, routed)          0.490     8.490    bd_ab_i/bd_xdma/inst/pcie4_ip_i/inst/bd_ab_bd_xdma_0_pcie4_ip_gt_top_i/diablo_gt.diablo_gt_phy_wrapper/gt_wizard.gtwizard_top_i/bd_ab_bd_xdma_0_pcie4_ip_gt_i/inst/gen_gtwizard_gtye4_top.bd_ab_bd_xdma_0_pcie4_ip_gt_gtwizard_gtye4_inst/gen_gtwizard_gtye4.gen_cpll_cal_gtye4.gen_cpll_cal_inst[1].gen_inst_cpll_cal.gtwizard_ultrascale_v1_7_20_gtye4_cpll_cal_inst/gtwizard_ultrascale_v1_7_20_gtye4_cpll_cal_tx_i/U_TXOUTCLK_FREQ_COUNTER/txoutclkmon
    SLICE_X109Y51        FDCE                                         r  bd_ab_i/bd_xdma/inst/pcie4_ip_i/inst/bd_ab_bd_xdma_0_pcie4_ip_gt_top_i/diablo_gt.diablo_gt_phy_wrapper/gt_wizard.gtwizard_top_i/bd_ab_bd_xdma_0_pcie4_ip_gt_i/inst/gen_gtwizard_gtye4_top.bd_ab_bd_xdma_0_pcie4_ip_gt_gtwizard_gtye4_inst/gen_gtwizard_gtye4.gen_cpll_cal_gtye4.gen_cpll_cal_inst[1].gen_inst_cpll_cal.gtwizard_ultrascale_v1_7_20_gtye4_cpll_cal_inst/gtwizard_ultrascale_v1_7_20_gtye4_cpll_cal_tx_i/U_TXOUTCLK_FREQ_COUNTER/testclk_cnt_reg[4]/C
                         clock pessimism              0.003     8.492    
                         clock uncertainty           -0.046     8.446    
    SLICE_X109Y51        FDCE (Setup_EFF_SLICEM_C_CE)
                                                     -0.061     8.385    bd_ab_i/bd_xdma/inst/pcie4_ip_i/inst/bd_ab_bd_xdma_0_pcie4_ip_gt_top_i/diablo_gt.diablo_gt_phy_wrapper/gt_wizard.gtwizard_top_i/bd_ab_bd_xdma_0_pcie4_ip_gt_i/inst/gen_gtwizard_gtye4_top.bd_ab_bd_xdma_0_pcie4_ip_gt_gtwizard_gtye4_inst/gen_gtwizard_gtye4.gen_cpll_cal_gtye4.gen_cpll_cal_inst[1].gen_inst_cpll_cal.gtwizard_ultrascale_v1_7_20_gtye4_cpll_cal_inst/gtwizard_ultrascale_v1_7_20_gtye4_cpll_cal_tx_i/U_TXOUTCLK_FREQ_COUNTER/testclk_cnt_reg[4]
  -------------------------------------------------------------------
                         required time                          8.385    
                         arrival time                          -1.356    
  -------------------------------------------------------------------
                         slack                                  7.029    





Min Delay Paths
--------------------------------------------------------------------------------------
Slack (MET) :             0.052ns  (arrival time - required time)
  Source:                 bd_ab_i/bd_xdma/inst/pcie4_ip_i/inst/bd_ab_bd_xdma_0_pcie4_ip_gt_top_i/diablo_gt.diablo_gt_phy_wrapper/gt_wizard.gtwizard_top_i/bd_ab_bd_xdma_0_pcie4_ip_gt_i/inst/gen_gtwizard_gtye4_top.bd_ab_bd_xdma_0_pcie4_ip_gt_gtwizard_gtye4_inst/gen_gtwizard_gtye4.gen_cpll_cal_gtye4.gen_cpll_cal_inst[1].gen_inst_cpll_cal.gtwizard_ultrascale_v1_7_20_gtye4_cpll_cal_inst/gtwizard_ultrascale_v1_7_20_gtye4_cpll_cal_tx_i/U_TXOUTCLK_FREQ_COUNTER/testclk_div4_reg[2]/C
                            (rising edge-triggered cell FDRE clocked by bd_ab_i/bd_xdma/inst/pcie4_ip_i/inst/bd_ab_bd_xdma_0_pcie4_ip_gt_top_i/diablo_gt.diablo_gt_phy_wrapper/gt_wizard.gtwizard_top_i/bd_ab_bd_xdma_0_pcie4_ip_gt_i/inst/gen_gtwizard_gtye4_top.bd_ab_bd_xdma_0_pcie4_ip_gt_gtwizard_gtye4_inst/gen_gtwizard_gtye4.gen_cpll_cal_gtye4.gen_cpll_cal_inst[1].gen_inst_cpll_cal.gtwizard_ultrascale_v1_7_20_gtye4_cpll_cal_inst/gtwizard_ultrascale_v1_7_20_gtye4_cpll_cal_tx_i/bufg_gt_txoutclkmon_inst/O  {rise@0.000ns fall@4.000ns period=8.000ns})
  Destination:            bd_ab_i/bd_xdma/inst/pcie4_ip_i/inst/bd_ab_bd_xdma_0_pcie4_ip_gt_top_i/diablo_gt.diablo_gt_phy_wrapper/gt_wizard.gtwizard_top_i/bd_ab_bd_xdma_0_pcie4_ip_gt_i/inst/gen_gtwizard_gtye4_top.bd_ab_bd_xdma_0_pcie4_ip_gt_gtwizard_gtye4_inst/gen_gtwizard_gtye4.gen_cpll_cal_gtye4.gen_cpll_cal_inst[1].gen_inst_cpll_cal.gtwizard_ultrascale_v1_7_20_gtye4_cpll_cal_inst/gtwizard_ultrascale_v1_7_20_gtye4_cpll_cal_tx_i/U_TXOUTCLK_FREQ_COUNTER/testclk_div4_reg[3]/D
                            (rising edge-triggered cell FDRE clocked by bd_ab_i/bd_xdma/inst/pcie4_ip_i/inst/bd_ab_bd_xdma_0_pcie4_ip_gt_top_i/diablo_gt.diablo_gt_phy_wrapper/gt_wizard.gtwizard_top_i/bd_ab_bd_xdma_0_pcie4_ip_gt_i/inst/gen_gtwizard_gtye4_top.bd_ab_bd_xdma_0_pcie4_ip_gt_gtwizard_gtye4_inst/gen_gtwizard_gtye4.gen_cpll_cal_gtye4.gen_cpll_cal_inst[1].gen_inst_cpll_cal.gtwizard_ultrascale_v1_7_20_gtye4_cpll_cal_inst/gtwizard_ultrascale_v1_7_20_gtye4_cpll_cal_tx_i/bufg_gt_txoutclkmon_inst/O  {rise@0.000ns fall@4.000ns period=8.000ns})
  Path Group:             bd_ab_i/bd_xdma/inst/pcie4_ip_i/inst/bd_ab_bd_xdma_0_pcie4_ip_gt_top_i/diablo_gt.diablo_gt_phy_wrapper/gt_wizard.gtwizard_top_i/bd_ab_bd_xdma_0_pcie4_ip_gt_i/inst/gen_gtwizard_gtye4_top.bd_ab_bd_xdma_0_pcie4_ip_gt_gtwizard_gtye4_inst/gen_gtwizard_gtye4.gen_cpll_cal_gtye4.gen_cpll_cal_inst[1].gen_inst_cpll_cal.gtwizard_ultrascale_v1_7_20_gtye4_cpll_cal_inst/gtwizard_ultrascale_v1_7_20_gtye4_cpll_cal_tx_i/bufg_gt_txoutclkmon_inst/O
  Path Type:              Hold (Min at Fast Process Corner)
  Requirement:            0.000ns  (bd_ab_i/bd_xdma/inst/pcie4_ip_i/inst/bd_ab_bd_xdma_0_pcie4_ip_gt_top_i/diablo_gt.diablo_gt_phy_wrapper/gt_wizard.gtwizard_top_i/bd_ab_bd_xdma_0_pcie4_ip_gt_i/inst/gen_gtwizard_gtye4_top.bd_ab_bd_xdma_0_pcie4_ip_gt_gtwizard_gtye4_inst/gen_gtwizard_gtye4.gen_cpll_cal_gtye4.gen_cpll_cal_inst[1].gen_inst_cpll_cal.gtwizard_ultrascale_v1_7_20_gtye4_cpll_cal_inst/gtwizard_ultrascale_v1_7_20_gtye4_cpll_cal_tx_i/bufg_gt_txoutclkmon_inst/O rise@0.000ns - bd_ab_i/bd_xdma/inst/pcie4_ip_i/inst/bd_ab_bd_xdma_0_pcie4_ip_gt_top_i/diablo_gt.diablo_gt_phy_wrapper/gt_wizard.gtwizard_top_i/bd_ab_bd_xdma_0_pcie4_ip_gt_i/inst/gen_gtwizard_gtye4_top.bd_ab_bd_xdma_0_pcie4_ip_gt_gtwizard_gtye4_inst/gen_gtwizard_gtye4.gen_cpll_cal_gtye4.gen_cpll_cal_inst[1].gen_inst_cpll_cal.gtwizard_ultrascale_v1_7_20_gtye4_cpll_cal_inst/gtwizard_ultrascale_v1_7_20_gtye4_cpll_cal_tx_i/bufg_gt_txoutclkmon_inst/O rise@0.000ns)
  Data Path Delay:        0.125ns  (logic 0.040ns (31.882%)  route 0.085ns (68.118%))
  Logic Levels:           0  
  Clock Path Skew:        0.027ns (DCD - SCD - CPR)
    Destination Clock Delay (DCD):    0.370ns
    Source Clock Delay      (SCD):    0.315ns
    Clock Pessimism Removal (CPR):    0.029ns
  Clock Net Delay (Source):      0.315ns (routing 0.001ns, distribution 0.314ns)
  Clock Net Delay (Destination): 0.370ns (routing 0.001ns, distribution 0.369ns)

    Location             Delay type                Incr(ns)  Path(ns)    Netlist Resource(s)
  -------------------------------------------------------------------    -------------------
                         (clock bd_ab_i/bd_xdma/inst/pcie4_ip_i/inst/bd_ab_bd_xdma_0_pcie4_ip_gt_top_i/diablo_gt.diablo_gt_phy_wrapper/gt_wizard.gtwizard_top_i/bd_ab_bd_xdma_0_pcie4_ip_gt_i/inst/gen_gtwizard_gtye4_top.bd_ab_bd_xdma_0_pcie4_ip_gt_gtwizard_gtye4_inst/gen_gtwizard_gtye4.gen_cpll_cal_gtye4.gen_cpll_cal_inst[1].gen_inst_cpll_cal.gtwizard_ultrascale_v1_7_20_gtye4_cpll_cal_inst/gtwizard_ultrascale_v1_7_20_gtye4_cpll_cal_tx_i/bufg_gt_txoutclkmon_inst/O rise edge)
                                                      0.000     0.000 r  
    BUFG_GT_X0Y17        BUFG_GT                      0.000     0.000 r  bd_ab_i/bd_xdma/inst/pcie4_ip_i/inst/bd_ab_bd_xdma_0_pcie4_ip_gt_top_i/diablo_gt.diablo_gt_phy_wrapper/gt_wizard.gtwizard_top_i/bd_ab_bd_xdma_0_pcie4_ip_gt_i/inst/gen_gtwizard_gtye4_top.bd_ab_bd_xdma_0_pcie4_ip_gt_gtwizard_gtye4_inst/gen_gtwizard_gtye4.gen_cpll_cal_gtye4.gen_cpll_cal_inst[1].gen_inst_cpll_cal.gtwizard_ultrascale_v1_7_20_gtye4_cpll_cal_inst/gtwizard_ultrascale_v1_7_20_gtye4_cpll_cal_tx_i/bufg_gt_txoutclkmon_inst/O
    X3Y0 (CLOCK_ROOT)    net (fo=31, routed)          0.315     0.315    bd_ab_i/bd_xdma/inst/pcie4_ip_i/inst/bd_ab_bd_xdma_0_pcie4_ip_gt_top_i/diablo_gt.diablo_gt_phy_wrapper/gt_wizard.gtwizard_top_i/bd_ab_bd_xdma_0_pcie4_ip_gt_i/inst/gen_gtwizard_gtye4_top.bd_ab_bd_xdma_0_pcie4_ip_gt_gtwizard_gtye4_inst/gen_gtwizard_gtye4.gen_cpll_cal_gtye4.gen_cpll_cal_inst[1].gen_inst_cpll_cal.gtwizard_ultrascale_v1_7_20_gtye4_cpll_cal_inst/gtwizard_ultrascale_v1_7_20_gtye4_cpll_cal_tx_i/U_TXOUTCLK_FREQ_COUNTER/txoutclkmon
    SLICE_X111Y54        FDRE                                         r  bd_ab_i/bd_xdma/inst/pcie4_ip_i/inst/bd_ab_bd_xdma_0_pcie4_ip_gt_top_i/diablo_gt.diablo_gt_phy_wrapper/gt_wizard.gtwizard_top_i/bd_ab_bd_xdma_0_pcie4_ip_gt_i/inst/gen_gtwizard_gtye4_top.bd_ab_bd_xdma_0_pcie4_ip_gt_gtwizard_gtye4_inst/gen_gtwizard_gtye4.gen_cpll_cal_gtye4.gen_cpll_cal_inst[1].gen_inst_cpll_cal.gtwizard_ultrascale_v1_7_20_gtye4_cpll_cal_inst/gtwizard_ultrascale_v1_7_20_gtye4_cpll_cal_tx_i/U_TXOUTCLK_FREQ_COUNTER/testclk_div4_reg[2]/C
  -------------------------------------------------------------------    -------------------
    SLICE_X111Y54        FDRE (Prop_EFF2_SLICEL_C_Q)
                                                      0.040     0.355 r  bd_ab_i/bd_xdma/inst/pcie4_ip_i/inst/bd_ab_bd_xdma_0_pcie4_ip_gt_top_i/diablo_gt.diablo_gt_phy_wrapper/gt_wizard.gtwizard_top_i/bd_ab_bd_xdma_0_pcie4_ip_gt_i/inst/gen_gtwizard_gtye4_top.bd_ab_bd_xdma_0_pcie4_ip_gt_gtwizard_gtye4_inst/gen_gtwizard_gtye4.gen_cpll_cal_gtye4.gen_cpll_cal_inst[1].gen_inst_cpll_cal.gtwizard_ultrascale_v1_7_20_gtye4_cpll_cal_inst/gtwizard_ultrascale_v1_7_20_gtye4_cpll_cal_tx_i/U_TXOUTCLK_FREQ_COUNTER/testclk_div4_reg[2]/Q
                         net (fo=2, routed)           0.085     0.440    bd_ab_i/bd_xdma/inst/pcie4_ip_i/inst/bd_ab_bd_xdma_0_pcie4_ip_gt_top_i/diablo_gt.diablo_gt_phy_wrapper/gt_wizard.gtwizard_top_i/bd_ab_bd_xdma_0_pcie4_ip_gt_i/inst/gen_gtwizard_gtye4_top.bd_ab_bd_xdma_0_pcie4_ip_gt_gtwizard_gtye4_inst/gen_gtwizard_gtye4.gen_cpll_cal_gtye4.gen_cpll_cal_inst[1].gen_inst_cpll_cal.gtwizard_ultrascale_v1_7_20_gtye4_cpll_cal_inst/gtwizard_ultrascale_v1_7_20_gtye4_cpll_cal_tx_i/U_TXOUTCLK_FREQ_COUNTER/testclk_div4[2]
    SLICE_X110Y53        FDRE                                         r  bd_ab_i/bd_xdma/inst/pcie4_ip_i/inst/bd_ab_bd_xdma_0_pcie4_ip_gt_top_i/diablo_gt.diablo_gt_phy_wrapper/gt_wizard.gtwizard_top_i/bd_ab_bd_xdma_0_pcie4_ip_gt_i/inst/gen_gtwizard_gtye4_top.bd_ab_bd_xdma_0_pcie4_ip_gt_gtwizard_gtye4_inst/gen_gtwizard_gtye4.gen_cpll_cal_gtye4.gen_cpll_cal_inst[1].gen_inst_cpll_cal.gtwizard_ultrascale_v1_7_20_gtye4_cpll_cal_inst/gtwizard_ultrascale_v1_7_20_gtye4_cpll_cal_tx_i/U_TXOUTCLK_FREQ_COUNTER/testclk_div4_reg[3]/D
  -------------------------------------------------------------------    -------------------

                         (clock bd_ab_i/bd_xdma/inst/pcie4_ip_i/inst/bd_ab_bd_xdma_0_pcie4_ip_gt_top_i/diablo_gt.diablo_gt_phy_wrapper/gt_wizard.gtwizard_top_i/bd_ab_bd_xdma_0_pcie4_ip_gt_i/inst/gen_gtwizard_gtye4_top.bd_ab_bd_xdma_0_pcie4_ip_gt_gtwizard_gtye4_inst/gen_gtwizard_gtye4.gen_cpll_cal_gtye4.gen_cpll_cal_inst[1].gen_inst_cpll_cal.gtwizard_ultrascale_v1_7_20_gtye4_cpll_cal_inst/gtwizard_ultrascale_v1_7_20_gtye4_cpll_cal_tx_i/bufg_gt_txoutclkmon_inst/O rise edge)
                                                      0.000     0.000 r  
    BUFG_GT_X0Y17        BUFG_GT                      0.000     0.000 r  bd_ab_i/bd_xdma/inst/pcie4_ip_i/inst/bd_ab_bd_xdma_0_pcie4_ip_gt_top_i/diablo_gt.diablo_gt_phy_wrapper/gt_wizard.gtwizard_top_i/bd_ab_bd_xdma_0_pcie4_ip_gt_i/inst/gen_gtwizard_gtye4_top.bd_ab_bd_xdma_0_pcie4_ip_gt_gtwizard_gtye4_inst/gen_gtwizard_gtye4.gen_cpll_cal_gtye4.gen_cpll_cal_inst[1].gen_inst_cpll_cal.gtwizard_ultrascale_v1_7_20_gtye4_cpll_cal_inst/gtwizard_ultrascale_v1_7_20_gtye4_cpll_cal_tx_i/bufg_gt_txoutclkmon_inst/O
    X3Y0 (CLOCK_ROOT)    net (fo=31, routed)          0.370     0.370    bd_ab_i/bd_xdma/inst/pcie4_ip_i/inst/bd_ab_bd_xdma_0_pcie4_ip_gt_top_i/diablo_gt.diablo_gt_phy_wrapper/gt_wizard.gtwizard_top_i/bd_ab_bd_xdma_0_pcie4_ip_gt_i/inst/gen_gtwizard_gtye4_top.bd_ab_bd_xdma_0_pcie4_ip_gt_gtwizard_gtye4_inst/gen_gtwizard_gtye4.gen_cpll_cal_gtye4.gen_cpll_cal_inst[1].gen_inst_cpll_cal.gtwizard_ultrascale_v1_7_20_gtye4_cpll_cal_inst/gtwizard_ultrascale_v1_7_20_gtye4_cpll_cal_tx_i/U_TXOUTCLK_FREQ_COUNTER/txoutclkmon
    SLICE_X110Y53        FDRE                                         r  bd_ab_i/bd_xdma/inst/pcie4_ip_i/inst/bd_ab_bd_xdma_0_pcie4_ip_gt_top_i/diablo_gt.diablo_gt_phy_wrapper/gt_wizard.gtwizard_top_i/bd_ab_bd_xdma_0_pcie4_ip_gt_i/inst/gen_gtwizard_gtye4_top.bd_ab_bd_xdma_0_pcie4_ip_gt_gtwizard_gtye4_inst/gen_gtwizard_gtye4.gen_cpll_cal_gtye4.gen_cpll_cal_inst[1].gen_inst_cpll_cal.gtwizard_ultrascale_v1_7_20_gtye4_cpll_cal_inst/gtwizard_ultrascale_v1_7_20_gtye4_cpll_cal_tx_i/U_TXOUTCLK_FREQ_COUNTER/testclk_div4_reg[3]/C
                         clock pessimism             -0.029     0.342    
    SLICE_X110Y53        FDRE (Hold_AFF2_SLICEM_C_D)
                                                      0.047     0.389    bd_ab_i/bd_xdma/inst/pcie4_ip_i/inst/bd_ab_bd_xdma_0_pcie4_ip_gt_top_i/diablo_gt.diablo_gt_phy_wrapper/gt_wizard.gtwizard_top_i/bd_ab_bd_xdma_0_pcie4_ip_gt_i/inst/gen_gtwizard_gtye4_top.bd_ab_bd_xdma_0_pcie4_ip_gt_gtwizard_gtye4_inst/gen_gtwizard_gtye4.gen_cpll_cal_gtye4.gen_cpll_cal_inst[1].gen_inst_cpll_cal.gtwizard_ultrascale_v1_7_20_gtye4_cpll_cal_inst/gtwizard_ultrascale_v1_7_20_gtye4_cpll_cal_tx_i/U_TXOUTCLK_FREQ_COUNTER/testclk_div4_reg[3]
  -------------------------------------------------------------------
                         required time                         -0.389    
                         arrival time                           0.440    
  -------------------------------------------------------------------
                         slack                                  0.052    





Pulse Width Checks
--------------------------------------------------------------------------------------
Clock Name:         bd_ab_i/bd_xdma/inst/pcie4_ip_i/inst/bd_ab_bd_xdma_0_pcie4_ip_gt_top_i/diablo_gt.diablo_gt_phy_wrapper/gt_wizard.gtwizard_top_i/bd_ab_bd_xdma_0_pcie4_ip_gt_i/inst/gen_gtwizard_gtye4_top.bd_ab_bd_xdma_0_pcie4_ip_gt_gtwizard_gtye4_inst/gen_gtwizard_gtye4.gen_cpll_cal_gtye4.gen_cpll_cal_inst[1].gen_inst_cpll_cal.gtwizard_ultrascale_v1_7_20_gtye4_cpll_cal_inst/gtwizard_ultrascale_v1_7_20_gtye4_cpll_cal_tx_i/bufg_gt_txoutclkmon_inst/O
Waveform(ns):       { 0.000 4.000 }
Period(ns):         8.000
Sources:            { bd_ab_i/bd_xdma/inst/pcie4_ip_i/inst/bd_ab_bd_xdma_0_pcie4_ip_gt_top_i/diablo_gt.diablo_gt_phy_wrapper/gt_wizard.gtwizard_top_i/bd_ab_bd_xdma_0_pcie4_ip_gt_i/inst/gen_gtwizard_gtye4_top.bd_ab_bd_xdma_0_pcie4_ip_gt_gtwizard_gtye4_inst/gen_gtwizard_gtye4.gen_cpll_cal_gtye4.gen_cpll_cal_inst[1].gen_inst_cpll_cal.gtwizard_ultrascale_v1_7_20_gtye4_cpll_cal_inst/gtwizard_ultrascale_v1_7_20_gtye4_cpll_cal_tx_i/bufg_gt_txoutclkmon_inst/O }

Check Type        Corner  Lib Pin  Reference Pin  Required(ns)  Actual(ns)  Slack(ns)  Location       Pin
Min Period        n/a     FDCE/C   n/a            0.550         8.000       7.450      SLICE_X109Y51  bd_ab_i/bd_xdma/inst/pcie4_ip_i/inst/bd_ab_bd_xdma_0_pcie4_ip_gt_top_i/diablo_gt.diablo_gt_phy_wrapper/gt_wizard.gtwizard_top_i/bd_ab_bd_xdma_0_pcie4_ip_gt_i/inst/gen_gtwizard_gtye4_top.bd_ab_bd_xdma_0_pcie4_ip_gt_gtwizard_gtye4_inst/gen_gtwizard_gtye4.gen_cpll_cal_gtye4.gen_cpll_cal_inst[1].gen_inst_cpll_cal.gtwizard_ultrascale_v1_7_20_gtye4_cpll_cal_inst/gtwizard_ultrascale_v1_7_20_gtye4_cpll_cal_tx_i/U_TXOUTCLK_FREQ_COUNTER/testclk_cnt_reg[0]/C
Low Pulse Width   Slow    FDCE/C   n/a            0.275         4.000       3.725      SLICE_X109Y51  bd_ab_i/bd_xdma/inst/pcie4_ip_i/inst/bd_ab_bd_xdma_0_pcie4_ip_gt_top_i/diablo_gt.diablo_gt_phy_wrapper/gt_wizard.gtwizard_top_i/bd_ab_bd_xdma_0_pcie4_ip_gt_i/inst/gen_gtwizard_gtye4_top.bd_ab_bd_xdma_0_pcie4_ip_gt_gtwizard_gtye4_inst/gen_gtwizard_gtye4.gen_cpll_cal_gtye4.gen_cpll_cal_inst[1].gen_inst_cpll_cal.gtwizard_ultrascale_v1_7_20_gtye4_cpll_cal_inst/gtwizard_ultrascale_v1_7_20_gtye4_cpll_cal_tx_i/U_TXOUTCLK_FREQ_COUNTER/testclk_cnt_reg[0]/C
High Pulse Width  Slow    FDCE/C   n/a            0.275         4.000       3.725      SLICE_X109Y51  bd_ab_i/bd_xdma/inst/pcie4_ip_i/inst/bd_ab_bd_xdma_0_pcie4_ip_gt_top_i/diablo_gt.diablo_gt_phy_wrapper/gt_wizard.gtwizard_top_i/bd_ab_bd_xdma_0_pcie4_ip_gt_i/inst/gen_gtwizard_gtye4_top.bd_ab_bd_xdma_0_pcie4_ip_gt_gtwizard_gtye4_inst/gen_gtwizard_gtye4.gen_cpll_cal_gtye4.gen_cpll_cal_inst[1].gen_inst_cpll_cal.gtwizard_ultrascale_v1_7_20_gtye4_cpll_cal_inst/gtwizard_ultrascale_v1_7_20_gtye4_cpll_cal_tx_i/U_TXOUTCLK_FREQ_COUNTER/testclk_cnt_reg[0]/C



---------------------------------------------------------------------------------------------------
From Clock:  bd_ab_i/bd_xdma/inst/pcie4_ip_i/inst/bd_ab_bd_xdma_0_pcie4_ip_gt_top_i/diablo_gt.diablo_gt_phy_wrapper/gt_wizard.gtwizard_top_i/bd_ab_bd_xdma_0_pcie4_ip_gt_i/inst/gen_gtwizard_gtye4_top.bd_ab_bd_xdma_0_pcie4_ip_gt_gtwizard_gtye4_inst/gen_gtwizard_gtye4.gen_cpll_cal_gtye4.gen_cpll_cal_inst[2].gen_inst_cpll_cal.gtwizard_ultrascale_v1_7_20_gtye4_cpll_cal_inst/gtwizard_ultrascale_v1_7_20_gtye4_cpll_cal_tx_i/bufg_gt_txoutclkmon_inst/O
  To Clock:  bd_ab_i/bd_xdma/inst/pcie4_ip_i/inst/bd_ab_bd_xdma_0_pcie4_ip_gt_top_i/diablo_gt.diablo_gt_phy_wrapper/gt_wizard.gtwizard_top_i/bd_ab_bd_xdma_0_pcie4_ip_gt_i/inst/gen_gtwizard_gtye4_top.bd_ab_bd_xdma_0_pcie4_ip_gt_gtwizard_gtye4_inst/gen_gtwizard_gtye4.gen_cpll_cal_gtye4.gen_cpll_cal_inst[2].gen_inst_cpll_cal.gtwizard_ultrascale_v1_7_20_gtye4_cpll_cal_inst/gtwizard_ultrascale_v1_7_20_gtye4_cpll_cal_tx_i/bufg_gt_txoutclkmon_inst/O

Setup :            0  Failing Endpoints,  Worst Slack        6.957ns,  Total Violation        0.000ns
Hold  :            0  Failing Endpoints,  Worst Slack        0.054ns,  Total Violation        0.000ns
PW    :            0  Failing Endpoints,  Worst Slack        3.725ns,  Total Violation        0.000ns
---------------------------------------------------------------------------------------------------


Max Delay Paths
--------------------------------------------------------------------------------------
Slack (MET) :             6.957ns  (required time - arrival time)
  Source:                 bd_ab_i/bd_xdma/inst/pcie4_ip_i/inst/bd_ab_bd_xdma_0_pcie4_ip_gt_top_i/diablo_gt.diablo_gt_phy_wrapper/gt_wizard.gtwizard_top_i/bd_ab_bd_xdma_0_pcie4_ip_gt_i/inst/gen_gtwizard_gtye4_top.bd_ab_bd_xdma_0_pcie4_ip_gt_gtwizard_gtye4_inst/gen_gtwizard_gtye4.gen_cpll_cal_gtye4.gen_cpll_cal_inst[2].gen_inst_cpll_cal.gtwizard_ultrascale_v1_7_20_gtye4_cpll_cal_inst/gtwizard_ultrascale_v1_7_20_gtye4_cpll_cal_tx_i/U_TXOUTCLK_FREQ_COUNTER/testclk_div4_reg[1]/C
                            (rising edge-triggered cell FDRE clocked by bd_ab_i/bd_xdma/inst/pcie4_ip_i/inst/bd_ab_bd_xdma_0_pcie4_ip_gt_top_i/diablo_gt.diablo_gt_phy_wrapper/gt_wizard.gtwizard_top_i/bd_ab_bd_xdma_0_pcie4_ip_gt_i/inst/gen_gtwizard_gtye4_top.bd_ab_bd_xdma_0_pcie4_ip_gt_gtwizard_gtye4_inst/gen_gtwizard_gtye4.gen_cpll_cal_gtye4.gen_cpll_cal_inst[2].gen_inst_cpll_cal.gtwizard_ultrascale_v1_7_20_gtye4_cpll_cal_inst/gtwizard_ultrascale_v1_7_20_gtye4_cpll_cal_tx_i/bufg_gt_txoutclkmon_inst/O  {rise@0.000ns fall@4.000ns period=8.000ns})
  Destination:            bd_ab_i/bd_xdma/inst/pcie4_ip_i/inst/bd_ab_bd_xdma_0_pcie4_ip_gt_top_i/diablo_gt.diablo_gt_phy_wrapper/gt_wizard.gtwizard_top_i/bd_ab_bd_xdma_0_pcie4_ip_gt_i/inst/gen_gtwizard_gtye4_top.bd_ab_bd_xdma_0_pcie4_ip_gt_gtwizard_gtye4_inst/gen_gtwizard_gtye4.gen_cpll_cal_gtye4.gen_cpll_cal_inst[2].gen_inst_cpll_cal.gtwizard_ultrascale_v1_7_20_gtye4_cpll_cal_inst/gtwizard_ultrascale_v1_7_20_gtye4_cpll_cal_tx_i/U_TXOUTCLK_FREQ_COUNTER/testclk_cnt_reg[4]/CE
                            (rising edge-triggered cell FDCE clocked by bd_ab_i/bd_xdma/inst/pcie4_ip_i/inst/bd_ab_bd_xdma_0_pcie4_ip_gt_top_i/diablo_gt.diablo_gt_phy_wrapper/gt_wizard.gtwizard_top_i/bd_ab_bd_xdma_0_pcie4_ip_gt_i/inst/gen_gtwizard_gtye4_top.bd_ab_bd_xdma_0_pcie4_ip_gt_gtwizard_gtye4_inst/gen_gtwizard_gtye4.gen_cpll_cal_gtye4.gen_cpll_cal_inst[2].gen_inst_cpll_cal.gtwizard_ultrascale_v1_7_20_gtye4_cpll_cal_inst/gtwizard_ultrascale_v1_7_20_gtye4_cpll_cal_tx_i/bufg_gt_txoutclkmon_inst/O  {rise@0.000ns fall@4.000ns period=8.000ns})
  Path Group:             bd_ab_i/bd_xdma/inst/pcie4_ip_i/inst/bd_ab_bd_xdma_0_pcie4_ip_gt_top_i/diablo_gt.diablo_gt_phy_wrapper/gt_wizard.gtwizard_top_i/bd_ab_bd_xdma_0_pcie4_ip_gt_i/inst/gen_gtwizard_gtye4_top.bd_ab_bd_xdma_0_pcie4_ip_gt_gtwizard_gtye4_inst/gen_gtwizard_gtye4.gen_cpll_cal_gtye4.gen_cpll_cal_inst[2].gen_inst_cpll_cal.gtwizard_ultrascale_v1_7_20_gtye4_cpll_cal_inst/gtwizard_ultrascale_v1_7_20_gtye4_cpll_cal_tx_i/bufg_gt_txoutclkmon_inst/O
  Path Type:              Setup (Max at Slow Process Corner)
  Requirement:            8.000ns  (bd_ab_i/bd_xdma/inst/pcie4_ip_i/inst/bd_ab_bd_xdma_0_pcie4_ip_gt_top_i/diablo_gt.diablo_gt_phy_wrapper/gt_wizard.gtwizard_top_i/bd_ab_bd_xdma_0_pcie4_ip_gt_i/inst/gen_gtwizard_gtye4_top.bd_ab_bd_xdma_0_pcie4_ip_gt_gtwizard_gtye4_inst/gen_gtwizard_gtye4.gen_cpll_cal_gtye4.gen_cpll_cal_inst[2].gen_inst_cpll_cal.gtwizard_ultrascale_v1_7_20_gtye4_cpll_cal_inst/gtwizard_ultrascale_v1_7_20_gtye4_cpll_cal_tx_i/bufg_gt_txoutclkmon_inst/O rise@8.000ns - bd_ab_i/bd_xdma/inst/pcie4_ip_i/inst/bd_ab_bd_xdma_0_pcie4_ip_gt_top_i/diablo_gt.diablo_gt_phy_wrapper/gt_wizard.gtwizard_top_i/bd_ab_bd_xdma_0_pcie4_ip_gt_i/inst/gen_gtwizard_gtye4_top.bd_ab_bd_xdma_0_pcie4_ip_gt_gtwizard_gtye4_inst/gen_gtwizard_gtye4.gen_cpll_cal_gtye4.gen_cpll_cal_inst[2].gen_inst_cpll_cal.gtwizard_ultrascale_v1_7_20_gtye4_cpll_cal_inst/gtwizard_ultrascale_v1_7_20_gtye4_cpll_cal_tx_i/bufg_gt_txoutclkmon_inst/O rise@0.000ns)
  Data Path Delay:        0.860ns  (logic 0.169ns (19.642%)  route 0.691ns (80.358%))
  Logic Levels:           1  (LUT5=1)
  Clock Path Skew:        -0.076ns (DCD - SCD + CPR)
    Destination Clock Delay (DCD):    0.882ns = ( 8.882 - 8.000 ) 
    Source Clock Delay      (SCD):    1.012ns
    Clock Pessimism Removal (CPR):    0.054ns
  Clock Uncertainty:      0.046ns  ((TSJ^2 + DJ^2)^1/2) / 2 + PE
    Total System Jitter     (TSJ):    0.071ns
    Discrete Jitter          (DJ):    0.060ns
    Phase Error              (PE):    0.000ns
  Clock Net Delay (Source):      1.012ns (routing 0.191ns, distribution 0.821ns)
  Clock Net Delay (Destination): 0.882ns (routing 0.172ns, distribution 0.710ns)

    Location             Delay type                Incr(ns)  Path(ns)    Netlist Resource(s)
  -------------------------------------------------------------------    -------------------
                         (clock bd_ab_i/bd_xdma/inst/pcie4_ip_i/inst/bd_ab_bd_xdma_0_pcie4_ip_gt_top_i/diablo_gt.diablo_gt_phy_wrapper/gt_wizard.gtwizard_top_i/bd_ab_bd_xdma_0_pcie4_ip_gt_i/inst/gen_gtwizard_gtye4_top.bd_ab_bd_xdma_0_pcie4_ip_gt_gtwizard_gtye4_inst/gen_gtwizard_gtye4.gen_cpll_cal_gtye4.gen_cpll_cal_inst[2].gen_inst_cpll_cal.gtwizard_ultrascale_v1_7_20_gtye4_cpll_cal_inst/gtwizard_ultrascale_v1_7_20_gtye4_cpll_cal_tx_i/bufg_gt_txoutclkmon_inst/O rise edge)
                                                      0.000     0.000 r  
    BUFG_GT_X0Y23        BUFG_GT                      0.000     0.000 r  bd_ab_i/bd_xdma/inst/pcie4_ip_i/inst/bd_ab_bd_xdma_0_pcie4_ip_gt_top_i/diablo_gt.diablo_gt_phy_wrapper/gt_wizard.gtwizard_top_i/bd_ab_bd_xdma_0_pcie4_ip_gt_i/inst/gen_gtwizard_gtye4_top.bd_ab_bd_xdma_0_pcie4_ip_gt_gtwizard_gtye4_inst/gen_gtwizard_gtye4.gen_cpll_cal_gtye4.gen_cpll_cal_inst[2].gen_inst_cpll_cal.gtwizard_ultrascale_v1_7_20_gtye4_cpll_cal_inst/gtwizard_ultrascale_v1_7_20_gtye4_cpll_cal_tx_i/bufg_gt_txoutclkmon_inst/O
    X3Y0 (CLOCK_ROOT)    net (fo=31, routed)          1.012     1.012    bd_ab_i/bd_xdma/inst/pcie4_ip_i/inst/bd_ab_bd_xdma_0_pcie4_ip_gt_top_i/diablo_gt.diablo_gt_phy_wrapper/gt_wizard.gtwizard_top_i/bd_ab_bd_xdma_0_pcie4_ip_gt_i/inst/gen_gtwizard_gtye4_top.bd_ab_bd_xdma_0_pcie4_ip_gt_gtwizard_gtye4_inst/gen_gtwizard_gtye4.gen_cpll_cal_gtye4.gen_cpll_cal_inst[2].gen_inst_cpll_cal.gtwizard_ultrascale_v1_7_20_gtye4_cpll_cal_inst/gtwizard_ultrascale_v1_7_20_gtye4_cpll_cal_tx_i/U_TXOUTCLK_FREQ_COUNTER/txoutclkmon
    SLICE_X109Y57        FDRE                                         r  bd_ab_i/bd_xdma/inst/pcie4_ip_i/inst/bd_ab_bd_xdma_0_pcie4_ip_gt_top_i/diablo_gt.diablo_gt_phy_wrapper/gt_wizard.gtwizard_top_i/bd_ab_bd_xdma_0_pcie4_ip_gt_i/inst/gen_gtwizard_gtye4_top.bd_ab_bd_xdma_0_pcie4_ip_gt_gtwizard_gtye4_inst/gen_gtwizard_gtye4.gen_cpll_cal_gtye4.gen_cpll_cal_inst[2].gen_inst_cpll_cal.gtwizard_ultrascale_v1_7_20_gtye4_cpll_cal_inst/gtwizard_ultrascale_v1_7_20_gtye4_cpll_cal_tx_i/U_TXOUTCLK_FREQ_COUNTER/testclk_div4_reg[1]/C
  -------------------------------------------------------------------    -------------------
    SLICE_X109Y57        FDRE (Prop_EFF2_SLICEM_C_Q)
                                                      0.079     1.091 f  bd_ab_i/bd_xdma/inst/pcie4_ip_i/inst/bd_ab_bd_xdma_0_pcie4_ip_gt_top_i/diablo_gt.diablo_gt_phy_wrapper/gt_wizard.gtwizard_top_i/bd_ab_bd_xdma_0_pcie4_ip_gt_i/inst/gen_gtwizard_gtye4_top.bd_ab_bd_xdma_0_pcie4_ip_gt_gtwizard_gtye4_inst/gen_gtwizard_gtye4.gen_cpll_cal_gtye4.gen_cpll_cal_inst[2].gen_inst_cpll_cal.gtwizard_ultrascale_v1_7_20_gtye4_cpll_cal_inst/gtwizard_ultrascale_v1_7_20_gtye4_cpll_cal_tx_i/U_TXOUTCLK_FREQ_COUNTER/testclk_div4_reg[1]/Q
                         net (fo=2, routed)           0.281     1.372    bd_ab_i/bd_xdma/inst/pcie4_ip_i/inst/bd_ab_bd_xdma_0_pcie4_ip_gt_top_i/diablo_gt.diablo_gt_phy_wrapper/gt_wizard.gtwizard_top_i/bd_ab_bd_xdma_0_pcie4_ip_gt_i/inst/gen_gtwizard_gtye4_top.bd_ab_bd_xdma_0_pcie4_ip_gt_gtwizard_gtye4_inst/gen_gtwizard_gtye4.gen_cpll_cal_gtye4.gen_cpll_cal_inst[2].gen_inst_cpll_cal.gtwizard_ultrascale_v1_7_20_gtye4_cpll_cal_inst/gtwizard_ultrascale_v1_7_20_gtye4_cpll_cal_tx_i/U_TXOUTCLK_FREQ_COUNTER/testclk_div4[1]
    SLICE_X109Y57        LUT5 (Prop_H6LUT_SLICEM_I1_O)
                                                      0.090     1.462 r  bd_ab_i/bd_xdma/inst/pcie4_ip_i/inst/bd_ab_bd_xdma_0_pcie4_ip_gt_top_i/diablo_gt.diablo_gt_phy_wrapper/gt_wizard.gtwizard_top_i/bd_ab_bd_xdma_0_pcie4_ip_gt_i/inst/gen_gtwizard_gtye4_top.bd_ab_bd_xdma_0_pcie4_ip_gt_gtwizard_gtye4_inst/gen_gtwizard_gtye4.gen_cpll_cal_gtye4.gen_cpll_cal_inst[2].gen_inst_cpll_cal.gtwizard_ultrascale_v1_7_20_gtye4_cpll_cal_inst/gtwizard_ultrascale_v1_7_20_gtye4_cpll_cal_tx_i/U_TXOUTCLK_FREQ_COUNTER/testclk_cnt0__1/O
                         net (fo=18, routed)          0.410     1.872    bd_ab_i/bd_xdma/inst/pcie4_ip_i/inst/bd_ab_bd_xdma_0_pcie4_ip_gt_top_i/diablo_gt.diablo_gt_phy_wrapper/gt_wizard.gtwizard_top_i/bd_ab_bd_xdma_0_pcie4_ip_gt_i/inst/gen_gtwizard_gtye4_top.bd_ab_bd_xdma_0_pcie4_ip_gt_gtwizard_gtye4_inst/gen_gtwizard_gtye4.gen_cpll_cal_gtye4.gen_cpll_cal_inst[2].gen_inst_cpll_cal.gtwizard_ultrascale_v1_7_20_gtye4_cpll_cal_inst/gtwizard_ultrascale_v1_7_20_gtye4_cpll_cal_tx_i/U_TXOUTCLK_FREQ_COUNTER/testclk_cnt0__1_n_0
    SLICE_X108Y55        FDCE                                         r  bd_ab_i/bd_xdma/inst/pcie4_ip_i/inst/bd_ab_bd_xdma_0_pcie4_ip_gt_top_i/diablo_gt.diablo_gt_phy_wrapper/gt_wizard.gtwizard_top_i/bd_ab_bd_xdma_0_pcie4_ip_gt_i/inst/gen_gtwizard_gtye4_top.bd_ab_bd_xdma_0_pcie4_ip_gt_gtwizard_gtye4_inst/gen_gtwizard_gtye4.gen_cpll_cal_gtye4.gen_cpll_cal_inst[2].gen_inst_cpll_cal.gtwizard_ultrascale_v1_7_20_gtye4_cpll_cal_inst/gtwizard_ultrascale_v1_7_20_gtye4_cpll_cal_tx_i/U_TXOUTCLK_FREQ_COUNTER/testclk_cnt_reg[4]/CE
  -------------------------------------------------------------------    -------------------

                         (clock bd_ab_i/bd_xdma/inst/pcie4_ip_i/inst/bd_ab_bd_xdma_0_pcie4_ip_gt_top_i/diablo_gt.diablo_gt_phy_wrapper/gt_wizard.gtwizard_top_i/bd_ab_bd_xdma_0_pcie4_ip_gt_i/inst/gen_gtwizard_gtye4_top.bd_ab_bd_xdma_0_pcie4_ip_gt_gtwizard_gtye4_inst/gen_gtwizard_gtye4.gen_cpll_cal_gtye4.gen_cpll_cal_inst[2].gen_inst_cpll_cal.gtwizard_ultrascale_v1_7_20_gtye4_cpll_cal_inst/gtwizard_ultrascale_v1_7_20_gtye4_cpll_cal_tx_i/bufg_gt_txoutclkmon_inst/O rise edge)
                                                      8.000     8.000 r  
    BUFG_GT_X0Y23        BUFG_GT                      0.000     8.000 r  bd_ab_i/bd_xdma/inst/pcie4_ip_i/inst/bd_ab_bd_xdma_0_pcie4_ip_gt_top_i/diablo_gt.diablo_gt_phy_wrapper/gt_wizard.gtwizard_top_i/bd_ab_bd_xdma_0_pcie4_ip_gt_i/inst/gen_gtwizard_gtye4_top.bd_ab_bd_xdma_0_pcie4_ip_gt_gtwizard_gtye4_inst/gen_gtwizard_gtye4.gen_cpll_cal_gtye4.gen_cpll_cal_inst[2].gen_inst_cpll_cal.gtwizard_ultrascale_v1_7_20_gtye4_cpll_cal_inst/gtwizard_ultrascale_v1_7_20_gtye4_cpll_cal_tx_i/bufg_gt_txoutclkmon_inst/O
    X3Y0 (CLOCK_ROOT)    net (fo=31, routed)          0.882     8.882    bd_ab_i/bd_xdma/inst/pcie4_ip_i/inst/bd_ab_bd_xdma_0_pcie4_ip_gt_top_i/diablo_gt.diablo_gt_phy_wrapper/gt_wizard.gtwizard_top_i/bd_ab_bd_xdma_0_pcie4_ip_gt_i/inst/gen_gtwizard_gtye4_top.bd_ab_bd_xdma_0_pcie4_ip_gt_gtwizard_gtye4_inst/gen_gtwizard_gtye4.gen_cpll_cal_gtye4.gen_cpll_cal_inst[2].gen_inst_cpll_cal.gtwizard_ultrascale_v1_7_20_gtye4_cpll_cal_inst/gtwizard_ultrascale_v1_7_20_gtye4_cpll_cal_tx_i/U_TXOUTCLK_FREQ_COUNTER/txoutclkmon
    SLICE_X108Y55        FDCE                                         r  bd_ab_i/bd_xdma/inst/pcie4_ip_i/inst/bd_ab_bd_xdma_0_pcie4_ip_gt_top_i/diablo_gt.diablo_gt_phy_wrapper/gt_wizard.gtwizard_top_i/bd_ab_bd_xdma_0_pcie4_ip_gt_i/inst/gen_gtwizard_gtye4_top.bd_ab_bd_xdma_0_pcie4_ip_gt_gtwizard_gtye4_inst/gen_gtwizard_gtye4.gen_cpll_cal_gtye4.gen_cpll_cal_inst[2].gen_inst_cpll_cal.gtwizard_ultrascale_v1_7_20_gtye4_cpll_cal_inst/gtwizard_ultrascale_v1_7_20_gtye4_cpll_cal_tx_i/U_TXOUTCLK_FREQ_COUNTER/testclk_cnt_reg[4]/C
                         clock pessimism              0.054     8.936    
                         clock uncertainty           -0.046     8.890    
    SLICE_X108Y55        FDCE (Setup_EFF_SLICEL_C_CE)
                                                     -0.060     8.830    bd_ab_i/bd_xdma/inst/pcie4_ip_i/inst/bd_ab_bd_xdma_0_pcie4_ip_gt_top_i/diablo_gt.diablo_gt_phy_wrapper/gt_wizard.gtwizard_top_i/bd_ab_bd_xdma_0_pcie4_ip_gt_i/inst/gen_gtwizard_gtye4_top.bd_ab_bd_xdma_0_pcie4_ip_gt_gtwizard_gtye4_inst/gen_gtwizard_gtye4.gen_cpll_cal_gtye4.gen_cpll_cal_inst[2].gen_inst_cpll_cal.gtwizard_ultrascale_v1_7_20_gtye4_cpll_cal_inst/gtwizard_ultrascale_v1_7_20_gtye4_cpll_cal_tx_i/U_TXOUTCLK_FREQ_COUNTER/testclk_cnt_reg[4]
  -------------------------------------------------------------------
                         required time                          8.830    
                         arrival time                          -1.872    
  -------------------------------------------------------------------
                         slack                                  6.957    





Min Delay Paths
--------------------------------------------------------------------------------------
Slack (MET) :             0.054ns  (arrival time - required time)
  Source:                 bd_ab_i/bd_xdma/inst/pcie4_ip_i/inst/bd_ab_bd_xdma_0_pcie4_ip_gt_top_i/diablo_gt.diablo_gt_phy_wrapper/gt_wizard.gtwizard_top_i/bd_ab_bd_xdma_0_pcie4_ip_gt_i/inst/gen_gtwizard_gtye4_top.bd_ab_bd_xdma_0_pcie4_ip_gt_gtwizard_gtye4_inst/gen_gtwizard_gtye4.gen_cpll_cal_gtye4.gen_cpll_cal_inst[2].gen_inst_cpll_cal.gtwizard_ultrascale_v1_7_20_gtye4_cpll_cal_inst/gtwizard_ultrascale_v1_7_20_gtye4_cpll_cal_tx_i/U_TXOUTCLK_FREQ_COUNTER/testclk_div4_reg[0]/C
                            (rising edge-triggered cell FDSE clocked by bd_ab_i/bd_xdma/inst/pcie4_ip_i/inst/bd_ab_bd_xdma_0_pcie4_ip_gt_top_i/diablo_gt.diablo_gt_phy_wrapper/gt_wizard.gtwizard_top_i/bd_ab_bd_xdma_0_pcie4_ip_gt_i/inst/gen_gtwizard_gtye4_top.bd_ab_bd_xdma_0_pcie4_ip_gt_gtwizard_gtye4_inst/gen_gtwizard_gtye4.gen_cpll_cal_gtye4.gen_cpll_cal_inst[2].gen_inst_cpll_cal.gtwizard_ultrascale_v1_7_20_gtye4_cpll_cal_inst/gtwizard_ultrascale_v1_7_20_gtye4_cpll_cal_tx_i/bufg_gt_txoutclkmon_inst/O  {rise@0.000ns fall@4.000ns period=8.000ns})
  Destination:            bd_ab_i/bd_xdma/inst/pcie4_ip_i/inst/bd_ab_bd_xdma_0_pcie4_ip_gt_top_i/diablo_gt.diablo_gt_phy_wrapper/gt_wizard.gtwizard_top_i/bd_ab_bd_xdma_0_pcie4_ip_gt_i/inst/gen_gtwizard_gtye4_top.bd_ab_bd_xdma_0_pcie4_ip_gt_gtwizard_gtye4_inst/gen_gtwizard_gtye4.gen_cpll_cal_gtye4.gen_cpll_cal_inst[2].gen_inst_cpll_cal.gtwizard_ultrascale_v1_7_20_gtye4_cpll_cal_inst/gtwizard_ultrascale_v1_7_20_gtye4_cpll_cal_tx_i/U_TXOUTCLK_FREQ_COUNTER/testclk_div4_reg[1]/D
                            (rising edge-triggered cell FDRE clocked by bd_ab_i/bd_xdma/inst/pcie4_ip_i/inst/bd_ab_bd_xdma_0_pcie4_ip_gt_top_i/diablo_gt.diablo_gt_phy_wrapper/gt_wizard.gtwizard_top_i/bd_ab_bd_xdma_0_pcie4_ip_gt_i/inst/gen_gtwizard_gtye4_top.bd_ab_bd_xdma_0_pcie4_ip_gt_gtwizard_gtye4_inst/gen_gtwizard_gtye4.gen_cpll_cal_gtye4.gen_cpll_cal_inst[2].gen_inst_cpll_cal.gtwizard_ultrascale_v1_7_20_gtye4_cpll_cal_inst/gtwizard_ultrascale_v1_7_20_gtye4_cpll_cal_tx_i/bufg_gt_txoutclkmon_inst/O  {rise@0.000ns fall@4.000ns period=8.000ns})
  Path Group:             bd_ab_i/bd_xdma/inst/pcie4_ip_i/inst/bd_ab_bd_xdma_0_pcie4_ip_gt_top_i/diablo_gt.diablo_gt_phy_wrapper/gt_wizard.gtwizard_top_i/bd_ab_bd_xdma_0_pcie4_ip_gt_i/inst/gen_gtwizard_gtye4_top.bd_ab_bd_xdma_0_pcie4_ip_gt_gtwizard_gtye4_inst/gen_gtwizard_gtye4.gen_cpll_cal_gtye4.gen_cpll_cal_inst[2].gen_inst_cpll_cal.gtwizard_ultrascale_v1_7_20_gtye4_cpll_cal_inst/gtwizard_ultrascale_v1_7_20_gtye4_cpll_cal_tx_i/bufg_gt_txoutclkmon_inst/O
  Path Type:              Hold (Min at Fast Process Corner)
  Requirement:            0.000ns  (bd_ab_i/bd_xdma/inst/pcie4_ip_i/inst/bd_ab_bd_xdma_0_pcie4_ip_gt_top_i/diablo_gt.diablo_gt_phy_wrapper/gt_wizard.gtwizard_top_i/bd_ab_bd_xdma_0_pcie4_ip_gt_i/inst/gen_gtwizard_gtye4_top.bd_ab_bd_xdma_0_pcie4_ip_gt_gtwizard_gtye4_inst/gen_gtwizard_gtye4.gen_cpll_cal_gtye4.gen_cpll_cal_inst[2].gen_inst_cpll_cal.gtwizard_ultrascale_v1_7_20_gtye4_cpll_cal_inst/gtwizard_ultrascale_v1_7_20_gtye4_cpll_cal_tx_i/bufg_gt_txoutclkmon_inst/O rise@0.000ns - bd_ab_i/bd_xdma/inst/pcie4_ip_i/inst/bd_ab_bd_xdma_0_pcie4_ip_gt_top_i/diablo_gt.diablo_gt_phy_wrapper/gt_wizard.gtwizard_top_i/bd_ab_bd_xdma_0_pcie4_ip_gt_i/inst/gen_gtwizard_gtye4_top.bd_ab_bd_xdma_0_pcie4_ip_gt_gtwizard_gtye4_inst/gen_gtwizard_gtye4.gen_cpll_cal_gtye4.gen_cpll_cal_inst[2].gen_inst_cpll_cal.gtwizard_ultrascale_v1_7_20_gtye4_cpll_cal_inst/gtwizard_ultrascale_v1_7_20_gtye4_cpll_cal_tx_i/bufg_gt_txoutclkmon_inst/O rise@0.000ns)
  Data Path Delay:        0.107ns  (logic 0.038ns (35.620%)  route 0.069ns (64.380%))
  Logic Levels:           0  
  Clock Path Skew:        0.006ns (DCD - SCD - CPR)
    Destination Clock Delay (DCD):    0.646ns
    Source Clock Delay      (SCD):    0.564ns
    Clock Pessimism Removal (CPR):    0.076ns
  Clock Net Delay (Source):      0.564ns (routing 0.108ns, distribution 0.456ns)
  Clock Net Delay (Destination): 0.646ns (routing 0.120ns, distribution 0.526ns)

    Location             Delay type                Incr(ns)  Path(ns)    Netlist Resource(s)
  -------------------------------------------------------------------    -------------------
                         (clock bd_ab_i/bd_xdma/inst/pcie4_ip_i/inst/bd_ab_bd_xdma_0_pcie4_ip_gt_top_i/diablo_gt.diablo_gt_phy_wrapper/gt_wizard.gtwizard_top_i/bd_ab_bd_xdma_0_pcie4_ip_gt_i/inst/gen_gtwizard_gtye4_top.bd_ab_bd_xdma_0_pcie4_ip_gt_gtwizard_gtye4_inst/gen_gtwizard_gtye4.gen_cpll_cal_gtye4.gen_cpll_cal_inst[2].gen_inst_cpll_cal.gtwizard_ultrascale_v1_7_20_gtye4_cpll_cal_inst/gtwizard_ultrascale_v1_7_20_gtye4_cpll_cal_tx_i/bufg_gt_txoutclkmon_inst/O rise edge)
                                                      0.000     0.000 r  
    BUFG_GT_X0Y23        BUFG_GT                      0.000     0.000 r  bd_ab_i/bd_xdma/inst/pcie4_ip_i/inst/bd_ab_bd_xdma_0_pcie4_ip_gt_top_i/diablo_gt.diablo_gt_phy_wrapper/gt_wizard.gtwizard_top_i/bd_ab_bd_xdma_0_pcie4_ip_gt_i/inst/gen_gtwizard_gtye4_top.bd_ab_bd_xdma_0_pcie4_ip_gt_gtwizard_gtye4_inst/gen_gtwizard_gtye4.gen_cpll_cal_gtye4.gen_cpll_cal_inst[2].gen_inst_cpll_cal.gtwizard_ultrascale_v1_7_20_gtye4_cpll_cal_inst/gtwizard_ultrascale_v1_7_20_gtye4_cpll_cal_tx_i/bufg_gt_txoutclkmon_inst/O
    X3Y0 (CLOCK_ROOT)    net (fo=31, routed)          0.564     0.564    bd_ab_i/bd_xdma/inst/pcie4_ip_i/inst/bd_ab_bd_xdma_0_pcie4_ip_gt_top_i/diablo_gt.diablo_gt_phy_wrapper/gt_wizard.gtwizard_top_i/bd_ab_bd_xdma_0_pcie4_ip_gt_i/inst/gen_gtwizard_gtye4_top.bd_ab_bd_xdma_0_pcie4_ip_gt_gtwizard_gtye4_inst/gen_gtwizard_gtye4.gen_cpll_cal_gtye4.gen_cpll_cal_inst[2].gen_inst_cpll_cal.gtwizard_ultrascale_v1_7_20_gtye4_cpll_cal_inst/gtwizard_ultrascale_v1_7_20_gtye4_cpll_cal_tx_i/U_TXOUTCLK_FREQ_COUNTER/txoutclkmon
    SLICE_X109Y57        FDSE                                         r  bd_ab_i/bd_xdma/inst/pcie4_ip_i/inst/bd_ab_bd_xdma_0_pcie4_ip_gt_top_i/diablo_gt.diablo_gt_phy_wrapper/gt_wizard.gtwizard_top_i/bd_ab_bd_xdma_0_pcie4_ip_gt_i/inst/gen_gtwizard_gtye4_top.bd_ab_bd_xdma_0_pcie4_ip_gt_gtwizard_gtye4_inst/gen_gtwizard_gtye4.gen_cpll_cal_gtye4.gen_cpll_cal_inst[2].gen_inst_cpll_cal.gtwizard_ultrascale_v1_7_20_gtye4_cpll_cal_inst/gtwizard_ultrascale_v1_7_20_gtye4_cpll_cal_tx_i/U_TXOUTCLK_FREQ_COUNTER/testclk_div4_reg[0]/C
  -------------------------------------------------------------------    -------------------
    SLICE_X109Y57        FDSE (Prop_EFF_SLICEM_C_Q)
                                                      0.038     0.602 r  bd_ab_i/bd_xdma/inst/pcie4_ip_i/inst/bd_ab_bd_xdma_0_pcie4_ip_gt_top_i/diablo_gt.diablo_gt_phy_wrapper/gt_wizard.gtwizard_top_i/bd_ab_bd_xdma_0_pcie4_ip_gt_i/inst/gen_gtwizard_gtye4_top.bd_ab_bd_xdma_0_pcie4_ip_gt_gtwizard_gtye4_inst/gen_gtwizard_gtye4.gen_cpll_cal_gtye4.gen_cpll_cal_inst[2].gen_inst_cpll_cal.gtwizard_ultrascale_v1_7_20_gtye4_cpll_cal_inst/gtwizard_ultrascale_v1_7_20_gtye4_cpll_cal_tx_i/U_TXOUTCLK_FREQ_COUNTER/testclk_div4_reg[0]/Q
                         net (fo=2, routed)           0.069     0.671    bd_ab_i/bd_xdma/inst/pcie4_ip_i/inst/bd_ab_bd_xdma_0_pcie4_ip_gt_top_i/diablo_gt.diablo_gt_phy_wrapper/gt_wizard.gtwizard_top_i/bd_ab_bd_xdma_0_pcie4_ip_gt_i/inst/gen_gtwizard_gtye4_top.bd_ab_bd_xdma_0_pcie4_ip_gt_gtwizard_gtye4_inst/gen_gtwizard_gtye4.gen_cpll_cal_gtye4.gen_cpll_cal_inst[2].gen_inst_cpll_cal.gtwizard_ultrascale_v1_7_20_gtye4_cpll_cal_inst/gtwizard_ultrascale_v1_7_20_gtye4_cpll_cal_tx_i/U_TXOUTCLK_FREQ_COUNTER/testclk_div4[0]
    SLICE_X109Y57        FDRE                                         r  bd_ab_i/bd_xdma/inst/pcie4_ip_i/inst/bd_ab_bd_xdma_0_pcie4_ip_gt_top_i/diablo_gt.diablo_gt_phy_wrapper/gt_wizard.gtwizard_top_i/bd_ab_bd_xdma_0_pcie4_ip_gt_i/inst/gen_gtwizard_gtye4_top.bd_ab_bd_xdma_0_pcie4_ip_gt_gtwizard_gtye4_inst/gen_gtwizard_gtye4.gen_cpll_cal_gtye4.gen_cpll_cal_inst[2].gen_inst_cpll_cal.gtwizard_ultrascale_v1_7_20_gtye4_cpll_cal_inst/gtwizard_ultrascale_v1_7_20_gtye4_cpll_cal_tx_i/U_TXOUTCLK_FREQ_COUNTER/testclk_div4_reg[1]/D
  -------------------------------------------------------------------    -------------------

                         (clock bd_ab_i/bd_xdma/inst/pcie4_ip_i/inst/bd_ab_bd_xdma_0_pcie4_ip_gt_top_i/diablo_gt.diablo_gt_phy_wrapper/gt_wizard.gtwizard_top_i/bd_ab_bd_xdma_0_pcie4_ip_gt_i/inst/gen_gtwizard_gtye4_top.bd_ab_bd_xdma_0_pcie4_ip_gt_gtwizard_gtye4_inst/gen_gtwizard_gtye4.gen_cpll_cal_gtye4.gen_cpll_cal_inst[2].gen_inst_cpll_cal.gtwizard_ultrascale_v1_7_20_gtye4_cpll_cal_inst/gtwizard_ultrascale_v1_7_20_gtye4_cpll_cal_tx_i/bufg_gt_txoutclkmon_inst/O rise edge)
                                                      0.000     0.000 r  
    BUFG_GT_X0Y23        BUFG_GT                      0.000     0.000 r  bd_ab_i/bd_xdma/inst/pcie4_ip_i/inst/bd_ab_bd_xdma_0_pcie4_ip_gt_top_i/diablo_gt.diablo_gt_phy_wrapper/gt_wizard.gtwizard_top_i/bd_ab_bd_xdma_0_pcie4_ip_gt_i/inst/gen_gtwizard_gtye4_top.bd_ab_bd_xdma_0_pcie4_ip_gt_gtwizard_gtye4_inst/gen_gtwizard_gtye4.gen_cpll_cal_gtye4.gen_cpll_cal_inst[2].gen_inst_cpll_cal.gtwizard_ultrascale_v1_7_20_gtye4_cpll_cal_inst/gtwizard_ultrascale_v1_7_20_gtye4_cpll_cal_tx_i/bufg_gt_txoutclkmon_inst/O
    X3Y0 (CLOCK_ROOT)    net (fo=31, routed)          0.646     0.646    bd_ab_i/bd_xdma/inst/pcie4_ip_i/inst/bd_ab_bd_xdma_0_pcie4_ip_gt_top_i/diablo_gt.diablo_gt_phy_wrapper/gt_wizard.gtwizard_top_i/bd_ab_bd_xdma_0_pcie4_ip_gt_i/inst/gen_gtwizard_gtye4_top.bd_ab_bd_xdma_0_pcie4_ip_gt_gtwizard_gtye4_inst/gen_gtwizard_gtye4.gen_cpll_cal_gtye4.gen_cpll_cal_inst[2].gen_inst_cpll_cal.gtwizard_ultrascale_v1_7_20_gtye4_cpll_cal_inst/gtwizard_ultrascale_v1_7_20_gtye4_cpll_cal_tx_i/U_TXOUTCLK_FREQ_COUNTER/txoutclkmon
    SLICE_X109Y57        FDRE                                         r  bd_ab_i/bd_xdma/inst/pcie4_ip_i/inst/bd_ab_bd_xdma_0_pcie4_ip_gt_top_i/diablo_gt.diablo_gt_phy_wrapper/gt_wizard.gtwizard_top_i/bd_ab_bd_xdma_0_pcie4_ip_gt_i/inst/gen_gtwizard_gtye4_top.bd_ab_bd_xdma_0_pcie4_ip_gt_gtwizard_gtye4_inst/gen_gtwizard_gtye4.gen_cpll_cal_gtye4.gen_cpll_cal_inst[2].gen_inst_cpll_cal.gtwizard_ultrascale_v1_7_20_gtye4_cpll_cal_inst/gtwizard_ultrascale_v1_7_20_gtye4_cpll_cal_tx_i/U_TXOUTCLK_FREQ_COUNTER/testclk_div4_reg[1]/C
                         clock pessimism             -0.076     0.570    
    SLICE_X109Y57        FDRE (Hold_EFF2_SLICEM_C_D)
                                                      0.047     0.617    bd_ab_i/bd_xdma/inst/pcie4_ip_i/inst/bd_ab_bd_xdma_0_pcie4_ip_gt_top_i/diablo_gt.diablo_gt_phy_wrapper/gt_wizard.gtwizard_top_i/bd_ab_bd_xdma_0_pcie4_ip_gt_i/inst/gen_gtwizard_gtye4_top.bd_ab_bd_xdma_0_pcie4_ip_gt_gtwizard_gtye4_inst/gen_gtwizard_gtye4.gen_cpll_cal_gtye4.gen_cpll_cal_inst[2].gen_inst_cpll_cal.gtwizard_ultrascale_v1_7_20_gtye4_cpll_cal_inst/gtwizard_ultrascale_v1_7_20_gtye4_cpll_cal_tx_i/U_TXOUTCLK_FREQ_COUNTER/testclk_div4_reg[1]
  -------------------------------------------------------------------
                         required time                         -0.617    
                         arrival time                           0.671    
  -------------------------------------------------------------------
                         slack                                  0.054    





Pulse Width Checks
--------------------------------------------------------------------------------------
Clock Name:         bd_ab_i/bd_xdma/inst/pcie4_ip_i/inst/bd_ab_bd_xdma_0_pcie4_ip_gt_top_i/diablo_gt.diablo_gt_phy_wrapper/gt_wizard.gtwizard_top_i/bd_ab_bd_xdma_0_pcie4_ip_gt_i/inst/gen_gtwizard_gtye4_top.bd_ab_bd_xdma_0_pcie4_ip_gt_gtwizard_gtye4_inst/gen_gtwizard_gtye4.gen_cpll_cal_gtye4.gen_cpll_cal_inst[2].gen_inst_cpll_cal.gtwizard_ultrascale_v1_7_20_gtye4_cpll_cal_inst/gtwizard_ultrascale_v1_7_20_gtye4_cpll_cal_tx_i/bufg_gt_txoutclkmon_inst/O
Waveform(ns):       { 0.000 4.000 }
Period(ns):         8.000
Sources:            { bd_ab_i/bd_xdma/inst/pcie4_ip_i/inst/bd_ab_bd_xdma_0_pcie4_ip_gt_top_i/diablo_gt.diablo_gt_phy_wrapper/gt_wizard.gtwizard_top_i/bd_ab_bd_xdma_0_pcie4_ip_gt_i/inst/gen_gtwizard_gtye4_top.bd_ab_bd_xdma_0_pcie4_ip_gt_gtwizard_gtye4_inst/gen_gtwizard_gtye4.gen_cpll_cal_gtye4.gen_cpll_cal_inst[2].gen_inst_cpll_cal.gtwizard_ultrascale_v1_7_20_gtye4_cpll_cal_inst/gtwizard_ultrascale_v1_7_20_gtye4_cpll_cal_tx_i/bufg_gt_txoutclkmon_inst/O }

Check Type        Corner  Lib Pin  Reference Pin  Required(ns)  Actual(ns)  Slack(ns)  Location       Pin
Min Period        n/a     FDCE/C   n/a            0.550         8.000       7.450      SLICE_X108Y55  bd_ab_i/bd_xdma/inst/pcie4_ip_i/inst/bd_ab_bd_xdma_0_pcie4_ip_gt_top_i/diablo_gt.diablo_gt_phy_wrapper/gt_wizard.gtwizard_top_i/bd_ab_bd_xdma_0_pcie4_ip_gt_i/inst/gen_gtwizard_gtye4_top.bd_ab_bd_xdma_0_pcie4_ip_gt_gtwizard_gtye4_inst/gen_gtwizard_gtye4.gen_cpll_cal_gtye4.gen_cpll_cal_inst[2].gen_inst_cpll_cal.gtwizard_ultrascale_v1_7_20_gtye4_cpll_cal_inst/gtwizard_ultrascale_v1_7_20_gtye4_cpll_cal_tx_i/U_TXOUTCLK_FREQ_COUNTER/testclk_cnt_reg[0]/C
Low Pulse Width   Slow    FDCE/C   n/a            0.275         4.000       3.725      SLICE_X108Y55  bd_ab_i/bd_xdma/inst/pcie4_ip_i/inst/bd_ab_bd_xdma_0_pcie4_ip_gt_top_i/diablo_gt.diablo_gt_phy_wrapper/gt_wizard.gtwizard_top_i/bd_ab_bd_xdma_0_pcie4_ip_gt_i/inst/gen_gtwizard_gtye4_top.bd_ab_bd_xdma_0_pcie4_ip_gt_gtwizard_gtye4_inst/gen_gtwizard_gtye4.gen_cpll_cal_gtye4.gen_cpll_cal_inst[2].gen_inst_cpll_cal.gtwizard_ultrascale_v1_7_20_gtye4_cpll_cal_inst/gtwizard_ultrascale_v1_7_20_gtye4_cpll_cal_tx_i/U_TXOUTCLK_FREQ_COUNTER/testclk_cnt_reg[0]/C
High Pulse Width  Slow    FDCE/C   n/a            0.275         4.000       3.725      SLICE_X108Y55  bd_ab_i/bd_xdma/inst/pcie4_ip_i/inst/bd_ab_bd_xdma_0_pcie4_ip_gt_top_i/diablo_gt.diablo_gt_phy_wrapper/gt_wizard.gtwizard_top_i/bd_ab_bd_xdma_0_pcie4_ip_gt_i/inst/gen_gtwizard_gtye4_top.bd_ab_bd_xdma_0_pcie4_ip_gt_gtwizard_gtye4_inst/gen_gtwizard_gtye4.gen_cpll_cal_gtye4.gen_cpll_cal_inst[2].gen_inst_cpll_cal.gtwizard_ultrascale_v1_7_20_gtye4_cpll_cal_inst/gtwizard_ultrascale_v1_7_20_gtye4_cpll_cal_tx_i/U_TXOUTCLK_FREQ_COUNTER/testclk_cnt_reg[0]/C



---------------------------------------------------------------------------------------------------
From Clock:  bd_ab_i/bd_xdma/inst/pcie4_ip_i/inst/bd_ab_bd_xdma_0_pcie4_ip_gt_top_i/diablo_gt.diablo_gt_phy_wrapper/gt_wizard.gtwizard_top_i/bd_ab_bd_xdma_0_pcie4_ip_gt_i/inst/gen_gtwizard_gtye4_top.bd_ab_bd_xdma_0_pcie4_ip_gt_gtwizard_gtye4_inst/gen_gtwizard_gtye4.gen_cpll_cal_gtye4.gen_cpll_cal_inst[3].gen_inst_cpll_cal.gtwizard_ultrascale_v1_7_20_gtye4_cpll_cal_inst/gtwizard_ultrascale_v1_7_20_gtye4_cpll_cal_tx_i/bufg_gt_txoutclkmon_inst/O
  To Clock:  bd_ab_i/bd_xdma/inst/pcie4_ip_i/inst/bd_ab_bd_xdma_0_pcie4_ip_gt_top_i/diablo_gt.diablo_gt_phy_wrapper/gt_wizard.gtwizard_top_i/bd_ab_bd_xdma_0_pcie4_ip_gt_i/inst/gen_gtwizard_gtye4_top.bd_ab_bd_xdma_0_pcie4_ip_gt_gtwizard_gtye4_inst/gen_gtwizard_gtye4.gen_cpll_cal_gtye4.gen_cpll_cal_inst[3].gen_inst_cpll_cal.gtwizard_ultrascale_v1_7_20_gtye4_cpll_cal_inst/gtwizard_ultrascale_v1_7_20_gtye4_cpll_cal_tx_i/bufg_gt_txoutclkmon_inst/O

Setup :            0  Failing Endpoints,  Worst Slack        7.054ns,  Total Violation        0.000ns
Hold  :            0  Failing Endpoints,  Worst Slack        0.052ns,  Total Violation        0.000ns
PW    :            0  Failing Endpoints,  Worst Slack        3.725ns,  Total Violation        0.000ns
---------------------------------------------------------------------------------------------------


Max Delay Paths
--------------------------------------------------------------------------------------
Slack (MET) :             7.054ns  (required time - arrival time)
  Source:                 bd_ab_i/bd_xdma/inst/pcie4_ip_i/inst/bd_ab_bd_xdma_0_pcie4_ip_gt_top_i/diablo_gt.diablo_gt_phy_wrapper/gt_wizard.gtwizard_top_i/bd_ab_bd_xdma_0_pcie4_ip_gt_i/inst/gen_gtwizard_gtye4_top.bd_ab_bd_xdma_0_pcie4_ip_gt_gtwizard_gtye4_inst/gen_gtwizard_gtye4.gen_cpll_cal_gtye4.gen_cpll_cal_inst[3].gen_inst_cpll_cal.gtwizard_ultrascale_v1_7_20_gtye4_cpll_cal_inst/gtwizard_ultrascale_v1_7_20_gtye4_cpll_cal_tx_i/U_TXOUTCLK_FREQ_COUNTER/testclk_div4_reg[1]/C
                            (rising edge-triggered cell FDRE clocked by bd_ab_i/bd_xdma/inst/pcie4_ip_i/inst/bd_ab_bd_xdma_0_pcie4_ip_gt_top_i/diablo_gt.diablo_gt_phy_wrapper/gt_wizard.gtwizard_top_i/bd_ab_bd_xdma_0_pcie4_ip_gt_i/inst/gen_gtwizard_gtye4_top.bd_ab_bd_xdma_0_pcie4_ip_gt_gtwizard_gtye4_inst/gen_gtwizard_gtye4.gen_cpll_cal_gtye4.gen_cpll_cal_inst[3].gen_inst_cpll_cal.gtwizard_ultrascale_v1_7_20_gtye4_cpll_cal_inst/gtwizard_ultrascale_v1_7_20_gtye4_cpll_cal_tx_i/bufg_gt_txoutclkmon_inst/O  {rise@0.000ns fall@4.000ns period=8.000ns})
  Destination:            bd_ab_i/bd_xdma/inst/pcie4_ip_i/inst/bd_ab_bd_xdma_0_pcie4_ip_gt_top_i/diablo_gt.diablo_gt_phy_wrapper/gt_wizard.gtwizard_top_i/bd_ab_bd_xdma_0_pcie4_ip_gt_i/inst/gen_gtwizard_gtye4_top.bd_ab_bd_xdma_0_pcie4_ip_gt_gtwizard_gtye4_inst/gen_gtwizard_gtye4.gen_cpll_cal_gtye4.gen_cpll_cal_inst[3].gen_inst_cpll_cal.gtwizard_ultrascale_v1_7_20_gtye4_cpll_cal_inst/gtwizard_ultrascale_v1_7_20_gtye4_cpll_cal_tx_i/U_TXOUTCLK_FREQ_COUNTER/testclk_cnt_reg[16]/CE
                            (rising edge-triggered cell FDCE clocked by bd_ab_i/bd_xdma/inst/pcie4_ip_i/inst/bd_ab_bd_xdma_0_pcie4_ip_gt_top_i/diablo_gt.diablo_gt_phy_wrapper/gt_wizard.gtwizard_top_i/bd_ab_bd_xdma_0_pcie4_ip_gt_i/inst/gen_gtwizard_gtye4_top.bd_ab_bd_xdma_0_pcie4_ip_gt_gtwizard_gtye4_inst/gen_gtwizard_gtye4.gen_cpll_cal_gtye4.gen_cpll_cal_inst[3].gen_inst_cpll_cal.gtwizard_ultrascale_v1_7_20_gtye4_cpll_cal_inst/gtwizard_ultrascale_v1_7_20_gtye4_cpll_cal_tx_i/bufg_gt_txoutclkmon_inst/O  {rise@0.000ns fall@4.000ns period=8.000ns})
  Path Group:             bd_ab_i/bd_xdma/inst/pcie4_ip_i/inst/bd_ab_bd_xdma_0_pcie4_ip_gt_top_i/diablo_gt.diablo_gt_phy_wrapper/gt_wizard.gtwizard_top_i/bd_ab_bd_xdma_0_pcie4_ip_gt_i/inst/gen_gtwizard_gtye4_top.bd_ab_bd_xdma_0_pcie4_ip_gt_gtwizard_gtye4_inst/gen_gtwizard_gtye4.gen_cpll_cal_gtye4.gen_cpll_cal_inst[3].gen_inst_cpll_cal.gtwizard_ultrascale_v1_7_20_gtye4_cpll_cal_inst/gtwizard_ultrascale_v1_7_20_gtye4_cpll_cal_tx_i/bufg_gt_txoutclkmon_inst/O
  Path Type:              Setup (Max at Slow Process Corner)
  Requirement:            8.000ns  (bd_ab_i/bd_xdma/inst/pcie4_ip_i/inst/bd_ab_bd_xdma_0_pcie4_ip_gt_top_i/diablo_gt.diablo_gt_phy_wrapper/gt_wizard.gtwizard_top_i/bd_ab_bd_xdma_0_pcie4_ip_gt_i/inst/gen_gtwizard_gtye4_top.bd_ab_bd_xdma_0_pcie4_ip_gt_gtwizard_gtye4_inst/gen_gtwizard_gtye4.gen_cpll_cal_gtye4.gen_cpll_cal_inst[3].gen_inst_cpll_cal.gtwizard_ultrascale_v1_7_20_gtye4_cpll_cal_inst/gtwizard_ultrascale_v1_7_20_gtye4_cpll_cal_tx_i/bufg_gt_txoutclkmon_inst/O rise@8.000ns - bd_ab_i/bd_xdma/inst/pcie4_ip_i/inst/bd_ab_bd_xdma_0_pcie4_ip_gt_top_i/diablo_gt.diablo_gt_phy_wrapper/gt_wizard.gtwizard_top_i/bd_ab_bd_xdma_0_pcie4_ip_gt_i/inst/gen_gtwizard_gtye4_top.bd_ab_bd_xdma_0_pcie4_ip_gt_gtwizard_gtye4_inst/gen_gtwizard_gtye4.gen_cpll_cal_gtye4.gen_cpll_cal_inst[3].gen_inst_cpll_cal.gtwizard_ultrascale_v1_7_20_gtye4_cpll_cal_inst/gtwizard_ultrascale_v1_7_20_gtye4_cpll_cal_tx_i/bufg_gt_txoutclkmon_inst/O rise@0.000ns)
  Data Path Delay:        0.757ns  (logic 0.231ns (30.497%)  route 0.526ns (69.503%))
  Logic Levels:           1  (LUT5=1)
  Clock Path Skew:        -0.081ns (DCD - SCD + CPR)
    Destination Clock Delay (DCD):    1.246ns = ( 9.246 - 8.000 ) 
    Source Clock Delay      (SCD):    1.423ns
    Clock Pessimism Removal (CPR):    0.096ns
  Clock Uncertainty:      0.046ns  ((TSJ^2 + DJ^2)^1/2) / 2 + PE
    Total System Jitter     (TSJ):    0.071ns
    Discrete Jitter          (DJ):    0.060ns
    Phase Error              (PE):    0.000ns
  Clock Net Delay (Source):      1.423ns (routing 0.561ns, distribution 0.862ns)
  Clock Net Delay (Destination): 1.246ns (routing 0.500ns, distribution 0.746ns)

    Location             Delay type                Incr(ns)  Path(ns)    Netlist Resource(s)
  -------------------------------------------------------------------    -------------------
                         (clock bd_ab_i/bd_xdma/inst/pcie4_ip_i/inst/bd_ab_bd_xdma_0_pcie4_ip_gt_top_i/diablo_gt.diablo_gt_phy_wrapper/gt_wizard.gtwizard_top_i/bd_ab_bd_xdma_0_pcie4_ip_gt_i/inst/gen_gtwizard_gtye4_top.bd_ab_bd_xdma_0_pcie4_ip_gt_gtwizard_gtye4_inst/gen_gtwizard_gtye4.gen_cpll_cal_gtye4.gen_cpll_cal_inst[3].gen_inst_cpll_cal.gtwizard_ultrascale_v1_7_20_gtye4_cpll_cal_inst/gtwizard_ultrascale_v1_7_20_gtye4_cpll_cal_tx_i/bufg_gt_txoutclkmon_inst/O rise edge)
                                                      0.000     0.000 r  
    BUFG_GT_X0Y4         BUFG_GT                      0.000     0.000 r  bd_ab_i/bd_xdma/inst/pcie4_ip_i/inst/bd_ab_bd_xdma_0_pcie4_ip_gt_top_i/diablo_gt.diablo_gt_phy_wrapper/gt_wizard.gtwizard_top_i/bd_ab_bd_xdma_0_pcie4_ip_gt_i/inst/gen_gtwizard_gtye4_top.bd_ab_bd_xdma_0_pcie4_ip_gt_gtwizard_gtye4_inst/gen_gtwizard_gtye4.gen_cpll_cal_gtye4.gen_cpll_cal_inst[3].gen_inst_cpll_cal.gtwizard_ultrascale_v1_7_20_gtye4_cpll_cal_inst/gtwizard_ultrascale_v1_7_20_gtye4_cpll_cal_tx_i/bufg_gt_txoutclkmon_inst/O
    X3Y1 (CLOCK_ROOT)    net (fo=31, routed)          1.423     1.423    bd_ab_i/bd_xdma/inst/pcie4_ip_i/inst/bd_ab_bd_xdma_0_pcie4_ip_gt_top_i/diablo_gt.diablo_gt_phy_wrapper/gt_wizard.gtwizard_top_i/bd_ab_bd_xdma_0_pcie4_ip_gt_i/inst/gen_gtwizard_gtye4_top.bd_ab_bd_xdma_0_pcie4_ip_gt_gtwizard_gtye4_inst/gen_gtwizard_gtye4.gen_cpll_cal_gtye4.gen_cpll_cal_inst[3].gen_inst_cpll_cal.gtwizard_ultrascale_v1_7_20_gtye4_cpll_cal_inst/gtwizard_ultrascale_v1_7_20_gtye4_cpll_cal_tx_i/U_TXOUTCLK_FREQ_COUNTER/txoutclkmon
    SLICE_X106Y76        FDRE                                         r  bd_ab_i/bd_xdma/inst/pcie4_ip_i/inst/bd_ab_bd_xdma_0_pcie4_ip_gt_top_i/diablo_gt.diablo_gt_phy_wrapper/gt_wizard.gtwizard_top_i/bd_ab_bd_xdma_0_pcie4_ip_gt_i/inst/gen_gtwizard_gtye4_top.bd_ab_bd_xdma_0_pcie4_ip_gt_gtwizard_gtye4_inst/gen_gtwizard_gtye4.gen_cpll_cal_gtye4.gen_cpll_cal_inst[3].gen_inst_cpll_cal.gtwizard_ultrascale_v1_7_20_gtye4_cpll_cal_inst/gtwizard_ultrascale_v1_7_20_gtye4_cpll_cal_tx_i/U_TXOUTCLK_FREQ_COUNTER/testclk_div4_reg[1]/C
  -------------------------------------------------------------------    -------------------
    SLICE_X106Y76        FDRE (Prop_EFF2_SLICEM_C_Q)
                                                      0.079     1.502 f  bd_ab_i/bd_xdma/inst/pcie4_ip_i/inst/bd_ab_bd_xdma_0_pcie4_ip_gt_top_i/diablo_gt.diablo_gt_phy_wrapper/gt_wizard.gtwizard_top_i/bd_ab_bd_xdma_0_pcie4_ip_gt_i/inst/gen_gtwizard_gtye4_top.bd_ab_bd_xdma_0_pcie4_ip_gt_gtwizard_gtye4_inst/gen_gtwizard_gtye4.gen_cpll_cal_gtye4.gen_cpll_cal_inst[3].gen_inst_cpll_cal.gtwizard_ultrascale_v1_7_20_gtye4_cpll_cal_inst/gtwizard_ultrascale_v1_7_20_gtye4_cpll_cal_tx_i/U_TXOUTCLK_FREQ_COUNTER/testclk_div4_reg[1]/Q
                         net (fo=2, routed)           0.214     1.716    bd_ab_i/bd_xdma/inst/pcie4_ip_i/inst/bd_ab_bd_xdma_0_pcie4_ip_gt_top_i/diablo_gt.diablo_gt_phy_wrapper/gt_wizard.gtwizard_top_i/bd_ab_bd_xdma_0_pcie4_ip_gt_i/inst/gen_gtwizard_gtye4_top.bd_ab_bd_xdma_0_pcie4_ip_gt_gtwizard_gtye4_inst/gen_gtwizard_gtye4.gen_cpll_cal_gtye4.gen_cpll_cal_inst[3].gen_inst_cpll_cal.gtwizard_ultrascale_v1_7_20_gtye4_cpll_cal_inst/gtwizard_ultrascale_v1_7_20_gtye4_cpll_cal_tx_i/U_TXOUTCLK_FREQ_COUNTER/testclk_div4[1]
    SLICE_X106Y76        LUT5 (Prop_H6LUT_SLICEM_I1_O)
                                                      0.152     1.868 r  bd_ab_i/bd_xdma/inst/pcie4_ip_i/inst/bd_ab_bd_xdma_0_pcie4_ip_gt_top_i/diablo_gt.diablo_gt_phy_wrapper/gt_wizard.gtwizard_top_i/bd_ab_bd_xdma_0_pcie4_ip_gt_i/inst/gen_gtwizard_gtye4_top.bd_ab_bd_xdma_0_pcie4_ip_gt_gtwizard_gtye4_inst/gen_gtwizard_gtye4.gen_cpll_cal_gtye4.gen_cpll_cal_inst[3].gen_inst_cpll_cal.gtwizard_ultrascale_v1_7_20_gtye4_cpll_cal_inst/gtwizard_ultrascale_v1_7_20_gtye4_cpll_cal_tx_i/U_TXOUTCLK_FREQ_COUNTER/testclk_cnt0__2/O
                         net (fo=18, routed)          0.312     2.180    bd_ab_i/bd_xdma/inst/pcie4_ip_i/inst/bd_ab_bd_xdma_0_pcie4_ip_gt_top_i/diablo_gt.diablo_gt_phy_wrapper/gt_wizard.gtwizard_top_i/bd_ab_bd_xdma_0_pcie4_ip_gt_i/inst/gen_gtwizard_gtye4_top.bd_ab_bd_xdma_0_pcie4_ip_gt_gtwizard_gtye4_inst/gen_gtwizard_gtye4.gen_cpll_cal_gtye4.gen_cpll_cal_inst[3].gen_inst_cpll_cal.gtwizard_ultrascale_v1_7_20_gtye4_cpll_cal_inst/gtwizard_ultrascale_v1_7_20_gtye4_cpll_cal_tx_i/U_TXOUTCLK_FREQ_COUNTER/testclk_cnt0__2_n_0
    SLICE_X107Y77        FDCE                                         r  bd_ab_i/bd_xdma/inst/pcie4_ip_i/inst/bd_ab_bd_xdma_0_pcie4_ip_gt_top_i/diablo_gt.diablo_gt_phy_wrapper/gt_wizard.gtwizard_top_i/bd_ab_bd_xdma_0_pcie4_ip_gt_i/inst/gen_gtwizard_gtye4_top.bd_ab_bd_xdma_0_pcie4_ip_gt_gtwizard_gtye4_inst/gen_gtwizard_gtye4.gen_cpll_cal_gtye4.gen_cpll_cal_inst[3].gen_inst_cpll_cal.gtwizard_ultrascale_v1_7_20_gtye4_cpll_cal_inst/gtwizard_ultrascale_v1_7_20_gtye4_cpll_cal_tx_i/U_TXOUTCLK_FREQ_COUNTER/testclk_cnt_reg[16]/CE
  -------------------------------------------------------------------    -------------------

                         (clock bd_ab_i/bd_xdma/inst/pcie4_ip_i/inst/bd_ab_bd_xdma_0_pcie4_ip_gt_top_i/diablo_gt.diablo_gt_phy_wrapper/gt_wizard.gtwizard_top_i/bd_ab_bd_xdma_0_pcie4_ip_gt_i/inst/gen_gtwizard_gtye4_top.bd_ab_bd_xdma_0_pcie4_ip_gt_gtwizard_gtye4_inst/gen_gtwizard_gtye4.gen_cpll_cal_gtye4.gen_cpll_cal_inst[3].gen_inst_cpll_cal.gtwizard_ultrascale_v1_7_20_gtye4_cpll_cal_inst/gtwizard_ultrascale_v1_7_20_gtye4_cpll_cal_tx_i/bufg_gt_txoutclkmon_inst/O rise edge)
                                                      8.000     8.000 r  
    BUFG_GT_X0Y4         BUFG_GT                      0.000     8.000 r  bd_ab_i/bd_xdma/inst/pcie4_ip_i/inst/bd_ab_bd_xdma_0_pcie4_ip_gt_top_i/diablo_gt.diablo_gt_phy_wrapper/gt_wizard.gtwizard_top_i/bd_ab_bd_xdma_0_pcie4_ip_gt_i/inst/gen_gtwizard_gtye4_top.bd_ab_bd_xdma_0_pcie4_ip_gt_gtwizard_gtye4_inst/gen_gtwizard_gtye4.gen_cpll_cal_gtye4.gen_cpll_cal_inst[3].gen_inst_cpll_cal.gtwizard_ultrascale_v1_7_20_gtye4_cpll_cal_inst/gtwizard_ultrascale_v1_7_20_gtye4_cpll_cal_tx_i/bufg_gt_txoutclkmon_inst/O
    X3Y1 (CLOCK_ROOT)    net (fo=31, routed)          1.246     9.246    bd_ab_i/bd_xdma/inst/pcie4_ip_i/inst/bd_ab_bd_xdma_0_pcie4_ip_gt_top_i/diablo_gt.diablo_gt_phy_wrapper/gt_wizard.gtwizard_top_i/bd_ab_bd_xdma_0_pcie4_ip_gt_i/inst/gen_gtwizard_gtye4_top.bd_ab_bd_xdma_0_pcie4_ip_gt_gtwizard_gtye4_inst/gen_gtwizard_gtye4.gen_cpll_cal_gtye4.gen_cpll_cal_inst[3].gen_inst_cpll_cal.gtwizard_ultrascale_v1_7_20_gtye4_cpll_cal_inst/gtwizard_ultrascale_v1_7_20_gtye4_cpll_cal_tx_i/U_TXOUTCLK_FREQ_COUNTER/txoutclkmon
    SLICE_X107Y77        FDCE                                         r  bd_ab_i/bd_xdma/inst/pcie4_ip_i/inst/bd_ab_bd_xdma_0_pcie4_ip_gt_top_i/diablo_gt.diablo_gt_phy_wrapper/gt_wizard.gtwizard_top_i/bd_ab_bd_xdma_0_pcie4_ip_gt_i/inst/gen_gtwizard_gtye4_top.bd_ab_bd_xdma_0_pcie4_ip_gt_gtwizard_gtye4_inst/gen_gtwizard_gtye4.gen_cpll_cal_gtye4.gen_cpll_cal_inst[3].gen_inst_cpll_cal.gtwizard_ultrascale_v1_7_20_gtye4_cpll_cal_inst/gtwizard_ultrascale_v1_7_20_gtye4_cpll_cal_tx_i/U_TXOUTCLK_FREQ_COUNTER/testclk_cnt_reg[16]/C
                         clock pessimism              0.096     9.342    
                         clock uncertainty           -0.046     9.296    
    SLICE_X107Y77        FDCE (Setup_AFF_SLICEM_C_CE)
                                                     -0.061     9.235    bd_ab_i/bd_xdma/inst/pcie4_ip_i/inst/bd_ab_bd_xdma_0_pcie4_ip_gt_top_i/diablo_gt.diablo_gt_phy_wrapper/gt_wizard.gtwizard_top_i/bd_ab_bd_xdma_0_pcie4_ip_gt_i/inst/gen_gtwizard_gtye4_top.bd_ab_bd_xdma_0_pcie4_ip_gt_gtwizard_gtye4_inst/gen_gtwizard_gtye4.gen_cpll_cal_gtye4.gen_cpll_cal_inst[3].gen_inst_cpll_cal.gtwizard_ultrascale_v1_7_20_gtye4_cpll_cal_inst/gtwizard_ultrascale_v1_7_20_gtye4_cpll_cal_tx_i/U_TXOUTCLK_FREQ_COUNTER/testclk_cnt_reg[16]
  -------------------------------------------------------------------
                         required time                          9.235    
                         arrival time                          -2.180    
  -------------------------------------------------------------------
                         slack                                  7.054    





Min Delay Paths
--------------------------------------------------------------------------------------
Slack (MET) :             0.052ns  (arrival time - required time)
  Source:                 bd_ab_i/bd_xdma/inst/pcie4_ip_i/inst/bd_ab_bd_xdma_0_pcie4_ip_gt_top_i/diablo_gt.diablo_gt_phy_wrapper/gt_wizard.gtwizard_top_i/bd_ab_bd_xdma_0_pcie4_ip_gt_i/inst/gen_gtwizard_gtye4_top.bd_ab_bd_xdma_0_pcie4_ip_gt_gtwizard_gtye4_inst/gen_gtwizard_gtye4.gen_cpll_cal_gtye4.gen_cpll_cal_inst[3].gen_inst_cpll_cal.gtwizard_ultrascale_v1_7_20_gtye4_cpll_cal_inst/gtwizard_ultrascale_v1_7_20_gtye4_cpll_cal_tx_i/U_TXOUTCLK_FREQ_COUNTER/testclk_div4_reg[0]/C
                            (rising edge-triggered cell FDSE clocked by bd_ab_i/bd_xdma/inst/pcie4_ip_i/inst/bd_ab_bd_xdma_0_pcie4_ip_gt_top_i/diablo_gt.diablo_gt_phy_wrapper/gt_wizard.gtwizard_top_i/bd_ab_bd_xdma_0_pcie4_ip_gt_i/inst/gen_gtwizard_gtye4_top.bd_ab_bd_xdma_0_pcie4_ip_gt_gtwizard_gtye4_inst/gen_gtwizard_gtye4.gen_cpll_cal_gtye4.gen_cpll_cal_inst[3].gen_inst_cpll_cal.gtwizard_ultrascale_v1_7_20_gtye4_cpll_cal_inst/gtwizard_ultrascale_v1_7_20_gtye4_cpll_cal_tx_i/bufg_gt_txoutclkmon_inst/O  {rise@0.000ns fall@4.000ns period=8.000ns})
  Destination:            bd_ab_i/bd_xdma/inst/pcie4_ip_i/inst/bd_ab_bd_xdma_0_pcie4_ip_gt_top_i/diablo_gt.diablo_gt_phy_wrapper/gt_wizard.gtwizard_top_i/bd_ab_bd_xdma_0_pcie4_ip_gt_i/inst/gen_gtwizard_gtye4_top.bd_ab_bd_xdma_0_pcie4_ip_gt_gtwizard_gtye4_inst/gen_gtwizard_gtye4.gen_cpll_cal_gtye4.gen_cpll_cal_inst[3].gen_inst_cpll_cal.gtwizard_ultrascale_v1_7_20_gtye4_cpll_cal_inst/gtwizard_ultrascale_v1_7_20_gtye4_cpll_cal_tx_i/U_TXOUTCLK_FREQ_COUNTER/testclk_div4_reg[1]/D
                            (rising edge-triggered cell FDRE clocked by bd_ab_i/bd_xdma/inst/pcie4_ip_i/inst/bd_ab_bd_xdma_0_pcie4_ip_gt_top_i/diablo_gt.diablo_gt_phy_wrapper/gt_wizard.gtwizard_top_i/bd_ab_bd_xdma_0_pcie4_ip_gt_i/inst/gen_gtwizard_gtye4_top.bd_ab_bd_xdma_0_pcie4_ip_gt_gtwizard_gtye4_inst/gen_gtwizard_gtye4.gen_cpll_cal_gtye4.gen_cpll_cal_inst[3].gen_inst_cpll_cal.gtwizard_ultrascale_v1_7_20_gtye4_cpll_cal_inst/gtwizard_ultrascale_v1_7_20_gtye4_cpll_cal_tx_i/bufg_gt_txoutclkmon_inst/O  {rise@0.000ns fall@4.000ns period=8.000ns})
  Path Group:             bd_ab_i/bd_xdma/inst/pcie4_ip_i/inst/bd_ab_bd_xdma_0_pcie4_ip_gt_top_i/diablo_gt.diablo_gt_phy_wrapper/gt_wizard.gtwizard_top_i/bd_ab_bd_xdma_0_pcie4_ip_gt_i/inst/gen_gtwizard_gtye4_top.bd_ab_bd_xdma_0_pcie4_ip_gt_gtwizard_gtye4_inst/gen_gtwizard_gtye4.gen_cpll_cal_gtye4.gen_cpll_cal_inst[3].gen_inst_cpll_cal.gtwizard_ultrascale_v1_7_20_gtye4_cpll_cal_inst/gtwizard_ultrascale_v1_7_20_gtye4_cpll_cal_tx_i/bufg_gt_txoutclkmon_inst/O
  Path Type:              Hold (Min at Fast Process Corner)
  Requirement:            0.000ns  (bd_ab_i/bd_xdma/inst/pcie4_ip_i/inst/bd_ab_bd_xdma_0_pcie4_ip_gt_top_i/diablo_gt.diablo_gt_phy_wrapper/gt_wizard.gtwizard_top_i/bd_ab_bd_xdma_0_pcie4_ip_gt_i/inst/gen_gtwizard_gtye4_top.bd_ab_bd_xdma_0_pcie4_ip_gt_gtwizard_gtye4_inst/gen_gtwizard_gtye4.gen_cpll_cal_gtye4.gen_cpll_cal_inst[3].gen_inst_cpll_cal.gtwizard_ultrascale_v1_7_20_gtye4_cpll_cal_inst/gtwizard_ultrascale_v1_7_20_gtye4_cpll_cal_tx_i/bufg_gt_txoutclkmon_inst/O rise@0.000ns - bd_ab_i/bd_xdma/inst/pcie4_ip_i/inst/bd_ab_bd_xdma_0_pcie4_ip_gt_top_i/diablo_gt.diablo_gt_phy_wrapper/gt_wizard.gtwizard_top_i/bd_ab_bd_xdma_0_pcie4_ip_gt_i/inst/gen_gtwizard_gtye4_top.bd_ab_bd_xdma_0_pcie4_ip_gt_gtwizard_gtye4_inst/gen_gtwizard_gtye4.gen_cpll_cal_gtye4.gen_cpll_cal_inst[3].gen_inst_cpll_cal.gtwizard_ultrascale_v1_7_20_gtye4_cpll_cal_inst/gtwizard_ultrascale_v1_7_20_gtye4_cpll_cal_tx_i/bufg_gt_txoutclkmon_inst/O rise@0.000ns)
  Data Path Delay:        0.105ns  (logic 0.038ns (36.301%)  route 0.067ns (63.699%))
  Logic Levels:           0  
  Clock Path Skew:        0.006ns (DCD - SCD - CPR)
    Destination Clock Delay (DCD):    0.907ns
    Source Clock Delay      (SCD):    0.792ns
    Clock Pessimism Removal (CPR):    0.109ns
  Clock Net Delay (Source):      0.792ns (routing 0.313ns, distribution 0.479ns)
  Clock Net Delay (Destination): 0.907ns (routing 0.356ns, distribution 0.551ns)

    Location             Delay type                Incr(ns)  Path(ns)    Netlist Resource(s)
  -------------------------------------------------------------------    -------------------
                         (clock bd_ab_i/bd_xdma/inst/pcie4_ip_i/inst/bd_ab_bd_xdma_0_pcie4_ip_gt_top_i/diablo_gt.diablo_gt_phy_wrapper/gt_wizard.gtwizard_top_i/bd_ab_bd_xdma_0_pcie4_ip_gt_i/inst/gen_gtwizard_gtye4_top.bd_ab_bd_xdma_0_pcie4_ip_gt_gtwizard_gtye4_inst/gen_gtwizard_gtye4.gen_cpll_cal_gtye4.gen_cpll_cal_inst[3].gen_inst_cpll_cal.gtwizard_ultrascale_v1_7_20_gtye4_cpll_cal_inst/gtwizard_ultrascale_v1_7_20_gtye4_cpll_cal_tx_i/bufg_gt_txoutclkmon_inst/O rise edge)
                                                      0.000     0.000 r  
    BUFG_GT_X0Y4         BUFG_GT                      0.000     0.000 r  bd_ab_i/bd_xdma/inst/pcie4_ip_i/inst/bd_ab_bd_xdma_0_pcie4_ip_gt_top_i/diablo_gt.diablo_gt_phy_wrapper/gt_wizard.gtwizard_top_i/bd_ab_bd_xdma_0_pcie4_ip_gt_i/inst/gen_gtwizard_gtye4_top.bd_ab_bd_xdma_0_pcie4_ip_gt_gtwizard_gtye4_inst/gen_gtwizard_gtye4.gen_cpll_cal_gtye4.gen_cpll_cal_inst[3].gen_inst_cpll_cal.gtwizard_ultrascale_v1_7_20_gtye4_cpll_cal_inst/gtwizard_ultrascale_v1_7_20_gtye4_cpll_cal_tx_i/bufg_gt_txoutclkmon_inst/O
    X3Y1 (CLOCK_ROOT)    net (fo=31, routed)          0.792     0.792    bd_ab_i/bd_xdma/inst/pcie4_ip_i/inst/bd_ab_bd_xdma_0_pcie4_ip_gt_top_i/diablo_gt.diablo_gt_phy_wrapper/gt_wizard.gtwizard_top_i/bd_ab_bd_xdma_0_pcie4_ip_gt_i/inst/gen_gtwizard_gtye4_top.bd_ab_bd_xdma_0_pcie4_ip_gt_gtwizard_gtye4_inst/gen_gtwizard_gtye4.gen_cpll_cal_gtye4.gen_cpll_cal_inst[3].gen_inst_cpll_cal.gtwizard_ultrascale_v1_7_20_gtye4_cpll_cal_inst/gtwizard_ultrascale_v1_7_20_gtye4_cpll_cal_tx_i/U_TXOUTCLK_FREQ_COUNTER/txoutclkmon
    SLICE_X106Y76        FDSE                                         r  bd_ab_i/bd_xdma/inst/pcie4_ip_i/inst/bd_ab_bd_xdma_0_pcie4_ip_gt_top_i/diablo_gt.diablo_gt_phy_wrapper/gt_wizard.gtwizard_top_i/bd_ab_bd_xdma_0_pcie4_ip_gt_i/inst/gen_gtwizard_gtye4_top.bd_ab_bd_xdma_0_pcie4_ip_gt_gtwizard_gtye4_inst/gen_gtwizard_gtye4.gen_cpll_cal_gtye4.gen_cpll_cal_inst[3].gen_inst_cpll_cal.gtwizard_ultrascale_v1_7_20_gtye4_cpll_cal_inst/gtwizard_ultrascale_v1_7_20_gtye4_cpll_cal_tx_i/U_TXOUTCLK_FREQ_COUNTER/testclk_div4_reg[0]/C
  -------------------------------------------------------------------    -------------------
    SLICE_X106Y76        FDSE (Prop_EFF_SLICEM_C_Q)
                                                      0.038     0.830 r  bd_ab_i/bd_xdma/inst/pcie4_ip_i/inst/bd_ab_bd_xdma_0_pcie4_ip_gt_top_i/diablo_gt.diablo_gt_phy_wrapper/gt_wizard.gtwizard_top_i/bd_ab_bd_xdma_0_pcie4_ip_gt_i/inst/gen_gtwizard_gtye4_top.bd_ab_bd_xdma_0_pcie4_ip_gt_gtwizard_gtye4_inst/gen_gtwizard_gtye4.gen_cpll_cal_gtye4.gen_cpll_cal_inst[3].gen_inst_cpll_cal.gtwizard_ultrascale_v1_7_20_gtye4_cpll_cal_inst/gtwizard_ultrascale_v1_7_20_gtye4_cpll_cal_tx_i/U_TXOUTCLK_FREQ_COUNTER/testclk_div4_reg[0]/Q
                         net (fo=2, routed)           0.067     0.897    bd_ab_i/bd_xdma/inst/pcie4_ip_i/inst/bd_ab_bd_xdma_0_pcie4_ip_gt_top_i/diablo_gt.diablo_gt_phy_wrapper/gt_wizard.gtwizard_top_i/bd_ab_bd_xdma_0_pcie4_ip_gt_i/inst/gen_gtwizard_gtye4_top.bd_ab_bd_xdma_0_pcie4_ip_gt_gtwizard_gtye4_inst/gen_gtwizard_gtye4.gen_cpll_cal_gtye4.gen_cpll_cal_inst[3].gen_inst_cpll_cal.gtwizard_ultrascale_v1_7_20_gtye4_cpll_cal_inst/gtwizard_ultrascale_v1_7_20_gtye4_cpll_cal_tx_i/U_TXOUTCLK_FREQ_COUNTER/testclk_div4[0]
    SLICE_X106Y76        FDRE                                         r  bd_ab_i/bd_xdma/inst/pcie4_ip_i/inst/bd_ab_bd_xdma_0_pcie4_ip_gt_top_i/diablo_gt.diablo_gt_phy_wrapper/gt_wizard.gtwizard_top_i/bd_ab_bd_xdma_0_pcie4_ip_gt_i/inst/gen_gtwizard_gtye4_top.bd_ab_bd_xdma_0_pcie4_ip_gt_gtwizard_gtye4_inst/gen_gtwizard_gtye4.gen_cpll_cal_gtye4.gen_cpll_cal_inst[3].gen_inst_cpll_cal.gtwizard_ultrascale_v1_7_20_gtye4_cpll_cal_inst/gtwizard_ultrascale_v1_7_20_gtye4_cpll_cal_tx_i/U_TXOUTCLK_FREQ_COUNTER/testclk_div4_reg[1]/D
  -------------------------------------------------------------------    -------------------

                         (clock bd_ab_i/bd_xdma/inst/pcie4_ip_i/inst/bd_ab_bd_xdma_0_pcie4_ip_gt_top_i/diablo_gt.diablo_gt_phy_wrapper/gt_wizard.gtwizard_top_i/bd_ab_bd_xdma_0_pcie4_ip_gt_i/inst/gen_gtwizard_gtye4_top.bd_ab_bd_xdma_0_pcie4_ip_gt_gtwizard_gtye4_inst/gen_gtwizard_gtye4.gen_cpll_cal_gtye4.gen_cpll_cal_inst[3].gen_inst_cpll_cal.gtwizard_ultrascale_v1_7_20_gtye4_cpll_cal_inst/gtwizard_ultrascale_v1_7_20_gtye4_cpll_cal_tx_i/bufg_gt_txoutclkmon_inst/O rise edge)
                                                      0.000     0.000 r  
    BUFG_GT_X0Y4         BUFG_GT                      0.000     0.000 r  bd_ab_i/bd_xdma/inst/pcie4_ip_i/inst/bd_ab_bd_xdma_0_pcie4_ip_gt_top_i/diablo_gt.diablo_gt_phy_wrapper/gt_wizard.gtwizard_top_i/bd_ab_bd_xdma_0_pcie4_ip_gt_i/inst/gen_gtwizard_gtye4_top.bd_ab_bd_xdma_0_pcie4_ip_gt_gtwizard_gtye4_inst/gen_gtwizard_gtye4.gen_cpll_cal_gtye4.gen_cpll_cal_inst[3].gen_inst_cpll_cal.gtwizard_ultrascale_v1_7_20_gtye4_cpll_cal_inst/gtwizard_ultrascale_v1_7_20_gtye4_cpll_cal_tx_i/bufg_gt_txoutclkmon_inst/O
    X3Y1 (CLOCK_ROOT)    net (fo=31, routed)          0.907     0.907    bd_ab_i/bd_xdma/inst/pcie4_ip_i/inst/bd_ab_bd_xdma_0_pcie4_ip_gt_top_i/diablo_gt.diablo_gt_phy_wrapper/gt_wizard.gtwizard_top_i/bd_ab_bd_xdma_0_pcie4_ip_gt_i/inst/gen_gtwizard_gtye4_top.bd_ab_bd_xdma_0_pcie4_ip_gt_gtwizard_gtye4_inst/gen_gtwizard_gtye4.gen_cpll_cal_gtye4.gen_cpll_cal_inst[3].gen_inst_cpll_cal.gtwizard_ultrascale_v1_7_20_gtye4_cpll_cal_inst/gtwizard_ultrascale_v1_7_20_gtye4_cpll_cal_tx_i/U_TXOUTCLK_FREQ_COUNTER/txoutclkmon
    SLICE_X106Y76        FDRE                                         r  bd_ab_i/bd_xdma/inst/pcie4_ip_i/inst/bd_ab_bd_xdma_0_pcie4_ip_gt_top_i/diablo_gt.diablo_gt_phy_wrapper/gt_wizard.gtwizard_top_i/bd_ab_bd_xdma_0_pcie4_ip_gt_i/inst/gen_gtwizard_gtye4_top.bd_ab_bd_xdma_0_pcie4_ip_gt_gtwizard_gtye4_inst/gen_gtwizard_gtye4.gen_cpll_cal_gtye4.gen_cpll_cal_inst[3].gen_inst_cpll_cal.gtwizard_ultrascale_v1_7_20_gtye4_cpll_cal_inst/gtwizard_ultrascale_v1_7_20_gtye4_cpll_cal_tx_i/U_TXOUTCLK_FREQ_COUNTER/testclk_div4_reg[1]/C
                         clock pessimism             -0.109     0.798    
    SLICE_X106Y76        FDRE (Hold_EFF2_SLICEM_C_D)
                                                      0.047     0.845    bd_ab_i/bd_xdma/inst/pcie4_ip_i/inst/bd_ab_bd_xdma_0_pcie4_ip_gt_top_i/diablo_gt.diablo_gt_phy_wrapper/gt_wizard.gtwizard_top_i/bd_ab_bd_xdma_0_pcie4_ip_gt_i/inst/gen_gtwizard_gtye4_top.bd_ab_bd_xdma_0_pcie4_ip_gt_gtwizard_gtye4_inst/gen_gtwizard_gtye4.gen_cpll_cal_gtye4.gen_cpll_cal_inst[3].gen_inst_cpll_cal.gtwizard_ultrascale_v1_7_20_gtye4_cpll_cal_inst/gtwizard_ultrascale_v1_7_20_gtye4_cpll_cal_tx_i/U_TXOUTCLK_FREQ_COUNTER/testclk_div4_reg[1]
  -------------------------------------------------------------------
                         required time                         -0.845    
                         arrival time                           0.897    
  -------------------------------------------------------------------
                         slack                                  0.052    





Pulse Width Checks
--------------------------------------------------------------------------------------
Clock Name:         bd_ab_i/bd_xdma/inst/pcie4_ip_i/inst/bd_ab_bd_xdma_0_pcie4_ip_gt_top_i/diablo_gt.diablo_gt_phy_wrapper/gt_wizard.gtwizard_top_i/bd_ab_bd_xdma_0_pcie4_ip_gt_i/inst/gen_gtwizard_gtye4_top.bd_ab_bd_xdma_0_pcie4_ip_gt_gtwizard_gtye4_inst/gen_gtwizard_gtye4.gen_cpll_cal_gtye4.gen_cpll_cal_inst[3].gen_inst_cpll_cal.gtwizard_ultrascale_v1_7_20_gtye4_cpll_cal_inst/gtwizard_ultrascale_v1_7_20_gtye4_cpll_cal_tx_i/bufg_gt_txoutclkmon_inst/O
Waveform(ns):       { 0.000 4.000 }
Period(ns):         8.000
Sources:            { bd_ab_i/bd_xdma/inst/pcie4_ip_i/inst/bd_ab_bd_xdma_0_pcie4_ip_gt_top_i/diablo_gt.diablo_gt_phy_wrapper/gt_wizard.gtwizard_top_i/bd_ab_bd_xdma_0_pcie4_ip_gt_i/inst/gen_gtwizard_gtye4_top.bd_ab_bd_xdma_0_pcie4_ip_gt_gtwizard_gtye4_inst/gen_gtwizard_gtye4.gen_cpll_cal_gtye4.gen_cpll_cal_inst[3].gen_inst_cpll_cal.gtwizard_ultrascale_v1_7_20_gtye4_cpll_cal_inst/gtwizard_ultrascale_v1_7_20_gtye4_cpll_cal_tx_i/bufg_gt_txoutclkmon_inst/O }

Check Type        Corner  Lib Pin  Reference Pin  Required(ns)  Actual(ns)  Slack(ns)  Location       Pin
Min Period        n/a     FDCE/C   n/a            0.550         8.000       7.450      SLICE_X107Y75  bd_ab_i/bd_xdma/inst/pcie4_ip_i/inst/bd_ab_bd_xdma_0_pcie4_ip_gt_top_i/diablo_gt.diablo_gt_phy_wrapper/gt_wizard.gtwizard_top_i/bd_ab_bd_xdma_0_pcie4_ip_gt_i/inst/gen_gtwizard_gtye4_top.bd_ab_bd_xdma_0_pcie4_ip_gt_gtwizard_gtye4_inst/gen_gtwizard_gtye4.gen_cpll_cal_gtye4.gen_cpll_cal_inst[3].gen_inst_cpll_cal.gtwizard_ultrascale_v1_7_20_gtye4_cpll_cal_inst/gtwizard_ultrascale_v1_7_20_gtye4_cpll_cal_tx_i/U_TXOUTCLK_FREQ_COUNTER/testclk_cnt_reg[0]/C
Low Pulse Width   Slow    FDCE/C   n/a            0.275         4.000       3.725      SLICE_X107Y75  bd_ab_i/bd_xdma/inst/pcie4_ip_i/inst/bd_ab_bd_xdma_0_pcie4_ip_gt_top_i/diablo_gt.diablo_gt_phy_wrapper/gt_wizard.gtwizard_top_i/bd_ab_bd_xdma_0_pcie4_ip_gt_i/inst/gen_gtwizard_gtye4_top.bd_ab_bd_xdma_0_pcie4_ip_gt_gtwizard_gtye4_inst/gen_gtwizard_gtye4.gen_cpll_cal_gtye4.gen_cpll_cal_inst[3].gen_inst_cpll_cal.gtwizard_ultrascale_v1_7_20_gtye4_cpll_cal_inst/gtwizard_ultrascale_v1_7_20_gtye4_cpll_cal_tx_i/U_TXOUTCLK_FREQ_COUNTER/testclk_cnt_reg[0]/C
High Pulse Width  Slow    FDCE/C   n/a            0.275         4.000       3.725      SLICE_X107Y75  bd_ab_i/bd_xdma/inst/pcie4_ip_i/inst/bd_ab_bd_xdma_0_pcie4_ip_gt_top_i/diablo_gt.diablo_gt_phy_wrapper/gt_wizard.gtwizard_top_i/bd_ab_bd_xdma_0_pcie4_ip_gt_i/inst/gen_gtwizard_gtye4_top.bd_ab_bd_xdma_0_pcie4_ip_gt_gtwizard_gtye4_inst/gen_gtwizard_gtye4.gen_cpll_cal_gtye4.gen_cpll_cal_inst[3].gen_inst_cpll_cal.gtwizard_ultrascale_v1_7_20_gtye4_cpll_cal_inst/gtwizard_ultrascale_v1_7_20_gtye4_cpll_cal_tx_i/U_TXOUTCLK_FREQ_COUNTER/testclk_cnt_reg[0]/C



---------------------------------------------------------------------------------------------------
From Clock:  bd_ab_i/bd_xdma/inst/pcie4_ip_i/inst/bd_ab_bd_xdma_0_pcie4_ip_gt_top_i/diablo_gt.diablo_gt_phy_wrapper/gt_wizard.gtwizard_top_i/bd_ab_bd_xdma_0_pcie4_ip_gt_i/inst/gen_gtwizard_gtye4_top.bd_ab_bd_xdma_0_pcie4_ip_gt_gtwizard_gtye4_inst/gen_gtwizard_gtye4.gen_cpll_cal_gtye4.gen_cpll_cal_inst[4].gen_inst_cpll_cal.gtwizard_ultrascale_v1_7_20_gtye4_cpll_cal_inst/gtwizard_ultrascale_v1_7_20_gtye4_cpll_cal_tx_i/bufg_gt_txoutclkmon_inst/O
  To Clock:  bd_ab_i/bd_xdma/inst/pcie4_ip_i/inst/bd_ab_bd_xdma_0_pcie4_ip_gt_top_i/diablo_gt.diablo_gt_phy_wrapper/gt_wizard.gtwizard_top_i/bd_ab_bd_xdma_0_pcie4_ip_gt_i/inst/gen_gtwizard_gtye4_top.bd_ab_bd_xdma_0_pcie4_ip_gt_gtwizard_gtye4_inst/gen_gtwizard_gtye4.gen_cpll_cal_gtye4.gen_cpll_cal_inst[4].gen_inst_cpll_cal.gtwizard_ultrascale_v1_7_20_gtye4_cpll_cal_inst/gtwizard_ultrascale_v1_7_20_gtye4_cpll_cal_tx_i/bufg_gt_txoutclkmon_inst/O

Setup :            0  Failing Endpoints,  Worst Slack        7.051ns,  Total Violation        0.000ns
Hold  :            0  Failing Endpoints,  Worst Slack        0.052ns,  Total Violation        0.000ns
PW    :            0  Failing Endpoints,  Worst Slack        3.725ns,  Total Violation        0.000ns
---------------------------------------------------------------------------------------------------


Max Delay Paths
--------------------------------------------------------------------------------------
Slack (MET) :             7.051ns  (required time - arrival time)
  Source:                 bd_ab_i/bd_xdma/inst/pcie4_ip_i/inst/bd_ab_bd_xdma_0_pcie4_ip_gt_top_i/diablo_gt.diablo_gt_phy_wrapper/gt_wizard.gtwizard_top_i/bd_ab_bd_xdma_0_pcie4_ip_gt_i/inst/gen_gtwizard_gtye4_top.bd_ab_bd_xdma_0_pcie4_ip_gt_gtwizard_gtye4_inst/gen_gtwizard_gtye4.gen_cpll_cal_gtye4.gen_cpll_cal_inst[4].gen_inst_cpll_cal.gtwizard_ultrascale_v1_7_20_gtye4_cpll_cal_inst/gtwizard_ultrascale_v1_7_20_gtye4_cpll_cal_tx_i/U_TXOUTCLK_FREQ_COUNTER/testclk_div4_reg[1]/C
                            (rising edge-triggered cell FDRE clocked by bd_ab_i/bd_xdma/inst/pcie4_ip_i/inst/bd_ab_bd_xdma_0_pcie4_ip_gt_top_i/diablo_gt.diablo_gt_phy_wrapper/gt_wizard.gtwizard_top_i/bd_ab_bd_xdma_0_pcie4_ip_gt_i/inst/gen_gtwizard_gtye4_top.bd_ab_bd_xdma_0_pcie4_ip_gt_gtwizard_gtye4_inst/gen_gtwizard_gtye4.gen_cpll_cal_gtye4.gen_cpll_cal_inst[4].gen_inst_cpll_cal.gtwizard_ultrascale_v1_7_20_gtye4_cpll_cal_inst/gtwizard_ultrascale_v1_7_20_gtye4_cpll_cal_tx_i/bufg_gt_txoutclkmon_inst/O  {rise@0.000ns fall@4.000ns period=8.000ns})
  Destination:            bd_ab_i/bd_xdma/inst/pcie4_ip_i/inst/bd_ab_bd_xdma_0_pcie4_ip_gt_top_i/diablo_gt.diablo_gt_phy_wrapper/gt_wizard.gtwizard_top_i/bd_ab_bd_xdma_0_pcie4_ip_gt_i/inst/gen_gtwizard_gtye4_top.bd_ab_bd_xdma_0_pcie4_ip_gt_gtwizard_gtye4_inst/gen_gtwizard_gtye4.gen_cpll_cal_gtye4.gen_cpll_cal_inst[4].gen_inst_cpll_cal.gtwizard_ultrascale_v1_7_20_gtye4_cpll_cal_inst/gtwizard_ultrascale_v1_7_20_gtye4_cpll_cal_tx_i/U_TXOUTCLK_FREQ_COUNTER/testclk_cnt_reg[0]/CE
                            (rising edge-triggered cell FDCE clocked by bd_ab_i/bd_xdma/inst/pcie4_ip_i/inst/bd_ab_bd_xdma_0_pcie4_ip_gt_top_i/diablo_gt.diablo_gt_phy_wrapper/gt_wizard.gtwizard_top_i/bd_ab_bd_xdma_0_pcie4_ip_gt_i/inst/gen_gtwizard_gtye4_top.bd_ab_bd_xdma_0_pcie4_ip_gt_gtwizard_gtye4_inst/gen_gtwizard_gtye4.gen_cpll_cal_gtye4.gen_cpll_cal_inst[4].gen_inst_cpll_cal.gtwizard_ultrascale_v1_7_20_gtye4_cpll_cal_inst/gtwizard_ultrascale_v1_7_20_gtye4_cpll_cal_tx_i/bufg_gt_txoutclkmon_inst/O  {rise@0.000ns fall@4.000ns period=8.000ns})
  Path Group:             bd_ab_i/bd_xdma/inst/pcie4_ip_i/inst/bd_ab_bd_xdma_0_pcie4_ip_gt_top_i/diablo_gt.diablo_gt_phy_wrapper/gt_wizard.gtwizard_top_i/bd_ab_bd_xdma_0_pcie4_ip_gt_i/inst/gen_gtwizard_gtye4_top.bd_ab_bd_xdma_0_pcie4_ip_gt_gtwizard_gtye4_inst/gen_gtwizard_gtye4.gen_cpll_cal_gtye4.gen_cpll_cal_inst[4].gen_inst_cpll_cal.gtwizard_ultrascale_v1_7_20_gtye4_cpll_cal_inst/gtwizard_ultrascale_v1_7_20_gtye4_cpll_cal_tx_i/bufg_gt_txoutclkmon_inst/O
  Path Type:              Setup (Max at Slow Process Corner)
  Requirement:            8.000ns  (bd_ab_i/bd_xdma/inst/pcie4_ip_i/inst/bd_ab_bd_xdma_0_pcie4_ip_gt_top_i/diablo_gt.diablo_gt_phy_wrapper/gt_wizard.gtwizard_top_i/bd_ab_bd_xdma_0_pcie4_ip_gt_i/inst/gen_gtwizard_gtye4_top.bd_ab_bd_xdma_0_pcie4_ip_gt_gtwizard_gtye4_inst/gen_gtwizard_gtye4.gen_cpll_cal_gtye4.gen_cpll_cal_inst[4].gen_inst_cpll_cal.gtwizard_ultrascale_v1_7_20_gtye4_cpll_cal_inst/gtwizard_ultrascale_v1_7_20_gtye4_cpll_cal_tx_i/bufg_gt_txoutclkmon_inst/O rise@8.000ns - bd_ab_i/bd_xdma/inst/pcie4_ip_i/inst/bd_ab_bd_xdma_0_pcie4_ip_gt_top_i/diablo_gt.diablo_gt_phy_wrapper/gt_wizard.gtwizard_top_i/bd_ab_bd_xdma_0_pcie4_ip_gt_i/inst/gen_gtwizard_gtye4_top.bd_ab_bd_xdma_0_pcie4_ip_gt_gtwizard_gtye4_inst/gen_gtwizard_gtye4.gen_cpll_cal_gtye4.gen_cpll_cal_inst[4].gen_inst_cpll_cal.gtwizard_ultrascale_v1_7_20_gtye4_cpll_cal_inst/gtwizard_ultrascale_v1_7_20_gtye4_cpll_cal_tx_i/bufg_gt_txoutclkmon_inst/O rise@0.000ns)
  Data Path Delay:        0.780ns  (logic 0.231ns (29.622%)  route 0.549ns (70.378%))
  Logic Levels:           1  (LUT5=1)
  Clock Path Skew:        -0.063ns (DCD - SCD + CPR)
    Destination Clock Delay (DCD):    0.480ns = ( 8.480 - 8.000 ) 
    Source Clock Delay      (SCD):    0.592ns
    Clock Pessimism Removal (CPR):    0.049ns
  Clock Uncertainty:      0.046ns  ((TSJ^2 + DJ^2)^1/2) / 2 + PE
    Total System Jitter     (TSJ):    0.071ns
    Discrete Jitter          (DJ):    0.060ns
    Phase Error              (PE):    0.000ns
  Clock Net Delay (Source):      0.592ns (routing 0.002ns, distribution 0.590ns)
  Clock Net Delay (Destination): 0.480ns (routing 0.001ns, distribution 0.479ns)

    Location             Delay type                Incr(ns)  Path(ns)    Netlist Resource(s)
  -------------------------------------------------------------------    -------------------
                         (clock bd_ab_i/bd_xdma/inst/pcie4_ip_i/inst/bd_ab_bd_xdma_0_pcie4_ip_gt_top_i/diablo_gt.diablo_gt_phy_wrapper/gt_wizard.gtwizard_top_i/bd_ab_bd_xdma_0_pcie4_ip_gt_i/inst/gen_gtwizard_gtye4_top.bd_ab_bd_xdma_0_pcie4_ip_gt_gtwizard_gtye4_inst/gen_gtwizard_gtye4.gen_cpll_cal_gtye4.gen_cpll_cal_inst[4].gen_inst_cpll_cal.gtwizard_ultrascale_v1_7_20_gtye4_cpll_cal_inst/gtwizard_ultrascale_v1_7_20_gtye4_cpll_cal_tx_i/bufg_gt_txoutclkmon_inst/O rise edge)
                                                      0.000     0.000 r  
    BUFG_GT_X0Y36        BUFG_GT                      0.000     0.000 r  bd_ab_i/bd_xdma/inst/pcie4_ip_i/inst/bd_ab_bd_xdma_0_pcie4_ip_gt_top_i/diablo_gt.diablo_gt_phy_wrapper/gt_wizard.gtwizard_top_i/bd_ab_bd_xdma_0_pcie4_ip_gt_i/inst/gen_gtwizard_gtye4_top.bd_ab_bd_xdma_0_pcie4_ip_gt_gtwizard_gtye4_inst/gen_gtwizard_gtye4.gen_cpll_cal_gtye4.gen_cpll_cal_inst[4].gen_inst_cpll_cal.gtwizard_ultrascale_v1_7_20_gtye4_cpll_cal_inst/gtwizard_ultrascale_v1_7_20_gtye4_cpll_cal_tx_i/bufg_gt_txoutclkmon_inst/O
    X3Y1 (CLOCK_ROOT)    net (fo=31, routed)          0.592     0.592    bd_ab_i/bd_xdma/inst/pcie4_ip_i/inst/bd_ab_bd_xdma_0_pcie4_ip_gt_top_i/diablo_gt.diablo_gt_phy_wrapper/gt_wizard.gtwizard_top_i/bd_ab_bd_xdma_0_pcie4_ip_gt_i/inst/gen_gtwizard_gtye4_top.bd_ab_bd_xdma_0_pcie4_ip_gt_gtwizard_gtye4_inst/gen_gtwizard_gtye4.gen_cpll_cal_gtye4.gen_cpll_cal_inst[4].gen_inst_cpll_cal.gtwizard_ultrascale_v1_7_20_gtye4_cpll_cal_inst/gtwizard_ultrascale_v1_7_20_gtye4_cpll_cal_tx_i/U_TXOUTCLK_FREQ_COUNTER/txoutclkmon
    SLICE_X107Y78        FDRE                                         r  bd_ab_i/bd_xdma/inst/pcie4_ip_i/inst/bd_ab_bd_xdma_0_pcie4_ip_gt_top_i/diablo_gt.diablo_gt_phy_wrapper/gt_wizard.gtwizard_top_i/bd_ab_bd_xdma_0_pcie4_ip_gt_i/inst/gen_gtwizard_gtye4_top.bd_ab_bd_xdma_0_pcie4_ip_gt_gtwizard_gtye4_inst/gen_gtwizard_gtye4.gen_cpll_cal_gtye4.gen_cpll_cal_inst[4].gen_inst_cpll_cal.gtwizard_ultrascale_v1_7_20_gtye4_cpll_cal_inst/gtwizard_ultrascale_v1_7_20_gtye4_cpll_cal_tx_i/U_TXOUTCLK_FREQ_COUNTER/testclk_div4_reg[1]/C
  -------------------------------------------------------------------    -------------------
    SLICE_X107Y78        FDRE (Prop_EFF2_SLICEM_C_Q)
                                                      0.079     0.671 f  bd_ab_i/bd_xdma/inst/pcie4_ip_i/inst/bd_ab_bd_xdma_0_pcie4_ip_gt_top_i/diablo_gt.diablo_gt_phy_wrapper/gt_wizard.gtwizard_top_i/bd_ab_bd_xdma_0_pcie4_ip_gt_i/inst/gen_gtwizard_gtye4_top.bd_ab_bd_xdma_0_pcie4_ip_gt_gtwizard_gtye4_inst/gen_gtwizard_gtye4.gen_cpll_cal_gtye4.gen_cpll_cal_inst[4].gen_inst_cpll_cal.gtwizard_ultrascale_v1_7_20_gtye4_cpll_cal_inst/gtwizard_ultrascale_v1_7_20_gtye4_cpll_cal_tx_i/U_TXOUTCLK_FREQ_COUNTER/testclk_div4_reg[1]/Q
                         net (fo=2, routed)           0.239     0.910    bd_ab_i/bd_xdma/inst/pcie4_ip_i/inst/bd_ab_bd_xdma_0_pcie4_ip_gt_top_i/diablo_gt.diablo_gt_phy_wrapper/gt_wizard.gtwizard_top_i/bd_ab_bd_xdma_0_pcie4_ip_gt_i/inst/gen_gtwizard_gtye4_top.bd_ab_bd_xdma_0_pcie4_ip_gt_gtwizard_gtye4_inst/gen_gtwizard_gtye4.gen_cpll_cal_gtye4.gen_cpll_cal_inst[4].gen_inst_cpll_cal.gtwizard_ultrascale_v1_7_20_gtye4_cpll_cal_inst/gtwizard_ultrascale_v1_7_20_gtye4_cpll_cal_tx_i/U_TXOUTCLK_FREQ_COUNTER/testclk_div4[1]
    SLICE_X107Y78        LUT5 (Prop_H6LUT_SLICEM_I1_O)
                                                      0.152     1.062 r  bd_ab_i/bd_xdma/inst/pcie4_ip_i/inst/bd_ab_bd_xdma_0_pcie4_ip_gt_top_i/diablo_gt.diablo_gt_phy_wrapper/gt_wizard.gtwizard_top_i/bd_ab_bd_xdma_0_pcie4_ip_gt_i/inst/gen_gtwizard_gtye4_top.bd_ab_bd_xdma_0_pcie4_ip_gt_gtwizard_gtye4_inst/gen_gtwizard_gtye4.gen_cpll_cal_gtye4.gen_cpll_cal_inst[4].gen_inst_cpll_cal.gtwizard_ultrascale_v1_7_20_gtye4_cpll_cal_inst/gtwizard_ultrascale_v1_7_20_gtye4_cpll_cal_tx_i/U_TXOUTCLK_FREQ_COUNTER/testclk_cnt0__3/O
                         net (fo=18, routed)          0.310     1.372    bd_ab_i/bd_xdma/inst/pcie4_ip_i/inst/bd_ab_bd_xdma_0_pcie4_ip_gt_top_i/diablo_gt.diablo_gt_phy_wrapper/gt_wizard.gtwizard_top_i/bd_ab_bd_xdma_0_pcie4_ip_gt_i/inst/gen_gtwizard_gtye4_top.bd_ab_bd_xdma_0_pcie4_ip_gt_gtwizard_gtye4_inst/gen_gtwizard_gtye4.gen_cpll_cal_gtye4.gen_cpll_cal_inst[4].gen_inst_cpll_cal.gtwizard_ultrascale_v1_7_20_gtye4_cpll_cal_inst/gtwizard_ultrascale_v1_7_20_gtye4_cpll_cal_tx_i/U_TXOUTCLK_FREQ_COUNTER/testclk_cnt0__3_n_0
    SLICE_X108Y77        FDCE                                         r  bd_ab_i/bd_xdma/inst/pcie4_ip_i/inst/bd_ab_bd_xdma_0_pcie4_ip_gt_top_i/diablo_gt.diablo_gt_phy_wrapper/gt_wizard.gtwizard_top_i/bd_ab_bd_xdma_0_pcie4_ip_gt_i/inst/gen_gtwizard_gtye4_top.bd_ab_bd_xdma_0_pcie4_ip_gt_gtwizard_gtye4_inst/gen_gtwizard_gtye4.gen_cpll_cal_gtye4.gen_cpll_cal_inst[4].gen_inst_cpll_cal.gtwizard_ultrascale_v1_7_20_gtye4_cpll_cal_inst/gtwizard_ultrascale_v1_7_20_gtye4_cpll_cal_tx_i/U_TXOUTCLK_FREQ_COUNTER/testclk_cnt_reg[0]/CE
  -------------------------------------------------------------------    -------------------

                         (clock bd_ab_i/bd_xdma/inst/pcie4_ip_i/inst/bd_ab_bd_xdma_0_pcie4_ip_gt_top_i/diablo_gt.diablo_gt_phy_wrapper/gt_wizard.gtwizard_top_i/bd_ab_bd_xdma_0_pcie4_ip_gt_i/inst/gen_gtwizard_gtye4_top.bd_ab_bd_xdma_0_pcie4_ip_gt_gtwizard_gtye4_inst/gen_gtwizard_gtye4.gen_cpll_cal_gtye4.gen_cpll_cal_inst[4].gen_inst_cpll_cal.gtwizard_ultrascale_v1_7_20_gtye4_cpll_cal_inst/gtwizard_ultrascale_v1_7_20_gtye4_cpll_cal_tx_i/bufg_gt_txoutclkmon_inst/O rise edge)
                                                      8.000     8.000 r  
    BUFG_GT_X0Y36        BUFG_GT                      0.000     8.000 r  bd_ab_i/bd_xdma/inst/pcie4_ip_i/inst/bd_ab_bd_xdma_0_pcie4_ip_gt_top_i/diablo_gt.diablo_gt_phy_wrapper/gt_wizard.gtwizard_top_i/bd_ab_bd_xdma_0_pcie4_ip_gt_i/inst/gen_gtwizard_gtye4_top.bd_ab_bd_xdma_0_pcie4_ip_gt_gtwizard_gtye4_inst/gen_gtwizard_gtye4.gen_cpll_cal_gtye4.gen_cpll_cal_inst[4].gen_inst_cpll_cal.gtwizard_ultrascale_v1_7_20_gtye4_cpll_cal_inst/gtwizard_ultrascale_v1_7_20_gtye4_cpll_cal_tx_i/bufg_gt_txoutclkmon_inst/O
    X3Y1 (CLOCK_ROOT)    net (fo=31, routed)          0.480     8.480    bd_ab_i/bd_xdma/inst/pcie4_ip_i/inst/bd_ab_bd_xdma_0_pcie4_ip_gt_top_i/diablo_gt.diablo_gt_phy_wrapper/gt_wizard.gtwizard_top_i/bd_ab_bd_xdma_0_pcie4_ip_gt_i/inst/gen_gtwizard_gtye4_top.bd_ab_bd_xdma_0_pcie4_ip_gt_gtwizard_gtye4_inst/gen_gtwizard_gtye4.gen_cpll_cal_gtye4.gen_cpll_cal_inst[4].gen_inst_cpll_cal.gtwizard_ultrascale_v1_7_20_gtye4_cpll_cal_inst/gtwizard_ultrascale_v1_7_20_gtye4_cpll_cal_tx_i/U_TXOUTCLK_FREQ_COUNTER/txoutclkmon
    SLICE_X108Y77        FDCE                                         r  bd_ab_i/bd_xdma/inst/pcie4_ip_i/inst/bd_ab_bd_xdma_0_pcie4_ip_gt_top_i/diablo_gt.diablo_gt_phy_wrapper/gt_wizard.gtwizard_top_i/bd_ab_bd_xdma_0_pcie4_ip_gt_i/inst/gen_gtwizard_gtye4_top.bd_ab_bd_xdma_0_pcie4_ip_gt_gtwizard_gtye4_inst/gen_gtwizard_gtye4.gen_cpll_cal_gtye4.gen_cpll_cal_inst[4].gen_inst_cpll_cal.gtwizard_ultrascale_v1_7_20_gtye4_cpll_cal_inst/gtwizard_ultrascale_v1_7_20_gtye4_cpll_cal_tx_i/U_TXOUTCLK_FREQ_COUNTER/testclk_cnt_reg[0]/C
                         clock pessimism              0.049     8.529    
                         clock uncertainty           -0.046     8.483    
    SLICE_X108Y77        FDCE (Setup_AFF_SLICEL_C_CE)
                                                     -0.060     8.423    bd_ab_i/bd_xdma/inst/pcie4_ip_i/inst/bd_ab_bd_xdma_0_pcie4_ip_gt_top_i/diablo_gt.diablo_gt_phy_wrapper/gt_wizard.gtwizard_top_i/bd_ab_bd_xdma_0_pcie4_ip_gt_i/inst/gen_gtwizard_gtye4_top.bd_ab_bd_xdma_0_pcie4_ip_gt_gtwizard_gtye4_inst/gen_gtwizard_gtye4.gen_cpll_cal_gtye4.gen_cpll_cal_inst[4].gen_inst_cpll_cal.gtwizard_ultrascale_v1_7_20_gtye4_cpll_cal_inst/gtwizard_ultrascale_v1_7_20_gtye4_cpll_cal_tx_i/U_TXOUTCLK_FREQ_COUNTER/testclk_cnt_reg[0]
  -------------------------------------------------------------------
                         required time                          8.423    
                         arrival time                          -1.372    
  -------------------------------------------------------------------
                         slack                                  7.051    





Min Delay Paths
--------------------------------------------------------------------------------------
Slack (MET) :             0.052ns  (arrival time - required time)
  Source:                 bd_ab_i/bd_xdma/inst/pcie4_ip_i/inst/bd_ab_bd_xdma_0_pcie4_ip_gt_top_i/diablo_gt.diablo_gt_phy_wrapper/gt_wizard.gtwizard_top_i/bd_ab_bd_xdma_0_pcie4_ip_gt_i/inst/gen_gtwizard_gtye4_top.bd_ab_bd_xdma_0_pcie4_ip_gt_gtwizard_gtye4_inst/gen_gtwizard_gtye4.gen_cpll_cal_gtye4.gen_cpll_cal_inst[4].gen_inst_cpll_cal.gtwizard_ultrascale_v1_7_20_gtye4_cpll_cal_inst/gtwizard_ultrascale_v1_7_20_gtye4_cpll_cal_tx_i/U_TXOUTCLK_FREQ_COUNTER/testclk_div4_reg[0]/C
                            (rising edge-triggered cell FDSE clocked by bd_ab_i/bd_xdma/inst/pcie4_ip_i/inst/bd_ab_bd_xdma_0_pcie4_ip_gt_top_i/diablo_gt.diablo_gt_phy_wrapper/gt_wizard.gtwizard_top_i/bd_ab_bd_xdma_0_pcie4_ip_gt_i/inst/gen_gtwizard_gtye4_top.bd_ab_bd_xdma_0_pcie4_ip_gt_gtwizard_gtye4_inst/gen_gtwizard_gtye4.gen_cpll_cal_gtye4.gen_cpll_cal_inst[4].gen_inst_cpll_cal.gtwizard_ultrascale_v1_7_20_gtye4_cpll_cal_inst/gtwizard_ultrascale_v1_7_20_gtye4_cpll_cal_tx_i/bufg_gt_txoutclkmon_inst/O  {rise@0.000ns fall@4.000ns period=8.000ns})
  Destination:            bd_ab_i/bd_xdma/inst/pcie4_ip_i/inst/bd_ab_bd_xdma_0_pcie4_ip_gt_top_i/diablo_gt.diablo_gt_phy_wrapper/gt_wizard.gtwizard_top_i/bd_ab_bd_xdma_0_pcie4_ip_gt_i/inst/gen_gtwizard_gtye4_top.bd_ab_bd_xdma_0_pcie4_ip_gt_gtwizard_gtye4_inst/gen_gtwizard_gtye4.gen_cpll_cal_gtye4.gen_cpll_cal_inst[4].gen_inst_cpll_cal.gtwizard_ultrascale_v1_7_20_gtye4_cpll_cal_inst/gtwizard_ultrascale_v1_7_20_gtye4_cpll_cal_tx_i/U_TXOUTCLK_FREQ_COUNTER/testclk_div4_reg[1]/D
                            (rising edge-triggered cell FDRE clocked by bd_ab_i/bd_xdma/inst/pcie4_ip_i/inst/bd_ab_bd_xdma_0_pcie4_ip_gt_top_i/diablo_gt.diablo_gt_phy_wrapper/gt_wizard.gtwizard_top_i/bd_ab_bd_xdma_0_pcie4_ip_gt_i/inst/gen_gtwizard_gtye4_top.bd_ab_bd_xdma_0_pcie4_ip_gt_gtwizard_gtye4_inst/gen_gtwizard_gtye4.gen_cpll_cal_gtye4.gen_cpll_cal_inst[4].gen_inst_cpll_cal.gtwizard_ultrascale_v1_7_20_gtye4_cpll_cal_inst/gtwizard_ultrascale_v1_7_20_gtye4_cpll_cal_tx_i/bufg_gt_txoutclkmon_inst/O  {rise@0.000ns fall@4.000ns period=8.000ns})
  Path Group:             bd_ab_i/bd_xdma/inst/pcie4_ip_i/inst/bd_ab_bd_xdma_0_pcie4_ip_gt_top_i/diablo_gt.diablo_gt_phy_wrapper/gt_wizard.gtwizard_top_i/bd_ab_bd_xdma_0_pcie4_ip_gt_i/inst/gen_gtwizard_gtye4_top.bd_ab_bd_xdma_0_pcie4_ip_gt_gtwizard_gtye4_inst/gen_gtwizard_gtye4.gen_cpll_cal_gtye4.gen_cpll_cal_inst[4].gen_inst_cpll_cal.gtwizard_ultrascale_v1_7_20_gtye4_cpll_cal_inst/gtwizard_ultrascale_v1_7_20_gtye4_cpll_cal_tx_i/bufg_gt_txoutclkmon_inst/O
  Path Type:              Hold (Min at Fast Process Corner)
  Requirement:            0.000ns  (bd_ab_i/bd_xdma/inst/pcie4_ip_i/inst/bd_ab_bd_xdma_0_pcie4_ip_gt_top_i/diablo_gt.diablo_gt_phy_wrapper/gt_wizard.gtwizard_top_i/bd_ab_bd_xdma_0_pcie4_ip_gt_i/inst/gen_gtwizard_gtye4_top.bd_ab_bd_xdma_0_pcie4_ip_gt_gtwizard_gtye4_inst/gen_gtwizard_gtye4.gen_cpll_cal_gtye4.gen_cpll_cal_inst[4].gen_inst_cpll_cal.gtwizard_ultrascale_v1_7_20_gtye4_cpll_cal_inst/gtwizard_ultrascale_v1_7_20_gtye4_cpll_cal_tx_i/bufg_gt_txoutclkmon_inst/O rise@0.000ns - bd_ab_i/bd_xdma/inst/pcie4_ip_i/inst/bd_ab_bd_xdma_0_pcie4_ip_gt_top_i/diablo_gt.diablo_gt_phy_wrapper/gt_wizard.gtwizard_top_i/bd_ab_bd_xdma_0_pcie4_ip_gt_i/inst/gen_gtwizard_gtye4_top.bd_ab_bd_xdma_0_pcie4_ip_gt_gtwizard_gtye4_inst/gen_gtwizard_gtye4.gen_cpll_cal_gtye4.gen_cpll_cal_inst[4].gen_inst_cpll_cal.gtwizard_ultrascale_v1_7_20_gtye4_cpll_cal_inst/gtwizard_ultrascale_v1_7_20_gtye4_cpll_cal_tx_i/bufg_gt_txoutclkmon_inst/O rise@0.000ns)
  Data Path Delay:        0.105ns  (logic 0.038ns (36.301%)  route 0.067ns (63.699%))
  Logic Levels:           0  
  Clock Path Skew:        0.006ns (DCD - SCD - CPR)
    Destination Clock Delay (DCD):    0.377ns
    Source Clock Delay      (SCD):    0.327ns
    Clock Pessimism Removal (CPR):    0.044ns
  Clock Net Delay (Source):      0.327ns (routing 0.001ns, distribution 0.326ns)
  Clock Net Delay (Destination): 0.377ns (routing 0.001ns, distribution 0.376ns)

    Location             Delay type                Incr(ns)  Path(ns)    Netlist Resource(s)
  -------------------------------------------------------------------    -------------------
                         (clock bd_ab_i/bd_xdma/inst/pcie4_ip_i/inst/bd_ab_bd_xdma_0_pcie4_ip_gt_top_i/diablo_gt.diablo_gt_phy_wrapper/gt_wizard.gtwizard_top_i/bd_ab_bd_xdma_0_pcie4_ip_gt_i/inst/gen_gtwizard_gtye4_top.bd_ab_bd_xdma_0_pcie4_ip_gt_gtwizard_gtye4_inst/gen_gtwizard_gtye4.gen_cpll_cal_gtye4.gen_cpll_cal_inst[4].gen_inst_cpll_cal.gtwizard_ultrascale_v1_7_20_gtye4_cpll_cal_inst/gtwizard_ultrascale_v1_7_20_gtye4_cpll_cal_tx_i/bufg_gt_txoutclkmon_inst/O rise edge)
                                                      0.000     0.000 r  
    BUFG_GT_X0Y36        BUFG_GT                      0.000     0.000 r  bd_ab_i/bd_xdma/inst/pcie4_ip_i/inst/bd_ab_bd_xdma_0_pcie4_ip_gt_top_i/diablo_gt.diablo_gt_phy_wrapper/gt_wizard.gtwizard_top_i/bd_ab_bd_xdma_0_pcie4_ip_gt_i/inst/gen_gtwizard_gtye4_top.bd_ab_bd_xdma_0_pcie4_ip_gt_gtwizard_gtye4_inst/gen_gtwizard_gtye4.gen_cpll_cal_gtye4.gen_cpll_cal_inst[4].gen_inst_cpll_cal.gtwizard_ultrascale_v1_7_20_gtye4_cpll_cal_inst/gtwizard_ultrascale_v1_7_20_gtye4_cpll_cal_tx_i/bufg_gt_txoutclkmon_inst/O
    X3Y1 (CLOCK_ROOT)    net (fo=31, routed)          0.327     0.327    bd_ab_i/bd_xdma/inst/pcie4_ip_i/inst/bd_ab_bd_xdma_0_pcie4_ip_gt_top_i/diablo_gt.diablo_gt_phy_wrapper/gt_wizard.gtwizard_top_i/bd_ab_bd_xdma_0_pcie4_ip_gt_i/inst/gen_gtwizard_gtye4_top.bd_ab_bd_xdma_0_pcie4_ip_gt_gtwizard_gtye4_inst/gen_gtwizard_gtye4.gen_cpll_cal_gtye4.gen_cpll_cal_inst[4].gen_inst_cpll_cal.gtwizard_ultrascale_v1_7_20_gtye4_cpll_cal_inst/gtwizard_ultrascale_v1_7_20_gtye4_cpll_cal_tx_i/U_TXOUTCLK_FREQ_COUNTER/txoutclkmon
    SLICE_X107Y78        FDSE                                         r  bd_ab_i/bd_xdma/inst/pcie4_ip_i/inst/bd_ab_bd_xdma_0_pcie4_ip_gt_top_i/diablo_gt.diablo_gt_phy_wrapper/gt_wizard.gtwizard_top_i/bd_ab_bd_xdma_0_pcie4_ip_gt_i/inst/gen_gtwizard_gtye4_top.bd_ab_bd_xdma_0_pcie4_ip_gt_gtwizard_gtye4_inst/gen_gtwizard_gtye4.gen_cpll_cal_gtye4.gen_cpll_cal_inst[4].gen_inst_cpll_cal.gtwizard_ultrascale_v1_7_20_gtye4_cpll_cal_inst/gtwizard_ultrascale_v1_7_20_gtye4_cpll_cal_tx_i/U_TXOUTCLK_FREQ_COUNTER/testclk_div4_reg[0]/C
  -------------------------------------------------------------------    -------------------
    SLICE_X107Y78        FDSE (Prop_EFF_SLICEM_C_Q)
                                                      0.038     0.365 r  bd_ab_i/bd_xdma/inst/pcie4_ip_i/inst/bd_ab_bd_xdma_0_pcie4_ip_gt_top_i/diablo_gt.diablo_gt_phy_wrapper/gt_wizard.gtwizard_top_i/bd_ab_bd_xdma_0_pcie4_ip_gt_i/inst/gen_gtwizard_gtye4_top.bd_ab_bd_xdma_0_pcie4_ip_gt_gtwizard_gtye4_inst/gen_gtwizard_gtye4.gen_cpll_cal_gtye4.gen_cpll_cal_inst[4].gen_inst_cpll_cal.gtwizard_ultrascale_v1_7_20_gtye4_cpll_cal_inst/gtwizard_ultrascale_v1_7_20_gtye4_cpll_cal_tx_i/U_TXOUTCLK_FREQ_COUNTER/testclk_div4_reg[0]/Q
                         net (fo=2, routed)           0.067     0.431    bd_ab_i/bd_xdma/inst/pcie4_ip_i/inst/bd_ab_bd_xdma_0_pcie4_ip_gt_top_i/diablo_gt.diablo_gt_phy_wrapper/gt_wizard.gtwizard_top_i/bd_ab_bd_xdma_0_pcie4_ip_gt_i/inst/gen_gtwizard_gtye4_top.bd_ab_bd_xdma_0_pcie4_ip_gt_gtwizard_gtye4_inst/gen_gtwizard_gtye4.gen_cpll_cal_gtye4.gen_cpll_cal_inst[4].gen_inst_cpll_cal.gtwizard_ultrascale_v1_7_20_gtye4_cpll_cal_inst/gtwizard_ultrascale_v1_7_20_gtye4_cpll_cal_tx_i/U_TXOUTCLK_FREQ_COUNTER/testclk_div4[0]
    SLICE_X107Y78        FDRE                                         r  bd_ab_i/bd_xdma/inst/pcie4_ip_i/inst/bd_ab_bd_xdma_0_pcie4_ip_gt_top_i/diablo_gt.diablo_gt_phy_wrapper/gt_wizard.gtwizard_top_i/bd_ab_bd_xdma_0_pcie4_ip_gt_i/inst/gen_gtwizard_gtye4_top.bd_ab_bd_xdma_0_pcie4_ip_gt_gtwizard_gtye4_inst/gen_gtwizard_gtye4.gen_cpll_cal_gtye4.gen_cpll_cal_inst[4].gen_inst_cpll_cal.gtwizard_ultrascale_v1_7_20_gtye4_cpll_cal_inst/gtwizard_ultrascale_v1_7_20_gtye4_cpll_cal_tx_i/U_TXOUTCLK_FREQ_COUNTER/testclk_div4_reg[1]/D
  -------------------------------------------------------------------    -------------------

                         (clock bd_ab_i/bd_xdma/inst/pcie4_ip_i/inst/bd_ab_bd_xdma_0_pcie4_ip_gt_top_i/diablo_gt.diablo_gt_phy_wrapper/gt_wizard.gtwizard_top_i/bd_ab_bd_xdma_0_pcie4_ip_gt_i/inst/gen_gtwizard_gtye4_top.bd_ab_bd_xdma_0_pcie4_ip_gt_gtwizard_gtye4_inst/gen_gtwizard_gtye4.gen_cpll_cal_gtye4.gen_cpll_cal_inst[4].gen_inst_cpll_cal.gtwizard_ultrascale_v1_7_20_gtye4_cpll_cal_inst/gtwizard_ultrascale_v1_7_20_gtye4_cpll_cal_tx_i/bufg_gt_txoutclkmon_inst/O rise edge)
                                                      0.000     0.000 r  
    BUFG_GT_X0Y36        BUFG_GT                      0.000     0.000 r  bd_ab_i/bd_xdma/inst/pcie4_ip_i/inst/bd_ab_bd_xdma_0_pcie4_ip_gt_top_i/diablo_gt.diablo_gt_phy_wrapper/gt_wizard.gtwizard_top_i/bd_ab_bd_xdma_0_pcie4_ip_gt_i/inst/gen_gtwizard_gtye4_top.bd_ab_bd_xdma_0_pcie4_ip_gt_gtwizard_gtye4_inst/gen_gtwizard_gtye4.gen_cpll_cal_gtye4.gen_cpll_cal_inst[4].gen_inst_cpll_cal.gtwizard_ultrascale_v1_7_20_gtye4_cpll_cal_inst/gtwizard_ultrascale_v1_7_20_gtye4_cpll_cal_tx_i/bufg_gt_txoutclkmon_inst/O
    X3Y1 (CLOCK_ROOT)    net (fo=31, routed)          0.377     0.377    bd_ab_i/bd_xdma/inst/pcie4_ip_i/inst/bd_ab_bd_xdma_0_pcie4_ip_gt_top_i/diablo_gt.diablo_gt_phy_wrapper/gt_wizard.gtwizard_top_i/bd_ab_bd_xdma_0_pcie4_ip_gt_i/inst/gen_gtwizard_gtye4_top.bd_ab_bd_xdma_0_pcie4_ip_gt_gtwizard_gtye4_inst/gen_gtwizard_gtye4.gen_cpll_cal_gtye4.gen_cpll_cal_inst[4].gen_inst_cpll_cal.gtwizard_ultrascale_v1_7_20_gtye4_cpll_cal_inst/gtwizard_ultrascale_v1_7_20_gtye4_cpll_cal_tx_i/U_TXOUTCLK_FREQ_COUNTER/txoutclkmon
    SLICE_X107Y78        FDRE                                         r  bd_ab_i/bd_xdma/inst/pcie4_ip_i/inst/bd_ab_bd_xdma_0_pcie4_ip_gt_top_i/diablo_gt.diablo_gt_phy_wrapper/gt_wizard.gtwizard_top_i/bd_ab_bd_xdma_0_pcie4_ip_gt_i/inst/gen_gtwizard_gtye4_top.bd_ab_bd_xdma_0_pcie4_ip_gt_gtwizard_gtye4_inst/gen_gtwizard_gtye4.gen_cpll_cal_gtye4.gen_cpll_cal_inst[4].gen_inst_cpll_cal.gtwizard_ultrascale_v1_7_20_gtye4_cpll_cal_inst/gtwizard_ultrascale_v1_7_20_gtye4_cpll_cal_tx_i/U_TXOUTCLK_FREQ_COUNTER/testclk_div4_reg[1]/C
                         clock pessimism             -0.044     0.333    
    SLICE_X107Y78        FDRE (Hold_EFF2_SLICEM_C_D)
                                                      0.047     0.380    bd_ab_i/bd_xdma/inst/pcie4_ip_i/inst/bd_ab_bd_xdma_0_pcie4_ip_gt_top_i/diablo_gt.diablo_gt_phy_wrapper/gt_wizard.gtwizard_top_i/bd_ab_bd_xdma_0_pcie4_ip_gt_i/inst/gen_gtwizard_gtye4_top.bd_ab_bd_xdma_0_pcie4_ip_gt_gtwizard_gtye4_inst/gen_gtwizard_gtye4.gen_cpll_cal_gtye4.gen_cpll_cal_inst[4].gen_inst_cpll_cal.gtwizard_ultrascale_v1_7_20_gtye4_cpll_cal_inst/gtwizard_ultrascale_v1_7_20_gtye4_cpll_cal_tx_i/U_TXOUTCLK_FREQ_COUNTER/testclk_div4_reg[1]
  -------------------------------------------------------------------
                         required time                         -0.380    
                         arrival time                           0.431    
  -------------------------------------------------------------------
                         slack                                  0.052    





Pulse Width Checks
--------------------------------------------------------------------------------------
Clock Name:         bd_ab_i/bd_xdma/inst/pcie4_ip_i/inst/bd_ab_bd_xdma_0_pcie4_ip_gt_top_i/diablo_gt.diablo_gt_phy_wrapper/gt_wizard.gtwizard_top_i/bd_ab_bd_xdma_0_pcie4_ip_gt_i/inst/gen_gtwizard_gtye4_top.bd_ab_bd_xdma_0_pcie4_ip_gt_gtwizard_gtye4_inst/gen_gtwizard_gtye4.gen_cpll_cal_gtye4.gen_cpll_cal_inst[4].gen_inst_cpll_cal.gtwizard_ultrascale_v1_7_20_gtye4_cpll_cal_inst/gtwizard_ultrascale_v1_7_20_gtye4_cpll_cal_tx_i/bufg_gt_txoutclkmon_inst/O
Waveform(ns):       { 0.000 4.000 }
Period(ns):         8.000
Sources:            { bd_ab_i/bd_xdma/inst/pcie4_ip_i/inst/bd_ab_bd_xdma_0_pcie4_ip_gt_top_i/diablo_gt.diablo_gt_phy_wrapper/gt_wizard.gtwizard_top_i/bd_ab_bd_xdma_0_pcie4_ip_gt_i/inst/gen_gtwizard_gtye4_top.bd_ab_bd_xdma_0_pcie4_ip_gt_gtwizard_gtye4_inst/gen_gtwizard_gtye4.gen_cpll_cal_gtye4.gen_cpll_cal_inst[4].gen_inst_cpll_cal.gtwizard_ultrascale_v1_7_20_gtye4_cpll_cal_inst/gtwizard_ultrascale_v1_7_20_gtye4_cpll_cal_tx_i/bufg_gt_txoutclkmon_inst/O }

Check Type        Corner  Lib Pin  Reference Pin  Required(ns)  Actual(ns)  Slack(ns)  Location       Pin
Min Period        n/a     FDCE/C   n/a            0.550         8.000       7.450      SLICE_X108Y77  bd_ab_i/bd_xdma/inst/pcie4_ip_i/inst/bd_ab_bd_xdma_0_pcie4_ip_gt_top_i/diablo_gt.diablo_gt_phy_wrapper/gt_wizard.gtwizard_top_i/bd_ab_bd_xdma_0_pcie4_ip_gt_i/inst/gen_gtwizard_gtye4_top.bd_ab_bd_xdma_0_pcie4_ip_gt_gtwizard_gtye4_inst/gen_gtwizard_gtye4.gen_cpll_cal_gtye4.gen_cpll_cal_inst[4].gen_inst_cpll_cal.gtwizard_ultrascale_v1_7_20_gtye4_cpll_cal_inst/gtwizard_ultrascale_v1_7_20_gtye4_cpll_cal_tx_i/U_TXOUTCLK_FREQ_COUNTER/testclk_cnt_reg[0]/C
Low Pulse Width   Slow    FDCE/C   n/a            0.275         4.000       3.725      SLICE_X108Y77  bd_ab_i/bd_xdma/inst/pcie4_ip_i/inst/bd_ab_bd_xdma_0_pcie4_ip_gt_top_i/diablo_gt.diablo_gt_phy_wrapper/gt_wizard.gtwizard_top_i/bd_ab_bd_xdma_0_pcie4_ip_gt_i/inst/gen_gtwizard_gtye4_top.bd_ab_bd_xdma_0_pcie4_ip_gt_gtwizard_gtye4_inst/gen_gtwizard_gtye4.gen_cpll_cal_gtye4.gen_cpll_cal_inst[4].gen_inst_cpll_cal.gtwizard_ultrascale_v1_7_20_gtye4_cpll_cal_inst/gtwizard_ultrascale_v1_7_20_gtye4_cpll_cal_tx_i/U_TXOUTCLK_FREQ_COUNTER/testclk_cnt_reg[0]/C
High Pulse Width  Slow    FDCE/C   n/a            0.275         4.000       3.725      SLICE_X108Y77  bd_ab_i/bd_xdma/inst/pcie4_ip_i/inst/bd_ab_bd_xdma_0_pcie4_ip_gt_top_i/diablo_gt.diablo_gt_phy_wrapper/gt_wizard.gtwizard_top_i/bd_ab_bd_xdma_0_pcie4_ip_gt_i/inst/gen_gtwizard_gtye4_top.bd_ab_bd_xdma_0_pcie4_ip_gt_gtwizard_gtye4_inst/gen_gtwizard_gtye4.gen_cpll_cal_gtye4.gen_cpll_cal_inst[4].gen_inst_cpll_cal.gtwizard_ultrascale_v1_7_20_gtye4_cpll_cal_inst/gtwizard_ultrascale_v1_7_20_gtye4_cpll_cal_tx_i/U_TXOUTCLK_FREQ_COUNTER/testclk_cnt_reg[0]/C



---------------------------------------------------------------------------------------------------
From Clock:  bd_ab_i/bd_xdma/inst/pcie4_ip_i/inst/bd_ab_bd_xdma_0_pcie4_ip_gt_top_i/diablo_gt.diablo_gt_phy_wrapper/gt_wizard.gtwizard_top_i/bd_ab_bd_xdma_0_pcie4_ip_gt_i/inst/gen_gtwizard_gtye4_top.bd_ab_bd_xdma_0_pcie4_ip_gt_gtwizard_gtye4_inst/gen_gtwizard_gtye4.gen_cpll_cal_gtye4.gen_cpll_cal_inst[5].gen_inst_cpll_cal.gtwizard_ultrascale_v1_7_20_gtye4_cpll_cal_inst/gtwizard_ultrascale_v1_7_20_gtye4_cpll_cal_tx_i/bufg_gt_txoutclkmon_inst/O
  To Clock:  bd_ab_i/bd_xdma/inst/pcie4_ip_i/inst/bd_ab_bd_xdma_0_pcie4_ip_gt_top_i/diablo_gt.diablo_gt_phy_wrapper/gt_wizard.gtwizard_top_i/bd_ab_bd_xdma_0_pcie4_ip_gt_i/inst/gen_gtwizard_gtye4_top.bd_ab_bd_xdma_0_pcie4_ip_gt_gtwizard_gtye4_inst/gen_gtwizard_gtye4.gen_cpll_cal_gtye4.gen_cpll_cal_inst[5].gen_inst_cpll_cal.gtwizard_ultrascale_v1_7_20_gtye4_cpll_cal_inst/gtwizard_ultrascale_v1_7_20_gtye4_cpll_cal_tx_i/bufg_gt_txoutclkmon_inst/O

Setup :            0  Failing Endpoints,  Worst Slack        6.967ns,  Total Violation        0.000ns
Hold  :            0  Failing Endpoints,  Worst Slack        0.052ns,  Total Violation        0.000ns
PW    :            0  Failing Endpoints,  Worst Slack        3.725ns,  Total Violation        0.000ns
---------------------------------------------------------------------------------------------------


Max Delay Paths
--------------------------------------------------------------------------------------
Slack (MET) :             6.967ns  (required time - arrival time)
  Source:                 bd_ab_i/bd_xdma/inst/pcie4_ip_i/inst/bd_ab_bd_xdma_0_pcie4_ip_gt_top_i/diablo_gt.diablo_gt_phy_wrapper/gt_wizard.gtwizard_top_i/bd_ab_bd_xdma_0_pcie4_ip_gt_i/inst/gen_gtwizard_gtye4_top.bd_ab_bd_xdma_0_pcie4_ip_gt_gtwizard_gtye4_inst/gen_gtwizard_gtye4.gen_cpll_cal_gtye4.gen_cpll_cal_inst[5].gen_inst_cpll_cal.gtwizard_ultrascale_v1_7_20_gtye4_cpll_cal_inst/gtwizard_ultrascale_v1_7_20_gtye4_cpll_cal_tx_i/U_TXOUTCLK_FREQ_COUNTER/testclk_div4_reg[1]/C
                            (rising edge-triggered cell FDRE clocked by bd_ab_i/bd_xdma/inst/pcie4_ip_i/inst/bd_ab_bd_xdma_0_pcie4_ip_gt_top_i/diablo_gt.diablo_gt_phy_wrapper/gt_wizard.gtwizard_top_i/bd_ab_bd_xdma_0_pcie4_ip_gt_i/inst/gen_gtwizard_gtye4_top.bd_ab_bd_xdma_0_pcie4_ip_gt_gtwizard_gtye4_inst/gen_gtwizard_gtye4.gen_cpll_cal_gtye4.gen_cpll_cal_inst[5].gen_inst_cpll_cal.gtwizard_ultrascale_v1_7_20_gtye4_cpll_cal_inst/gtwizard_ultrascale_v1_7_20_gtye4_cpll_cal_tx_i/bufg_gt_txoutclkmon_inst/O  {rise@0.000ns fall@4.000ns period=8.000ns})
  Destination:            bd_ab_i/bd_xdma/inst/pcie4_ip_i/inst/bd_ab_bd_xdma_0_pcie4_ip_gt_top_i/diablo_gt.diablo_gt_phy_wrapper/gt_wizard.gtwizard_top_i/bd_ab_bd_xdma_0_pcie4_ip_gt_i/inst/gen_gtwizard_gtye4_top.bd_ab_bd_xdma_0_pcie4_ip_gt_gtwizard_gtye4_inst/gen_gtwizard_gtye4.gen_cpll_cal_gtye4.gen_cpll_cal_inst[5].gen_inst_cpll_cal.gtwizard_ultrascale_v1_7_20_gtye4_cpll_cal_inst/gtwizard_ultrascale_v1_7_20_gtye4_cpll_cal_tx_i/U_TXOUTCLK_FREQ_COUNTER/testclk_cnt_reg[4]/CE
                            (rising edge-triggered cell FDCE clocked by bd_ab_i/bd_xdma/inst/pcie4_ip_i/inst/bd_ab_bd_xdma_0_pcie4_ip_gt_top_i/diablo_gt.diablo_gt_phy_wrapper/gt_wizard.gtwizard_top_i/bd_ab_bd_xdma_0_pcie4_ip_gt_i/inst/gen_gtwizard_gtye4_top.bd_ab_bd_xdma_0_pcie4_ip_gt_gtwizard_gtye4_inst/gen_gtwizard_gtye4.gen_cpll_cal_gtye4.gen_cpll_cal_inst[5].gen_inst_cpll_cal.gtwizard_ultrascale_v1_7_20_gtye4_cpll_cal_inst/gtwizard_ultrascale_v1_7_20_gtye4_cpll_cal_tx_i/bufg_gt_txoutclkmon_inst/O  {rise@0.000ns fall@4.000ns period=8.000ns})
  Path Group:             bd_ab_i/bd_xdma/inst/pcie4_ip_i/inst/bd_ab_bd_xdma_0_pcie4_ip_gt_top_i/diablo_gt.diablo_gt_phy_wrapper/gt_wizard.gtwizard_top_i/bd_ab_bd_xdma_0_pcie4_ip_gt_i/inst/gen_gtwizard_gtye4_top.bd_ab_bd_xdma_0_pcie4_ip_gt_gtwizard_gtye4_inst/gen_gtwizard_gtye4.gen_cpll_cal_gtye4.gen_cpll_cal_inst[5].gen_inst_cpll_cal.gtwizard_ultrascale_v1_7_20_gtye4_cpll_cal_inst/gtwizard_ultrascale_v1_7_20_gtye4_cpll_cal_tx_i/bufg_gt_txoutclkmon_inst/O
  Path Type:              Setup (Max at Slow Process Corner)
  Requirement:            8.000ns  (bd_ab_i/bd_xdma/inst/pcie4_ip_i/inst/bd_ab_bd_xdma_0_pcie4_ip_gt_top_i/diablo_gt.diablo_gt_phy_wrapper/gt_wizard.gtwizard_top_i/bd_ab_bd_xdma_0_pcie4_ip_gt_i/inst/gen_gtwizard_gtye4_top.bd_ab_bd_xdma_0_pcie4_ip_gt_gtwizard_gtye4_inst/gen_gtwizard_gtye4.gen_cpll_cal_gtye4.gen_cpll_cal_inst[5].gen_inst_cpll_cal.gtwizard_ultrascale_v1_7_20_gtye4_cpll_cal_inst/gtwizard_ultrascale_v1_7_20_gtye4_cpll_cal_tx_i/bufg_gt_txoutclkmon_inst/O rise@8.000ns - bd_ab_i/bd_xdma/inst/pcie4_ip_i/inst/bd_ab_bd_xdma_0_pcie4_ip_gt_top_i/diablo_gt.diablo_gt_phy_wrapper/gt_wizard.gtwizard_top_i/bd_ab_bd_xdma_0_pcie4_ip_gt_i/inst/gen_gtwizard_gtye4_top.bd_ab_bd_xdma_0_pcie4_ip_gt_gtwizard_gtye4_inst/gen_gtwizard_gtye4.gen_cpll_cal_gtye4.gen_cpll_cal_inst[5].gen_inst_cpll_cal.gtwizard_ultrascale_v1_7_20_gtye4_cpll_cal_inst/gtwizard_ultrascale_v1_7_20_gtye4_cpll_cal_tx_i/bufg_gt_txoutclkmon_inst/O rise@0.000ns)
  Data Path Delay:        0.838ns  (logic 0.231ns (27.549%)  route 0.607ns (72.451%))
  Logic Levels:           1  (LUT5=1)
  Clock Path Skew:        -0.087ns (DCD - SCD + CPR)
    Destination Clock Delay (DCD):    0.490ns = ( 8.490 - 8.000 ) 
    Source Clock Delay      (SCD):    0.578ns
    Clock Pessimism Removal (CPR):    0.001ns
  Clock Uncertainty:      0.046ns  ((TSJ^2 + DJ^2)^1/2) / 2 + PE
    Total System Jitter     (TSJ):    0.071ns
    Discrete Jitter          (DJ):    0.060ns
    Phase Error              (PE):    0.000ns
  Clock Net Delay (Source):      0.578ns (routing 0.002ns, distribution 0.576ns)
  Clock Net Delay (Destination): 0.490ns (routing 0.001ns, distribution 0.489ns)

    Location             Delay type                Incr(ns)  Path(ns)    Netlist Resource(s)
  -------------------------------------------------------------------    -------------------
                         (clock bd_ab_i/bd_xdma/inst/pcie4_ip_i/inst/bd_ab_bd_xdma_0_pcie4_ip_gt_top_i/diablo_gt.diablo_gt_phy_wrapper/gt_wizard.gtwizard_top_i/bd_ab_bd_xdma_0_pcie4_ip_gt_i/inst/gen_gtwizard_gtye4_top.bd_ab_bd_xdma_0_pcie4_ip_gt_gtwizard_gtye4_inst/gen_gtwizard_gtye4.gen_cpll_cal_gtye4.gen_cpll_cal_inst[5].gen_inst_cpll_cal.gtwizard_ultrascale_v1_7_20_gtye4_cpll_cal_inst/gtwizard_ultrascale_v1_7_20_gtye4_cpll_cal_tx_i/bufg_gt_txoutclkmon_inst/O rise edge)
                                                      0.000     0.000 r  
    BUFG_GT_X0Y46        BUFG_GT                      0.000     0.000 r  bd_ab_i/bd_xdma/inst/pcie4_ip_i/inst/bd_ab_bd_xdma_0_pcie4_ip_gt_top_i/diablo_gt.diablo_gt_phy_wrapper/gt_wizard.gtwizard_top_i/bd_ab_bd_xdma_0_pcie4_ip_gt_i/inst/gen_gtwizard_gtye4_top.bd_ab_bd_xdma_0_pcie4_ip_gt_gtwizard_gtye4_inst/gen_gtwizard_gtye4.gen_cpll_cal_gtye4.gen_cpll_cal_inst[5].gen_inst_cpll_cal.gtwizard_ultrascale_v1_7_20_gtye4_cpll_cal_inst/gtwizard_ultrascale_v1_7_20_gtye4_cpll_cal_tx_i/bufg_gt_txoutclkmon_inst/O
    X3Y1 (CLOCK_ROOT)    net (fo=31, routed)          0.578     0.578    bd_ab_i/bd_xdma/inst/pcie4_ip_i/inst/bd_ab_bd_xdma_0_pcie4_ip_gt_top_i/diablo_gt.diablo_gt_phy_wrapper/gt_wizard.gtwizard_top_i/bd_ab_bd_xdma_0_pcie4_ip_gt_i/inst/gen_gtwizard_gtye4_top.bd_ab_bd_xdma_0_pcie4_ip_gt_gtwizard_gtye4_inst/gen_gtwizard_gtye4.gen_cpll_cal_gtye4.gen_cpll_cal_inst[5].gen_inst_cpll_cal.gtwizard_ultrascale_v1_7_20_gtye4_cpll_cal_inst/gtwizard_ultrascale_v1_7_20_gtye4_cpll_cal_tx_i/U_TXOUTCLK_FREQ_COUNTER/txoutclkmon
    SLICE_X106Y83        FDRE                                         r  bd_ab_i/bd_xdma/inst/pcie4_ip_i/inst/bd_ab_bd_xdma_0_pcie4_ip_gt_top_i/diablo_gt.diablo_gt_phy_wrapper/gt_wizard.gtwizard_top_i/bd_ab_bd_xdma_0_pcie4_ip_gt_i/inst/gen_gtwizard_gtye4_top.bd_ab_bd_xdma_0_pcie4_ip_gt_gtwizard_gtye4_inst/gen_gtwizard_gtye4.gen_cpll_cal_gtye4.gen_cpll_cal_inst[5].gen_inst_cpll_cal.gtwizard_ultrascale_v1_7_20_gtye4_cpll_cal_inst/gtwizard_ultrascale_v1_7_20_gtye4_cpll_cal_tx_i/U_TXOUTCLK_FREQ_COUNTER/testclk_div4_reg[1]/C
  -------------------------------------------------------------------    -------------------
    SLICE_X106Y83        FDRE (Prop_EFF2_SLICEM_C_Q)
                                                      0.079     0.657 f  bd_ab_i/bd_xdma/inst/pcie4_ip_i/inst/bd_ab_bd_xdma_0_pcie4_ip_gt_top_i/diablo_gt.diablo_gt_phy_wrapper/gt_wizard.gtwizard_top_i/bd_ab_bd_xdma_0_pcie4_ip_gt_i/inst/gen_gtwizard_gtye4_top.bd_ab_bd_xdma_0_pcie4_ip_gt_gtwizard_gtye4_inst/gen_gtwizard_gtye4.gen_cpll_cal_gtye4.gen_cpll_cal_inst[5].gen_inst_cpll_cal.gtwizard_ultrascale_v1_7_20_gtye4_cpll_cal_inst/gtwizard_ultrascale_v1_7_20_gtye4_cpll_cal_tx_i/U_TXOUTCLK_FREQ_COUNTER/testclk_div4_reg[1]/Q
                         net (fo=2, routed)           0.214     0.871    bd_ab_i/bd_xdma/inst/pcie4_ip_i/inst/bd_ab_bd_xdma_0_pcie4_ip_gt_top_i/diablo_gt.diablo_gt_phy_wrapper/gt_wizard.gtwizard_top_i/bd_ab_bd_xdma_0_pcie4_ip_gt_i/inst/gen_gtwizard_gtye4_top.bd_ab_bd_xdma_0_pcie4_ip_gt_gtwizard_gtye4_inst/gen_gtwizard_gtye4.gen_cpll_cal_gtye4.gen_cpll_cal_inst[5].gen_inst_cpll_cal.gtwizard_ultrascale_v1_7_20_gtye4_cpll_cal_inst/gtwizard_ultrascale_v1_7_20_gtye4_cpll_cal_tx_i/U_TXOUTCLK_FREQ_COUNTER/testclk_div4[1]
    SLICE_X106Y83        LUT5 (Prop_H6LUT_SLICEM_I1_O)
                                                      0.152     1.023 r  bd_ab_i/bd_xdma/inst/pcie4_ip_i/inst/bd_ab_bd_xdma_0_pcie4_ip_gt_top_i/diablo_gt.diablo_gt_phy_wrapper/gt_wizard.gtwizard_top_i/bd_ab_bd_xdma_0_pcie4_ip_gt_i/inst/gen_gtwizard_gtye4_top.bd_ab_bd_xdma_0_pcie4_ip_gt_gtwizard_gtye4_inst/gen_gtwizard_gtye4.gen_cpll_cal_gtye4.gen_cpll_cal_inst[5].gen_inst_cpll_cal.gtwizard_ultrascale_v1_7_20_gtye4_cpll_cal_inst/gtwizard_ultrascale_v1_7_20_gtye4_cpll_cal_tx_i/U_TXOUTCLK_FREQ_COUNTER/testclk_cnt0__4/O
                         net (fo=18, routed)          0.393     1.417    bd_ab_i/bd_xdma/inst/pcie4_ip_i/inst/bd_ab_bd_xdma_0_pcie4_ip_gt_top_i/diablo_gt.diablo_gt_phy_wrapper/gt_wizard.gtwizard_top_i/bd_ab_bd_xdma_0_pcie4_ip_gt_i/inst/gen_gtwizard_gtye4_top.bd_ab_bd_xdma_0_pcie4_ip_gt_gtwizard_gtye4_inst/gen_gtwizard_gtye4.gen_cpll_cal_gtye4.gen_cpll_cal_inst[5].gen_inst_cpll_cal.gtwizard_ultrascale_v1_7_20_gtye4_cpll_cal_inst/gtwizard_ultrascale_v1_7_20_gtye4_cpll_cal_tx_i/U_TXOUTCLK_FREQ_COUNTER/testclk_cnt0__4_n_0
    SLICE_X107Y81        FDCE                                         r  bd_ab_i/bd_xdma/inst/pcie4_ip_i/inst/bd_ab_bd_xdma_0_pcie4_ip_gt_top_i/diablo_gt.diablo_gt_phy_wrapper/gt_wizard.gtwizard_top_i/bd_ab_bd_xdma_0_pcie4_ip_gt_i/inst/gen_gtwizard_gtye4_top.bd_ab_bd_xdma_0_pcie4_ip_gt_gtwizard_gtye4_inst/gen_gtwizard_gtye4.gen_cpll_cal_gtye4.gen_cpll_cal_inst[5].gen_inst_cpll_cal.gtwizard_ultrascale_v1_7_20_gtye4_cpll_cal_inst/gtwizard_ultrascale_v1_7_20_gtye4_cpll_cal_tx_i/U_TXOUTCLK_FREQ_COUNTER/testclk_cnt_reg[4]/CE
  -------------------------------------------------------------------    -------------------

                         (clock bd_ab_i/bd_xdma/inst/pcie4_ip_i/inst/bd_ab_bd_xdma_0_pcie4_ip_gt_top_i/diablo_gt.diablo_gt_phy_wrapper/gt_wizard.gtwizard_top_i/bd_ab_bd_xdma_0_pcie4_ip_gt_i/inst/gen_gtwizard_gtye4_top.bd_ab_bd_xdma_0_pcie4_ip_gt_gtwizard_gtye4_inst/gen_gtwizard_gtye4.gen_cpll_cal_gtye4.gen_cpll_cal_inst[5].gen_inst_cpll_cal.gtwizard_ultrascale_v1_7_20_gtye4_cpll_cal_inst/gtwizard_ultrascale_v1_7_20_gtye4_cpll_cal_tx_i/bufg_gt_txoutclkmon_inst/O rise edge)
                                                      8.000     8.000 r  
    BUFG_GT_X0Y46        BUFG_GT                      0.000     8.000 r  bd_ab_i/bd_xdma/inst/pcie4_ip_i/inst/bd_ab_bd_xdma_0_pcie4_ip_gt_top_i/diablo_gt.diablo_gt_phy_wrapper/gt_wizard.gtwizard_top_i/bd_ab_bd_xdma_0_pcie4_ip_gt_i/inst/gen_gtwizard_gtye4_top.bd_ab_bd_xdma_0_pcie4_ip_gt_gtwizard_gtye4_inst/gen_gtwizard_gtye4.gen_cpll_cal_gtye4.gen_cpll_cal_inst[5].gen_inst_cpll_cal.gtwizard_ultrascale_v1_7_20_gtye4_cpll_cal_inst/gtwizard_ultrascale_v1_7_20_gtye4_cpll_cal_tx_i/bufg_gt_txoutclkmon_inst/O
    X3Y1 (CLOCK_ROOT)    net (fo=31, routed)          0.490     8.490    bd_ab_i/bd_xdma/inst/pcie4_ip_i/inst/bd_ab_bd_xdma_0_pcie4_ip_gt_top_i/diablo_gt.diablo_gt_phy_wrapper/gt_wizard.gtwizard_top_i/bd_ab_bd_xdma_0_pcie4_ip_gt_i/inst/gen_gtwizard_gtye4_top.bd_ab_bd_xdma_0_pcie4_ip_gt_gtwizard_gtye4_inst/gen_gtwizard_gtye4.gen_cpll_cal_gtye4.gen_cpll_cal_inst[5].gen_inst_cpll_cal.gtwizard_ultrascale_v1_7_20_gtye4_cpll_cal_inst/gtwizard_ultrascale_v1_7_20_gtye4_cpll_cal_tx_i/U_TXOUTCLK_FREQ_COUNTER/txoutclkmon
    SLICE_X107Y81        FDCE                                         r  bd_ab_i/bd_xdma/inst/pcie4_ip_i/inst/bd_ab_bd_xdma_0_pcie4_ip_gt_top_i/diablo_gt.diablo_gt_phy_wrapper/gt_wizard.gtwizard_top_i/bd_ab_bd_xdma_0_pcie4_ip_gt_i/inst/gen_gtwizard_gtye4_top.bd_ab_bd_xdma_0_pcie4_ip_gt_gtwizard_gtye4_inst/gen_gtwizard_gtye4.gen_cpll_cal_gtye4.gen_cpll_cal_inst[5].gen_inst_cpll_cal.gtwizard_ultrascale_v1_7_20_gtye4_cpll_cal_inst/gtwizard_ultrascale_v1_7_20_gtye4_cpll_cal_tx_i/U_TXOUTCLK_FREQ_COUNTER/testclk_cnt_reg[4]/C
                         clock pessimism              0.001     8.491    
                         clock uncertainty           -0.046     8.445    
    SLICE_X107Y81        FDCE (Setup_EFF_SLICEM_C_CE)
                                                     -0.061     8.384    bd_ab_i/bd_xdma/inst/pcie4_ip_i/inst/bd_ab_bd_xdma_0_pcie4_ip_gt_top_i/diablo_gt.diablo_gt_phy_wrapper/gt_wizard.gtwizard_top_i/bd_ab_bd_xdma_0_pcie4_ip_gt_i/inst/gen_gtwizard_gtye4_top.bd_ab_bd_xdma_0_pcie4_ip_gt_gtwizard_gtye4_inst/gen_gtwizard_gtye4.gen_cpll_cal_gtye4.gen_cpll_cal_inst[5].gen_inst_cpll_cal.gtwizard_ultrascale_v1_7_20_gtye4_cpll_cal_inst/gtwizard_ultrascale_v1_7_20_gtye4_cpll_cal_tx_i/U_TXOUTCLK_FREQ_COUNTER/testclk_cnt_reg[4]
  -------------------------------------------------------------------
                         required time                          8.384    
                         arrival time                          -1.417    
  -------------------------------------------------------------------
                         slack                                  6.967    





Min Delay Paths
--------------------------------------------------------------------------------------
Slack (MET) :             0.052ns  (arrival time - required time)
  Source:                 bd_ab_i/bd_xdma/inst/pcie4_ip_i/inst/bd_ab_bd_xdma_0_pcie4_ip_gt_top_i/diablo_gt.diablo_gt_phy_wrapper/gt_wizard.gtwizard_top_i/bd_ab_bd_xdma_0_pcie4_ip_gt_i/inst/gen_gtwizard_gtye4_top.bd_ab_bd_xdma_0_pcie4_ip_gt_gtwizard_gtye4_inst/gen_gtwizard_gtye4.gen_cpll_cal_gtye4.gen_cpll_cal_inst[5].gen_inst_cpll_cal.gtwizard_ultrascale_v1_7_20_gtye4_cpll_cal_inst/gtwizard_ultrascale_v1_7_20_gtye4_cpll_cal_tx_i/U_TXOUTCLK_FREQ_COUNTER/testclk_div4_reg[0]/C
                            (rising edge-triggered cell FDSE clocked by bd_ab_i/bd_xdma/inst/pcie4_ip_i/inst/bd_ab_bd_xdma_0_pcie4_ip_gt_top_i/diablo_gt.diablo_gt_phy_wrapper/gt_wizard.gtwizard_top_i/bd_ab_bd_xdma_0_pcie4_ip_gt_i/inst/gen_gtwizard_gtye4_top.bd_ab_bd_xdma_0_pcie4_ip_gt_gtwizard_gtye4_inst/gen_gtwizard_gtye4.gen_cpll_cal_gtye4.gen_cpll_cal_inst[5].gen_inst_cpll_cal.gtwizard_ultrascale_v1_7_20_gtye4_cpll_cal_inst/gtwizard_ultrascale_v1_7_20_gtye4_cpll_cal_tx_i/bufg_gt_txoutclkmon_inst/O  {rise@0.000ns fall@4.000ns period=8.000ns})
  Destination:            bd_ab_i/bd_xdma/inst/pcie4_ip_i/inst/bd_ab_bd_xdma_0_pcie4_ip_gt_top_i/diablo_gt.diablo_gt_phy_wrapper/gt_wizard.gtwizard_top_i/bd_ab_bd_xdma_0_pcie4_ip_gt_i/inst/gen_gtwizard_gtye4_top.bd_ab_bd_xdma_0_pcie4_ip_gt_gtwizard_gtye4_inst/gen_gtwizard_gtye4.gen_cpll_cal_gtye4.gen_cpll_cal_inst[5].gen_inst_cpll_cal.gtwizard_ultrascale_v1_7_20_gtye4_cpll_cal_inst/gtwizard_ultrascale_v1_7_20_gtye4_cpll_cal_tx_i/U_TXOUTCLK_FREQ_COUNTER/testclk_div4_reg[1]/D
                            (rising edge-triggered cell FDRE clocked by bd_ab_i/bd_xdma/inst/pcie4_ip_i/inst/bd_ab_bd_xdma_0_pcie4_ip_gt_top_i/diablo_gt.diablo_gt_phy_wrapper/gt_wizard.gtwizard_top_i/bd_ab_bd_xdma_0_pcie4_ip_gt_i/inst/gen_gtwizard_gtye4_top.bd_ab_bd_xdma_0_pcie4_ip_gt_gtwizard_gtye4_inst/gen_gtwizard_gtye4.gen_cpll_cal_gtye4.gen_cpll_cal_inst[5].gen_inst_cpll_cal.gtwizard_ultrascale_v1_7_20_gtye4_cpll_cal_inst/gtwizard_ultrascale_v1_7_20_gtye4_cpll_cal_tx_i/bufg_gt_txoutclkmon_inst/O  {rise@0.000ns fall@4.000ns period=8.000ns})
  Path Group:             bd_ab_i/bd_xdma/inst/pcie4_ip_i/inst/bd_ab_bd_xdma_0_pcie4_ip_gt_top_i/diablo_gt.diablo_gt_phy_wrapper/gt_wizard.gtwizard_top_i/bd_ab_bd_xdma_0_pcie4_ip_gt_i/inst/gen_gtwizard_gtye4_top.bd_ab_bd_xdma_0_pcie4_ip_gt_gtwizard_gtye4_inst/gen_gtwizard_gtye4.gen_cpll_cal_gtye4.gen_cpll_cal_inst[5].gen_inst_cpll_cal.gtwizard_ultrascale_v1_7_20_gtye4_cpll_cal_inst/gtwizard_ultrascale_v1_7_20_gtye4_cpll_cal_tx_i/bufg_gt_txoutclkmon_inst/O
  Path Type:              Hold (Min at Fast Process Corner)
  Requirement:            0.000ns  (bd_ab_i/bd_xdma/inst/pcie4_ip_i/inst/bd_ab_bd_xdma_0_pcie4_ip_gt_top_i/diablo_gt.diablo_gt_phy_wrapper/gt_wizard.gtwizard_top_i/bd_ab_bd_xdma_0_pcie4_ip_gt_i/inst/gen_gtwizard_gtye4_top.bd_ab_bd_xdma_0_pcie4_ip_gt_gtwizard_gtye4_inst/gen_gtwizard_gtye4.gen_cpll_cal_gtye4.gen_cpll_cal_inst[5].gen_inst_cpll_cal.gtwizard_ultrascale_v1_7_20_gtye4_cpll_cal_inst/gtwizard_ultrascale_v1_7_20_gtye4_cpll_cal_tx_i/bufg_gt_txoutclkmon_inst/O rise@0.000ns - bd_ab_i/bd_xdma/inst/pcie4_ip_i/inst/bd_ab_bd_xdma_0_pcie4_ip_gt_top_i/diablo_gt.diablo_gt_phy_wrapper/gt_wizard.gtwizard_top_i/bd_ab_bd_xdma_0_pcie4_ip_gt_i/inst/gen_gtwizard_gtye4_top.bd_ab_bd_xdma_0_pcie4_ip_gt_gtwizard_gtye4_inst/gen_gtwizard_gtye4.gen_cpll_cal_gtye4.gen_cpll_cal_inst[5].gen_inst_cpll_cal.gtwizard_ultrascale_v1_7_20_gtye4_cpll_cal_inst/gtwizard_ultrascale_v1_7_20_gtye4_cpll_cal_tx_i/bufg_gt_txoutclkmon_inst/O rise@0.000ns)
  Data Path Delay:        0.105ns  (logic 0.038ns (36.301%)  route 0.067ns (63.699%))
  Logic Levels:           0  
  Clock Path Skew:        0.006ns (DCD - SCD - CPR)
    Destination Clock Delay (DCD):    0.374ns
    Source Clock Delay      (SCD):    0.324ns
    Clock Pessimism Removal (CPR):    0.045ns
  Clock Net Delay (Source):      0.324ns (routing 0.001ns, distribution 0.323ns)
  Clock Net Delay (Destination): 0.374ns (routing 0.001ns, distribution 0.373ns)

    Location             Delay type                Incr(ns)  Path(ns)    Netlist Resource(s)
  -------------------------------------------------------------------    -------------------
                         (clock bd_ab_i/bd_xdma/inst/pcie4_ip_i/inst/bd_ab_bd_xdma_0_pcie4_ip_gt_top_i/diablo_gt.diablo_gt_phy_wrapper/gt_wizard.gtwizard_top_i/bd_ab_bd_xdma_0_pcie4_ip_gt_i/inst/gen_gtwizard_gtye4_top.bd_ab_bd_xdma_0_pcie4_ip_gt_gtwizard_gtye4_inst/gen_gtwizard_gtye4.gen_cpll_cal_gtye4.gen_cpll_cal_inst[5].gen_inst_cpll_cal.gtwizard_ultrascale_v1_7_20_gtye4_cpll_cal_inst/gtwizard_ultrascale_v1_7_20_gtye4_cpll_cal_tx_i/bufg_gt_txoutclkmon_inst/O rise edge)
                                                      0.000     0.000 r  
    BUFG_GT_X0Y46        BUFG_GT                      0.000     0.000 r  bd_ab_i/bd_xdma/inst/pcie4_ip_i/inst/bd_ab_bd_xdma_0_pcie4_ip_gt_top_i/diablo_gt.diablo_gt_phy_wrapper/gt_wizard.gtwizard_top_i/bd_ab_bd_xdma_0_pcie4_ip_gt_i/inst/gen_gtwizard_gtye4_top.bd_ab_bd_xdma_0_pcie4_ip_gt_gtwizard_gtye4_inst/gen_gtwizard_gtye4.gen_cpll_cal_gtye4.gen_cpll_cal_inst[5].gen_inst_cpll_cal.gtwizard_ultrascale_v1_7_20_gtye4_cpll_cal_inst/gtwizard_ultrascale_v1_7_20_gtye4_cpll_cal_tx_i/bufg_gt_txoutclkmon_inst/O
    X3Y1 (CLOCK_ROOT)    net (fo=31, routed)          0.324     0.324    bd_ab_i/bd_xdma/inst/pcie4_ip_i/inst/bd_ab_bd_xdma_0_pcie4_ip_gt_top_i/diablo_gt.diablo_gt_phy_wrapper/gt_wizard.gtwizard_top_i/bd_ab_bd_xdma_0_pcie4_ip_gt_i/inst/gen_gtwizard_gtye4_top.bd_ab_bd_xdma_0_pcie4_ip_gt_gtwizard_gtye4_inst/gen_gtwizard_gtye4.gen_cpll_cal_gtye4.gen_cpll_cal_inst[5].gen_inst_cpll_cal.gtwizard_ultrascale_v1_7_20_gtye4_cpll_cal_inst/gtwizard_ultrascale_v1_7_20_gtye4_cpll_cal_tx_i/U_TXOUTCLK_FREQ_COUNTER/txoutclkmon
    SLICE_X106Y83        FDSE                                         r  bd_ab_i/bd_xdma/inst/pcie4_ip_i/inst/bd_ab_bd_xdma_0_pcie4_ip_gt_top_i/diablo_gt.diablo_gt_phy_wrapper/gt_wizard.gtwizard_top_i/bd_ab_bd_xdma_0_pcie4_ip_gt_i/inst/gen_gtwizard_gtye4_top.bd_ab_bd_xdma_0_pcie4_ip_gt_gtwizard_gtye4_inst/gen_gtwizard_gtye4.gen_cpll_cal_gtye4.gen_cpll_cal_inst[5].gen_inst_cpll_cal.gtwizard_ultrascale_v1_7_20_gtye4_cpll_cal_inst/gtwizard_ultrascale_v1_7_20_gtye4_cpll_cal_tx_i/U_TXOUTCLK_FREQ_COUNTER/testclk_div4_reg[0]/C
  -------------------------------------------------------------------    -------------------
    SLICE_X106Y83        FDSE (Prop_EFF_SLICEM_C_Q)
                                                      0.038     0.362 r  bd_ab_i/bd_xdma/inst/pcie4_ip_i/inst/bd_ab_bd_xdma_0_pcie4_ip_gt_top_i/diablo_gt.diablo_gt_phy_wrapper/gt_wizard.gtwizard_top_i/bd_ab_bd_xdma_0_pcie4_ip_gt_i/inst/gen_gtwizard_gtye4_top.bd_ab_bd_xdma_0_pcie4_ip_gt_gtwizard_gtye4_inst/gen_gtwizard_gtye4.gen_cpll_cal_gtye4.gen_cpll_cal_inst[5].gen_inst_cpll_cal.gtwizard_ultrascale_v1_7_20_gtye4_cpll_cal_inst/gtwizard_ultrascale_v1_7_20_gtye4_cpll_cal_tx_i/U_TXOUTCLK_FREQ_COUNTER/testclk_div4_reg[0]/Q
                         net (fo=2, routed)           0.067     0.428    bd_ab_i/bd_xdma/inst/pcie4_ip_i/inst/bd_ab_bd_xdma_0_pcie4_ip_gt_top_i/diablo_gt.diablo_gt_phy_wrapper/gt_wizard.gtwizard_top_i/bd_ab_bd_xdma_0_pcie4_ip_gt_i/inst/gen_gtwizard_gtye4_top.bd_ab_bd_xdma_0_pcie4_ip_gt_gtwizard_gtye4_inst/gen_gtwizard_gtye4.gen_cpll_cal_gtye4.gen_cpll_cal_inst[5].gen_inst_cpll_cal.gtwizard_ultrascale_v1_7_20_gtye4_cpll_cal_inst/gtwizard_ultrascale_v1_7_20_gtye4_cpll_cal_tx_i/U_TXOUTCLK_FREQ_COUNTER/testclk_div4[0]
    SLICE_X106Y83        FDRE                                         r  bd_ab_i/bd_xdma/inst/pcie4_ip_i/inst/bd_ab_bd_xdma_0_pcie4_ip_gt_top_i/diablo_gt.diablo_gt_phy_wrapper/gt_wizard.gtwizard_top_i/bd_ab_bd_xdma_0_pcie4_ip_gt_i/inst/gen_gtwizard_gtye4_top.bd_ab_bd_xdma_0_pcie4_ip_gt_gtwizard_gtye4_inst/gen_gtwizard_gtye4.gen_cpll_cal_gtye4.gen_cpll_cal_inst[5].gen_inst_cpll_cal.gtwizard_ultrascale_v1_7_20_gtye4_cpll_cal_inst/gtwizard_ultrascale_v1_7_20_gtye4_cpll_cal_tx_i/U_TXOUTCLK_FREQ_COUNTER/testclk_div4_reg[1]/D
  -------------------------------------------------------------------    -------------------

                         (clock bd_ab_i/bd_xdma/inst/pcie4_ip_i/inst/bd_ab_bd_xdma_0_pcie4_ip_gt_top_i/diablo_gt.diablo_gt_phy_wrapper/gt_wizard.gtwizard_top_i/bd_ab_bd_xdma_0_pcie4_ip_gt_i/inst/gen_gtwizard_gtye4_top.bd_ab_bd_xdma_0_pcie4_ip_gt_gtwizard_gtye4_inst/gen_gtwizard_gtye4.gen_cpll_cal_gtye4.gen_cpll_cal_inst[5].gen_inst_cpll_cal.gtwizard_ultrascale_v1_7_20_gtye4_cpll_cal_inst/gtwizard_ultrascale_v1_7_20_gtye4_cpll_cal_tx_i/bufg_gt_txoutclkmon_inst/O rise edge)
                                                      0.000     0.000 r  
    BUFG_GT_X0Y46        BUFG_GT                      0.000     0.000 r  bd_ab_i/bd_xdma/inst/pcie4_ip_i/inst/bd_ab_bd_xdma_0_pcie4_ip_gt_top_i/diablo_gt.diablo_gt_phy_wrapper/gt_wizard.gtwizard_top_i/bd_ab_bd_xdma_0_pcie4_ip_gt_i/inst/gen_gtwizard_gtye4_top.bd_ab_bd_xdma_0_pcie4_ip_gt_gtwizard_gtye4_inst/gen_gtwizard_gtye4.gen_cpll_cal_gtye4.gen_cpll_cal_inst[5].gen_inst_cpll_cal.gtwizard_ultrascale_v1_7_20_gtye4_cpll_cal_inst/gtwizard_ultrascale_v1_7_20_gtye4_cpll_cal_tx_i/bufg_gt_txoutclkmon_inst/O
    X3Y1 (CLOCK_ROOT)    net (fo=31, routed)          0.374     0.374    bd_ab_i/bd_xdma/inst/pcie4_ip_i/inst/bd_ab_bd_xdma_0_pcie4_ip_gt_top_i/diablo_gt.diablo_gt_phy_wrapper/gt_wizard.gtwizard_top_i/bd_ab_bd_xdma_0_pcie4_ip_gt_i/inst/gen_gtwizard_gtye4_top.bd_ab_bd_xdma_0_pcie4_ip_gt_gtwizard_gtye4_inst/gen_gtwizard_gtye4.gen_cpll_cal_gtye4.gen_cpll_cal_inst[5].gen_inst_cpll_cal.gtwizard_ultrascale_v1_7_20_gtye4_cpll_cal_inst/gtwizard_ultrascale_v1_7_20_gtye4_cpll_cal_tx_i/U_TXOUTCLK_FREQ_COUNTER/txoutclkmon
    SLICE_X106Y83        FDRE                                         r  bd_ab_i/bd_xdma/inst/pcie4_ip_i/inst/bd_ab_bd_xdma_0_pcie4_ip_gt_top_i/diablo_gt.diablo_gt_phy_wrapper/gt_wizard.gtwizard_top_i/bd_ab_bd_xdma_0_pcie4_ip_gt_i/inst/gen_gtwizard_gtye4_top.bd_ab_bd_xdma_0_pcie4_ip_gt_gtwizard_gtye4_inst/gen_gtwizard_gtye4.gen_cpll_cal_gtye4.gen_cpll_cal_inst[5].gen_inst_cpll_cal.gtwizard_ultrascale_v1_7_20_gtye4_cpll_cal_inst/gtwizard_ultrascale_v1_7_20_gtye4_cpll_cal_tx_i/U_TXOUTCLK_FREQ_COUNTER/testclk_div4_reg[1]/C
                         clock pessimism             -0.045     0.330    
    SLICE_X106Y83        FDRE (Hold_EFF2_SLICEM_C_D)
                                                      0.047     0.377    bd_ab_i/bd_xdma/inst/pcie4_ip_i/inst/bd_ab_bd_xdma_0_pcie4_ip_gt_top_i/diablo_gt.diablo_gt_phy_wrapper/gt_wizard.gtwizard_top_i/bd_ab_bd_xdma_0_pcie4_ip_gt_i/inst/gen_gtwizard_gtye4_top.bd_ab_bd_xdma_0_pcie4_ip_gt_gtwizard_gtye4_inst/gen_gtwizard_gtye4.gen_cpll_cal_gtye4.gen_cpll_cal_inst[5].gen_inst_cpll_cal.gtwizard_ultrascale_v1_7_20_gtye4_cpll_cal_inst/gtwizard_ultrascale_v1_7_20_gtye4_cpll_cal_tx_i/U_TXOUTCLK_FREQ_COUNTER/testclk_div4_reg[1]
  -------------------------------------------------------------------
                         required time                         -0.377    
                         arrival time                           0.428    
  -------------------------------------------------------------------
                         slack                                  0.052    





Pulse Width Checks
--------------------------------------------------------------------------------------
Clock Name:         bd_ab_i/bd_xdma/inst/pcie4_ip_i/inst/bd_ab_bd_xdma_0_pcie4_ip_gt_top_i/diablo_gt.diablo_gt_phy_wrapper/gt_wizard.gtwizard_top_i/bd_ab_bd_xdma_0_pcie4_ip_gt_i/inst/gen_gtwizard_gtye4_top.bd_ab_bd_xdma_0_pcie4_ip_gt_gtwizard_gtye4_inst/gen_gtwizard_gtye4.gen_cpll_cal_gtye4.gen_cpll_cal_inst[5].gen_inst_cpll_cal.gtwizard_ultrascale_v1_7_20_gtye4_cpll_cal_inst/gtwizard_ultrascale_v1_7_20_gtye4_cpll_cal_tx_i/bufg_gt_txoutclkmon_inst/O
Waveform(ns):       { 0.000 4.000 }
Period(ns):         8.000
Sources:            { bd_ab_i/bd_xdma/inst/pcie4_ip_i/inst/bd_ab_bd_xdma_0_pcie4_ip_gt_top_i/diablo_gt.diablo_gt_phy_wrapper/gt_wizard.gtwizard_top_i/bd_ab_bd_xdma_0_pcie4_ip_gt_i/inst/gen_gtwizard_gtye4_top.bd_ab_bd_xdma_0_pcie4_ip_gt_gtwizard_gtye4_inst/gen_gtwizard_gtye4.gen_cpll_cal_gtye4.gen_cpll_cal_inst[5].gen_inst_cpll_cal.gtwizard_ultrascale_v1_7_20_gtye4_cpll_cal_inst/gtwizard_ultrascale_v1_7_20_gtye4_cpll_cal_tx_i/bufg_gt_txoutclkmon_inst/O }

Check Type        Corner  Lib Pin  Reference Pin  Required(ns)  Actual(ns)  Slack(ns)  Location       Pin
Min Period        n/a     FDCE/C   n/a            0.550         8.000       7.450      SLICE_X107Y81  bd_ab_i/bd_xdma/inst/pcie4_ip_i/inst/bd_ab_bd_xdma_0_pcie4_ip_gt_top_i/diablo_gt.diablo_gt_phy_wrapper/gt_wizard.gtwizard_top_i/bd_ab_bd_xdma_0_pcie4_ip_gt_i/inst/gen_gtwizard_gtye4_top.bd_ab_bd_xdma_0_pcie4_ip_gt_gtwizard_gtye4_inst/gen_gtwizard_gtye4.gen_cpll_cal_gtye4.gen_cpll_cal_inst[5].gen_inst_cpll_cal.gtwizard_ultrascale_v1_7_20_gtye4_cpll_cal_inst/gtwizard_ultrascale_v1_7_20_gtye4_cpll_cal_tx_i/U_TXOUTCLK_FREQ_COUNTER/testclk_cnt_reg[0]/C
Low Pulse Width   Slow    FDCE/C   n/a            0.275         4.000       3.725      SLICE_X107Y81  bd_ab_i/bd_xdma/inst/pcie4_ip_i/inst/bd_ab_bd_xdma_0_pcie4_ip_gt_top_i/diablo_gt.diablo_gt_phy_wrapper/gt_wizard.gtwizard_top_i/bd_ab_bd_xdma_0_pcie4_ip_gt_i/inst/gen_gtwizard_gtye4_top.bd_ab_bd_xdma_0_pcie4_ip_gt_gtwizard_gtye4_inst/gen_gtwizard_gtye4.gen_cpll_cal_gtye4.gen_cpll_cal_inst[5].gen_inst_cpll_cal.gtwizard_ultrascale_v1_7_20_gtye4_cpll_cal_inst/gtwizard_ultrascale_v1_7_20_gtye4_cpll_cal_tx_i/U_TXOUTCLK_FREQ_COUNTER/testclk_cnt_reg[0]/C
High Pulse Width  Slow    FDCE/C   n/a            0.275         4.000       3.725      SLICE_X107Y81  bd_ab_i/bd_xdma/inst/pcie4_ip_i/inst/bd_ab_bd_xdma_0_pcie4_ip_gt_top_i/diablo_gt.diablo_gt_phy_wrapper/gt_wizard.gtwizard_top_i/bd_ab_bd_xdma_0_pcie4_ip_gt_i/inst/gen_gtwizard_gtye4_top.bd_ab_bd_xdma_0_pcie4_ip_gt_gtwizard_gtye4_inst/gen_gtwizard_gtye4.gen_cpll_cal_gtye4.gen_cpll_cal_inst[5].gen_inst_cpll_cal.gtwizard_ultrascale_v1_7_20_gtye4_cpll_cal_inst/gtwizard_ultrascale_v1_7_20_gtye4_cpll_cal_tx_i/U_TXOUTCLK_FREQ_COUNTER/testclk_cnt_reg[0]/C



---------------------------------------------------------------------------------------------------
From Clock:  bd_ab_i/bd_xdma/inst/pcie4_ip_i/inst/bd_ab_bd_xdma_0_pcie4_ip_gt_top_i/diablo_gt.diablo_gt_phy_wrapper/gt_wizard.gtwizard_top_i/bd_ab_bd_xdma_0_pcie4_ip_gt_i/inst/gen_gtwizard_gtye4_top.bd_ab_bd_xdma_0_pcie4_ip_gt_gtwizard_gtye4_inst/gen_gtwizard_gtye4.gen_cpll_cal_gtye4.gen_cpll_cal_inst[6].gen_inst_cpll_cal.gtwizard_ultrascale_v1_7_20_gtye4_cpll_cal_inst/gtwizard_ultrascale_v1_7_20_gtye4_cpll_cal_tx_i/bufg_gt_txoutclkmon_inst/O
  To Clock:  bd_ab_i/bd_xdma/inst/pcie4_ip_i/inst/bd_ab_bd_xdma_0_pcie4_ip_gt_top_i/diablo_gt.diablo_gt_phy_wrapper/gt_wizard.gtwizard_top_i/bd_ab_bd_xdma_0_pcie4_ip_gt_i/inst/gen_gtwizard_gtye4_top.bd_ab_bd_xdma_0_pcie4_ip_gt_gtwizard_gtye4_inst/gen_gtwizard_gtye4.gen_cpll_cal_gtye4.gen_cpll_cal_inst[6].gen_inst_cpll_cal.gtwizard_ultrascale_v1_7_20_gtye4_cpll_cal_inst/gtwizard_ultrascale_v1_7_20_gtye4_cpll_cal_tx_i/bufg_gt_txoutclkmon_inst/O

Setup :            0  Failing Endpoints,  Worst Slack        6.985ns,  Total Violation        0.000ns
Hold  :            0  Failing Endpoints,  Worst Slack        0.052ns,  Total Violation        0.000ns
PW    :            0  Failing Endpoints,  Worst Slack        3.725ns,  Total Violation        0.000ns
---------------------------------------------------------------------------------------------------


Max Delay Paths
--------------------------------------------------------------------------------------
Slack (MET) :             6.985ns  (required time - arrival time)
  Source:                 bd_ab_i/bd_xdma/inst/pcie4_ip_i/inst/bd_ab_bd_xdma_0_pcie4_ip_gt_top_i/diablo_gt.diablo_gt_phy_wrapper/gt_wizard.gtwizard_top_i/bd_ab_bd_xdma_0_pcie4_ip_gt_i/inst/gen_gtwizard_gtye4_top.bd_ab_bd_xdma_0_pcie4_ip_gt_gtwizard_gtye4_inst/gen_gtwizard_gtye4.gen_cpll_cal_gtye4.gen_cpll_cal_inst[6].gen_inst_cpll_cal.gtwizard_ultrascale_v1_7_20_gtye4_cpll_cal_inst/gtwizard_ultrascale_v1_7_20_gtye4_cpll_cal_tx_i/U_TXOUTCLK_FREQ_COUNTER/testclk_div4_reg[1]/C
                            (rising edge-triggered cell FDRE clocked by bd_ab_i/bd_xdma/inst/pcie4_ip_i/inst/bd_ab_bd_xdma_0_pcie4_ip_gt_top_i/diablo_gt.diablo_gt_phy_wrapper/gt_wizard.gtwizard_top_i/bd_ab_bd_xdma_0_pcie4_ip_gt_i/inst/gen_gtwizard_gtye4_top.bd_ab_bd_xdma_0_pcie4_ip_gt_gtwizard_gtye4_inst/gen_gtwizard_gtye4.gen_cpll_cal_gtye4.gen_cpll_cal_inst[6].gen_inst_cpll_cal.gtwizard_ultrascale_v1_7_20_gtye4_cpll_cal_inst/gtwizard_ultrascale_v1_7_20_gtye4_cpll_cal_tx_i/bufg_gt_txoutclkmon_inst/O  {rise@0.000ns fall@4.000ns period=8.000ns})
  Destination:            bd_ab_i/bd_xdma/inst/pcie4_ip_i/inst/bd_ab_bd_xdma_0_pcie4_ip_gt_top_i/diablo_gt.diablo_gt_phy_wrapper/gt_wizard.gtwizard_top_i/bd_ab_bd_xdma_0_pcie4_ip_gt_i/inst/gen_gtwizard_gtye4_top.bd_ab_bd_xdma_0_pcie4_ip_gt_gtwizard_gtye4_inst/gen_gtwizard_gtye4.gen_cpll_cal_gtye4.gen_cpll_cal_inst[6].gen_inst_cpll_cal.gtwizard_ultrascale_v1_7_20_gtye4_cpll_cal_inst/gtwizard_ultrascale_v1_7_20_gtye4_cpll_cal_tx_i/U_TXOUTCLK_FREQ_COUNTER/testclk_cnt_reg[4]/CE
                            (rising edge-triggered cell FDCE clocked by bd_ab_i/bd_xdma/inst/pcie4_ip_i/inst/bd_ab_bd_xdma_0_pcie4_ip_gt_top_i/diablo_gt.diablo_gt_phy_wrapper/gt_wizard.gtwizard_top_i/bd_ab_bd_xdma_0_pcie4_ip_gt_i/inst/gen_gtwizard_gtye4_top.bd_ab_bd_xdma_0_pcie4_ip_gt_gtwizard_gtye4_inst/gen_gtwizard_gtye4.gen_cpll_cal_gtye4.gen_cpll_cal_inst[6].gen_inst_cpll_cal.gtwizard_ultrascale_v1_7_20_gtye4_cpll_cal_inst/gtwizard_ultrascale_v1_7_20_gtye4_cpll_cal_tx_i/bufg_gt_txoutclkmon_inst/O  {rise@0.000ns fall@4.000ns period=8.000ns})
  Path Group:             bd_ab_i/bd_xdma/inst/pcie4_ip_i/inst/bd_ab_bd_xdma_0_pcie4_ip_gt_top_i/diablo_gt.diablo_gt_phy_wrapper/gt_wizard.gtwizard_top_i/bd_ab_bd_xdma_0_pcie4_ip_gt_i/inst/gen_gtwizard_gtye4_top.bd_ab_bd_xdma_0_pcie4_ip_gt_gtwizard_gtye4_inst/gen_gtwizard_gtye4.gen_cpll_cal_gtye4.gen_cpll_cal_inst[6].gen_inst_cpll_cal.gtwizard_ultrascale_v1_7_20_gtye4_cpll_cal_inst/gtwizard_ultrascale_v1_7_20_gtye4_cpll_cal_tx_i/bufg_gt_txoutclkmon_inst/O
  Path Type:              Setup (Max at Slow Process Corner)
  Requirement:            8.000ns  (bd_ab_i/bd_xdma/inst/pcie4_ip_i/inst/bd_ab_bd_xdma_0_pcie4_ip_gt_top_i/diablo_gt.diablo_gt_phy_wrapper/gt_wizard.gtwizard_top_i/bd_ab_bd_xdma_0_pcie4_ip_gt_i/inst/gen_gtwizard_gtye4_top.bd_ab_bd_xdma_0_pcie4_ip_gt_gtwizard_gtye4_inst/gen_gtwizard_gtye4.gen_cpll_cal_gtye4.gen_cpll_cal_inst[6].gen_inst_cpll_cal.gtwizard_ultrascale_v1_7_20_gtye4_cpll_cal_inst/gtwizard_ultrascale_v1_7_20_gtye4_cpll_cal_tx_i/bufg_gt_txoutclkmon_inst/O rise@8.000ns - bd_ab_i/bd_xdma/inst/pcie4_ip_i/inst/bd_ab_bd_xdma_0_pcie4_ip_gt_top_i/diablo_gt.diablo_gt_phy_wrapper/gt_wizard.gtwizard_top_i/bd_ab_bd_xdma_0_pcie4_ip_gt_i/inst/gen_gtwizard_gtye4_top.bd_ab_bd_xdma_0_pcie4_ip_gt_gtwizard_gtye4_inst/gen_gtwizard_gtye4.gen_cpll_cal_gtye4.gen_cpll_cal_inst[6].gen_inst_cpll_cal.gtwizard_ultrascale_v1_7_20_gtye4_cpll_cal_inst/gtwizard_ultrascale_v1_7_20_gtye4_cpll_cal_tx_i/bufg_gt_txoutclkmon_inst/O rise@0.000ns)
  Data Path Delay:        0.866ns  (logic 0.231ns (26.671%)  route 0.635ns (73.329%))
  Logic Levels:           1  (LUT5=1)
  Clock Path Skew:        -0.041ns (DCD - SCD + CPR)
    Destination Clock Delay (DCD):    0.477ns = ( 8.477 - 8.000 ) 
    Source Clock Delay      (SCD):    0.567ns
    Clock Pessimism Removal (CPR):    0.049ns
  Clock Uncertainty:      0.046ns  ((TSJ^2 + DJ^2)^1/2) / 2 + PE
    Total System Jitter     (TSJ):    0.071ns
    Discrete Jitter          (DJ):    0.060ns
    Phase Error              (PE):    0.000ns
  Clock Net Delay (Source):      0.567ns (routing 0.002ns, distribution 0.565ns)
  Clock Net Delay (Destination): 0.477ns (routing 0.001ns, distribution 0.476ns)

    Location             Delay type                Incr(ns)  Path(ns)    Netlist Resource(s)
  -------------------------------------------------------------------    -------------------
                         (clock bd_ab_i/bd_xdma/inst/pcie4_ip_i/inst/bd_ab_bd_xdma_0_pcie4_ip_gt_top_i/diablo_gt.diablo_gt_phy_wrapper/gt_wizard.gtwizard_top_i/bd_ab_bd_xdma_0_pcie4_ip_gt_i/inst/gen_gtwizard_gtye4_top.bd_ab_bd_xdma_0_pcie4_ip_gt_gtwizard_gtye4_inst/gen_gtwizard_gtye4.gen_cpll_cal_gtye4.gen_cpll_cal_inst[6].gen_inst_cpll_cal.gtwizard_ultrascale_v1_7_20_gtye4_cpll_cal_inst/gtwizard_ultrascale_v1_7_20_gtye4_cpll_cal_tx_i/bufg_gt_txoutclkmon_inst/O rise edge)
                                                      0.000     0.000 r  
    BUFG_GT_X0Y45        BUFG_GT                      0.000     0.000 r  bd_ab_i/bd_xdma/inst/pcie4_ip_i/inst/bd_ab_bd_xdma_0_pcie4_ip_gt_top_i/diablo_gt.diablo_gt_phy_wrapper/gt_wizard.gtwizard_top_i/bd_ab_bd_xdma_0_pcie4_ip_gt_i/inst/gen_gtwizard_gtye4_top.bd_ab_bd_xdma_0_pcie4_ip_gt_gtwizard_gtye4_inst/gen_gtwizard_gtye4.gen_cpll_cal_gtye4.gen_cpll_cal_inst[6].gen_inst_cpll_cal.gtwizard_ultrascale_v1_7_20_gtye4_cpll_cal_inst/gtwizard_ultrascale_v1_7_20_gtye4_cpll_cal_tx_i/bufg_gt_txoutclkmon_inst/O
    X3Y1 (CLOCK_ROOT)    net (fo=31, routed)          0.567     0.567    bd_ab_i/bd_xdma/inst/pcie4_ip_i/inst/bd_ab_bd_xdma_0_pcie4_ip_gt_top_i/diablo_gt.diablo_gt_phy_wrapper/gt_wizard.gtwizard_top_i/bd_ab_bd_xdma_0_pcie4_ip_gt_i/inst/gen_gtwizard_gtye4_top.bd_ab_bd_xdma_0_pcie4_ip_gt_gtwizard_gtye4_inst/gen_gtwizard_gtye4.gen_cpll_cal_gtye4.gen_cpll_cal_inst[6].gen_inst_cpll_cal.gtwizard_ultrascale_v1_7_20_gtye4_cpll_cal_inst/gtwizard_ultrascale_v1_7_20_gtye4_cpll_cal_tx_i/U_TXOUTCLK_FREQ_COUNTER/txoutclkmon
    SLICE_X107Y95        FDRE                                         r  bd_ab_i/bd_xdma/inst/pcie4_ip_i/inst/bd_ab_bd_xdma_0_pcie4_ip_gt_top_i/diablo_gt.diablo_gt_phy_wrapper/gt_wizard.gtwizard_top_i/bd_ab_bd_xdma_0_pcie4_ip_gt_i/inst/gen_gtwizard_gtye4_top.bd_ab_bd_xdma_0_pcie4_ip_gt_gtwizard_gtye4_inst/gen_gtwizard_gtye4.gen_cpll_cal_gtye4.gen_cpll_cal_inst[6].gen_inst_cpll_cal.gtwizard_ultrascale_v1_7_20_gtye4_cpll_cal_inst/gtwizard_ultrascale_v1_7_20_gtye4_cpll_cal_tx_i/U_TXOUTCLK_FREQ_COUNTER/testclk_div4_reg[1]/C
  -------------------------------------------------------------------    -------------------
    SLICE_X107Y95        FDRE (Prop_EFF2_SLICEM_C_Q)
                                                      0.079     0.646 f  bd_ab_i/bd_xdma/inst/pcie4_ip_i/inst/bd_ab_bd_xdma_0_pcie4_ip_gt_top_i/diablo_gt.diablo_gt_phy_wrapper/gt_wizard.gtwizard_top_i/bd_ab_bd_xdma_0_pcie4_ip_gt_i/inst/gen_gtwizard_gtye4_top.bd_ab_bd_xdma_0_pcie4_ip_gt_gtwizard_gtye4_inst/gen_gtwizard_gtye4.gen_cpll_cal_gtye4.gen_cpll_cal_inst[6].gen_inst_cpll_cal.gtwizard_ultrascale_v1_7_20_gtye4_cpll_cal_inst/gtwizard_ultrascale_v1_7_20_gtye4_cpll_cal_tx_i/U_TXOUTCLK_FREQ_COUNTER/testclk_div4_reg[1]/Q
                         net (fo=2, routed)           0.214     0.860    bd_ab_i/bd_xdma/inst/pcie4_ip_i/inst/bd_ab_bd_xdma_0_pcie4_ip_gt_top_i/diablo_gt.diablo_gt_phy_wrapper/gt_wizard.gtwizard_top_i/bd_ab_bd_xdma_0_pcie4_ip_gt_i/inst/gen_gtwizard_gtye4_top.bd_ab_bd_xdma_0_pcie4_ip_gt_gtwizard_gtye4_inst/gen_gtwizard_gtye4.gen_cpll_cal_gtye4.gen_cpll_cal_inst[6].gen_inst_cpll_cal.gtwizard_ultrascale_v1_7_20_gtye4_cpll_cal_inst/gtwizard_ultrascale_v1_7_20_gtye4_cpll_cal_tx_i/U_TXOUTCLK_FREQ_COUNTER/testclk_div4[1]
    SLICE_X107Y95        LUT5 (Prop_H6LUT_SLICEM_I1_O)
                                                      0.152     1.012 r  bd_ab_i/bd_xdma/inst/pcie4_ip_i/inst/bd_ab_bd_xdma_0_pcie4_ip_gt_top_i/diablo_gt.diablo_gt_phy_wrapper/gt_wizard.gtwizard_top_i/bd_ab_bd_xdma_0_pcie4_ip_gt_i/inst/gen_gtwizard_gtye4_top.bd_ab_bd_xdma_0_pcie4_ip_gt_gtwizard_gtye4_inst/gen_gtwizard_gtye4.gen_cpll_cal_gtye4.gen_cpll_cal_inst[6].gen_inst_cpll_cal.gtwizard_ultrascale_v1_7_20_gtye4_cpll_cal_inst/gtwizard_ultrascale_v1_7_20_gtye4_cpll_cal_tx_i/U_TXOUTCLK_FREQ_COUNTER/testclk_cnt0__5/O
                         net (fo=18, routed)          0.421     1.433    bd_ab_i/bd_xdma/inst/pcie4_ip_i/inst/bd_ab_bd_xdma_0_pcie4_ip_gt_top_i/diablo_gt.diablo_gt_phy_wrapper/gt_wizard.gtwizard_top_i/bd_ab_bd_xdma_0_pcie4_ip_gt_i/inst/gen_gtwizard_gtye4_top.bd_ab_bd_xdma_0_pcie4_ip_gt_gtwizard_gtye4_inst/gen_gtwizard_gtye4.gen_cpll_cal_gtye4.gen_cpll_cal_inst[6].gen_inst_cpll_cal.gtwizard_ultrascale_v1_7_20_gtye4_cpll_cal_inst/gtwizard_ultrascale_v1_7_20_gtye4_cpll_cal_tx_i/U_TXOUTCLK_FREQ_COUNTER/testclk_cnt0__5_n_0
    SLICE_X107Y90        FDCE                                         r  bd_ab_i/bd_xdma/inst/pcie4_ip_i/inst/bd_ab_bd_xdma_0_pcie4_ip_gt_top_i/diablo_gt.diablo_gt_phy_wrapper/gt_wizard.gtwizard_top_i/bd_ab_bd_xdma_0_pcie4_ip_gt_i/inst/gen_gtwizard_gtye4_top.bd_ab_bd_xdma_0_pcie4_ip_gt_gtwizard_gtye4_inst/gen_gtwizard_gtye4.gen_cpll_cal_gtye4.gen_cpll_cal_inst[6].gen_inst_cpll_cal.gtwizard_ultrascale_v1_7_20_gtye4_cpll_cal_inst/gtwizard_ultrascale_v1_7_20_gtye4_cpll_cal_tx_i/U_TXOUTCLK_FREQ_COUNTER/testclk_cnt_reg[4]/CE
  -------------------------------------------------------------------    -------------------

                         (clock bd_ab_i/bd_xdma/inst/pcie4_ip_i/inst/bd_ab_bd_xdma_0_pcie4_ip_gt_top_i/diablo_gt.diablo_gt_phy_wrapper/gt_wizard.gtwizard_top_i/bd_ab_bd_xdma_0_pcie4_ip_gt_i/inst/gen_gtwizard_gtye4_top.bd_ab_bd_xdma_0_pcie4_ip_gt_gtwizard_gtye4_inst/gen_gtwizard_gtye4.gen_cpll_cal_gtye4.gen_cpll_cal_inst[6].gen_inst_cpll_cal.gtwizard_ultrascale_v1_7_20_gtye4_cpll_cal_inst/gtwizard_ultrascale_v1_7_20_gtye4_cpll_cal_tx_i/bufg_gt_txoutclkmon_inst/O rise edge)
                                                      8.000     8.000 r  
    BUFG_GT_X0Y45        BUFG_GT                      0.000     8.000 r  bd_ab_i/bd_xdma/inst/pcie4_ip_i/inst/bd_ab_bd_xdma_0_pcie4_ip_gt_top_i/diablo_gt.diablo_gt_phy_wrapper/gt_wizard.gtwizard_top_i/bd_ab_bd_xdma_0_pcie4_ip_gt_i/inst/gen_gtwizard_gtye4_top.bd_ab_bd_xdma_0_pcie4_ip_gt_gtwizard_gtye4_inst/gen_gtwizard_gtye4.gen_cpll_cal_gtye4.gen_cpll_cal_inst[6].gen_inst_cpll_cal.gtwizard_ultrascale_v1_7_20_gtye4_cpll_cal_inst/gtwizard_ultrascale_v1_7_20_gtye4_cpll_cal_tx_i/bufg_gt_txoutclkmon_inst/O
    X3Y1 (CLOCK_ROOT)    net (fo=31, routed)          0.477     8.477    bd_ab_i/bd_xdma/inst/pcie4_ip_i/inst/bd_ab_bd_xdma_0_pcie4_ip_gt_top_i/diablo_gt.diablo_gt_phy_wrapper/gt_wizard.gtwizard_top_i/bd_ab_bd_xdma_0_pcie4_ip_gt_i/inst/gen_gtwizard_gtye4_top.bd_ab_bd_xdma_0_pcie4_ip_gt_gtwizard_gtye4_inst/gen_gtwizard_gtye4.gen_cpll_cal_gtye4.gen_cpll_cal_inst[6].gen_inst_cpll_cal.gtwizard_ultrascale_v1_7_20_gtye4_cpll_cal_inst/gtwizard_ultrascale_v1_7_20_gtye4_cpll_cal_tx_i/U_TXOUTCLK_FREQ_COUNTER/txoutclkmon
    SLICE_X107Y90        FDCE                                         r  bd_ab_i/bd_xdma/inst/pcie4_ip_i/inst/bd_ab_bd_xdma_0_pcie4_ip_gt_top_i/diablo_gt.diablo_gt_phy_wrapper/gt_wizard.gtwizard_top_i/bd_ab_bd_xdma_0_pcie4_ip_gt_i/inst/gen_gtwizard_gtye4_top.bd_ab_bd_xdma_0_pcie4_ip_gt_gtwizard_gtye4_inst/gen_gtwizard_gtye4.gen_cpll_cal_gtye4.gen_cpll_cal_inst[6].gen_inst_cpll_cal.gtwizard_ultrascale_v1_7_20_gtye4_cpll_cal_inst/gtwizard_ultrascale_v1_7_20_gtye4_cpll_cal_tx_i/U_TXOUTCLK_FREQ_COUNTER/testclk_cnt_reg[4]/C
                         clock pessimism              0.049     8.526    
                         clock uncertainty           -0.046     8.480    
    SLICE_X107Y90        FDCE (Setup_EFF_SLICEM_C_CE)
                                                     -0.061     8.419    bd_ab_i/bd_xdma/inst/pcie4_ip_i/inst/bd_ab_bd_xdma_0_pcie4_ip_gt_top_i/diablo_gt.diablo_gt_phy_wrapper/gt_wizard.gtwizard_top_i/bd_ab_bd_xdma_0_pcie4_ip_gt_i/inst/gen_gtwizard_gtye4_top.bd_ab_bd_xdma_0_pcie4_ip_gt_gtwizard_gtye4_inst/gen_gtwizard_gtye4.gen_cpll_cal_gtye4.gen_cpll_cal_inst[6].gen_inst_cpll_cal.gtwizard_ultrascale_v1_7_20_gtye4_cpll_cal_inst/gtwizard_ultrascale_v1_7_20_gtye4_cpll_cal_tx_i/U_TXOUTCLK_FREQ_COUNTER/testclk_cnt_reg[4]
  -------------------------------------------------------------------
                         required time                          8.419    
                         arrival time                          -1.433    
  -------------------------------------------------------------------
                         slack                                  6.985    





Min Delay Paths
--------------------------------------------------------------------------------------
Slack (MET) :             0.052ns  (arrival time - required time)
  Source:                 bd_ab_i/bd_xdma/inst/pcie4_ip_i/inst/bd_ab_bd_xdma_0_pcie4_ip_gt_top_i/diablo_gt.diablo_gt_phy_wrapper/gt_wizard.gtwizard_top_i/bd_ab_bd_xdma_0_pcie4_ip_gt_i/inst/gen_gtwizard_gtye4_top.bd_ab_bd_xdma_0_pcie4_ip_gt_gtwizard_gtye4_inst/gen_gtwizard_gtye4.gen_cpll_cal_gtye4.gen_cpll_cal_inst[6].gen_inst_cpll_cal.gtwizard_ultrascale_v1_7_20_gtye4_cpll_cal_inst/gtwizard_ultrascale_v1_7_20_gtye4_cpll_cal_tx_i/U_TXOUTCLK_FREQ_COUNTER/testclk_div4_reg[0]/C
                            (rising edge-triggered cell FDSE clocked by bd_ab_i/bd_xdma/inst/pcie4_ip_i/inst/bd_ab_bd_xdma_0_pcie4_ip_gt_top_i/diablo_gt.diablo_gt_phy_wrapper/gt_wizard.gtwizard_top_i/bd_ab_bd_xdma_0_pcie4_ip_gt_i/inst/gen_gtwizard_gtye4_top.bd_ab_bd_xdma_0_pcie4_ip_gt_gtwizard_gtye4_inst/gen_gtwizard_gtye4.gen_cpll_cal_gtye4.gen_cpll_cal_inst[6].gen_inst_cpll_cal.gtwizard_ultrascale_v1_7_20_gtye4_cpll_cal_inst/gtwizard_ultrascale_v1_7_20_gtye4_cpll_cal_tx_i/bufg_gt_txoutclkmon_inst/O  {rise@0.000ns fall@4.000ns period=8.000ns})
  Destination:            bd_ab_i/bd_xdma/inst/pcie4_ip_i/inst/bd_ab_bd_xdma_0_pcie4_ip_gt_top_i/diablo_gt.diablo_gt_phy_wrapper/gt_wizard.gtwizard_top_i/bd_ab_bd_xdma_0_pcie4_ip_gt_i/inst/gen_gtwizard_gtye4_top.bd_ab_bd_xdma_0_pcie4_ip_gt_gtwizard_gtye4_inst/gen_gtwizard_gtye4.gen_cpll_cal_gtye4.gen_cpll_cal_inst[6].gen_inst_cpll_cal.gtwizard_ultrascale_v1_7_20_gtye4_cpll_cal_inst/gtwizard_ultrascale_v1_7_20_gtye4_cpll_cal_tx_i/U_TXOUTCLK_FREQ_COUNTER/testclk_div4_reg[1]/D
                            (rising edge-triggered cell FDRE clocked by bd_ab_i/bd_xdma/inst/pcie4_ip_i/inst/bd_ab_bd_xdma_0_pcie4_ip_gt_top_i/diablo_gt.diablo_gt_phy_wrapper/gt_wizard.gtwizard_top_i/bd_ab_bd_xdma_0_pcie4_ip_gt_i/inst/gen_gtwizard_gtye4_top.bd_ab_bd_xdma_0_pcie4_ip_gt_gtwizard_gtye4_inst/gen_gtwizard_gtye4.gen_cpll_cal_gtye4.gen_cpll_cal_inst[6].gen_inst_cpll_cal.gtwizard_ultrascale_v1_7_20_gtye4_cpll_cal_inst/gtwizard_ultrascale_v1_7_20_gtye4_cpll_cal_tx_i/bufg_gt_txoutclkmon_inst/O  {rise@0.000ns fall@4.000ns period=8.000ns})
  Path Group:             bd_ab_i/bd_xdma/inst/pcie4_ip_i/inst/bd_ab_bd_xdma_0_pcie4_ip_gt_top_i/diablo_gt.diablo_gt_phy_wrapper/gt_wizard.gtwizard_top_i/bd_ab_bd_xdma_0_pcie4_ip_gt_i/inst/gen_gtwizard_gtye4_top.bd_ab_bd_xdma_0_pcie4_ip_gt_gtwizard_gtye4_inst/gen_gtwizard_gtye4.gen_cpll_cal_gtye4.gen_cpll_cal_inst[6].gen_inst_cpll_cal.gtwizard_ultrascale_v1_7_20_gtye4_cpll_cal_inst/gtwizard_ultrascale_v1_7_20_gtye4_cpll_cal_tx_i/bufg_gt_txoutclkmon_inst/O
  Path Type:              Hold (Min at Fast Process Corner)
  Requirement:            0.000ns  (bd_ab_i/bd_xdma/inst/pcie4_ip_i/inst/bd_ab_bd_xdma_0_pcie4_ip_gt_top_i/diablo_gt.diablo_gt_phy_wrapper/gt_wizard.gtwizard_top_i/bd_ab_bd_xdma_0_pcie4_ip_gt_i/inst/gen_gtwizard_gtye4_top.bd_ab_bd_xdma_0_pcie4_ip_gt_gtwizard_gtye4_inst/gen_gtwizard_gtye4.gen_cpll_cal_gtye4.gen_cpll_cal_inst[6].gen_inst_cpll_cal.gtwizard_ultrascale_v1_7_20_gtye4_cpll_cal_inst/gtwizard_ultrascale_v1_7_20_gtye4_cpll_cal_tx_i/bufg_gt_txoutclkmon_inst/O rise@0.000ns - bd_ab_i/bd_xdma/inst/pcie4_ip_i/inst/bd_ab_bd_xdma_0_pcie4_ip_gt_top_i/diablo_gt.diablo_gt_phy_wrapper/gt_wizard.gtwizard_top_i/bd_ab_bd_xdma_0_pcie4_ip_gt_i/inst/gen_gtwizard_gtye4_top.bd_ab_bd_xdma_0_pcie4_ip_gt_gtwizard_gtye4_inst/gen_gtwizard_gtye4.gen_cpll_cal_gtye4.gen_cpll_cal_inst[6].gen_inst_cpll_cal.gtwizard_ultrascale_v1_7_20_gtye4_cpll_cal_inst/gtwizard_ultrascale_v1_7_20_gtye4_cpll_cal_tx_i/bufg_gt_txoutclkmon_inst/O rise@0.000ns)
  Data Path Delay:        0.105ns  (logic 0.038ns (36.301%)  route 0.067ns (63.699%))
  Logic Levels:           0  
  Clock Path Skew:        0.006ns (DCD - SCD - CPR)
    Destination Clock Delay (DCD):    0.367ns
    Source Clock Delay      (SCD):    0.319ns
    Clock Pessimism Removal (CPR):    0.043ns
  Clock Net Delay (Source):      0.319ns (routing 0.001ns, distribution 0.318ns)
  Clock Net Delay (Destination): 0.367ns (routing 0.001ns, distribution 0.366ns)

    Location             Delay type                Incr(ns)  Path(ns)    Netlist Resource(s)
  -------------------------------------------------------------------    -------------------
                         (clock bd_ab_i/bd_xdma/inst/pcie4_ip_i/inst/bd_ab_bd_xdma_0_pcie4_ip_gt_top_i/diablo_gt.diablo_gt_phy_wrapper/gt_wizard.gtwizard_top_i/bd_ab_bd_xdma_0_pcie4_ip_gt_i/inst/gen_gtwizard_gtye4_top.bd_ab_bd_xdma_0_pcie4_ip_gt_gtwizard_gtye4_inst/gen_gtwizard_gtye4.gen_cpll_cal_gtye4.gen_cpll_cal_inst[6].gen_inst_cpll_cal.gtwizard_ultrascale_v1_7_20_gtye4_cpll_cal_inst/gtwizard_ultrascale_v1_7_20_gtye4_cpll_cal_tx_i/bufg_gt_txoutclkmon_inst/O rise edge)
                                                      0.000     0.000 r  
    BUFG_GT_X0Y45        BUFG_GT                      0.000     0.000 r  bd_ab_i/bd_xdma/inst/pcie4_ip_i/inst/bd_ab_bd_xdma_0_pcie4_ip_gt_top_i/diablo_gt.diablo_gt_phy_wrapper/gt_wizard.gtwizard_top_i/bd_ab_bd_xdma_0_pcie4_ip_gt_i/inst/gen_gtwizard_gtye4_top.bd_ab_bd_xdma_0_pcie4_ip_gt_gtwizard_gtye4_inst/gen_gtwizard_gtye4.gen_cpll_cal_gtye4.gen_cpll_cal_inst[6].gen_inst_cpll_cal.gtwizard_ultrascale_v1_7_20_gtye4_cpll_cal_inst/gtwizard_ultrascale_v1_7_20_gtye4_cpll_cal_tx_i/bufg_gt_txoutclkmon_inst/O
    X3Y1 (CLOCK_ROOT)    net (fo=31, routed)          0.319     0.319    bd_ab_i/bd_xdma/inst/pcie4_ip_i/inst/bd_ab_bd_xdma_0_pcie4_ip_gt_top_i/diablo_gt.diablo_gt_phy_wrapper/gt_wizard.gtwizard_top_i/bd_ab_bd_xdma_0_pcie4_ip_gt_i/inst/gen_gtwizard_gtye4_top.bd_ab_bd_xdma_0_pcie4_ip_gt_gtwizard_gtye4_inst/gen_gtwizard_gtye4.gen_cpll_cal_gtye4.gen_cpll_cal_inst[6].gen_inst_cpll_cal.gtwizard_ultrascale_v1_7_20_gtye4_cpll_cal_inst/gtwizard_ultrascale_v1_7_20_gtye4_cpll_cal_tx_i/U_TXOUTCLK_FREQ_COUNTER/txoutclkmon
    SLICE_X107Y95        FDSE                                         r  bd_ab_i/bd_xdma/inst/pcie4_ip_i/inst/bd_ab_bd_xdma_0_pcie4_ip_gt_top_i/diablo_gt.diablo_gt_phy_wrapper/gt_wizard.gtwizard_top_i/bd_ab_bd_xdma_0_pcie4_ip_gt_i/inst/gen_gtwizard_gtye4_top.bd_ab_bd_xdma_0_pcie4_ip_gt_gtwizard_gtye4_inst/gen_gtwizard_gtye4.gen_cpll_cal_gtye4.gen_cpll_cal_inst[6].gen_inst_cpll_cal.gtwizard_ultrascale_v1_7_20_gtye4_cpll_cal_inst/gtwizard_ultrascale_v1_7_20_gtye4_cpll_cal_tx_i/U_TXOUTCLK_FREQ_COUNTER/testclk_div4_reg[0]/C
  -------------------------------------------------------------------    -------------------
    SLICE_X107Y95        FDSE (Prop_EFF_SLICEM_C_Q)
                                                      0.038     0.357 r  bd_ab_i/bd_xdma/inst/pcie4_ip_i/inst/bd_ab_bd_xdma_0_pcie4_ip_gt_top_i/diablo_gt.diablo_gt_phy_wrapper/gt_wizard.gtwizard_top_i/bd_ab_bd_xdma_0_pcie4_ip_gt_i/inst/gen_gtwizard_gtye4_top.bd_ab_bd_xdma_0_pcie4_ip_gt_gtwizard_gtye4_inst/gen_gtwizard_gtye4.gen_cpll_cal_gtye4.gen_cpll_cal_inst[6].gen_inst_cpll_cal.gtwizard_ultrascale_v1_7_20_gtye4_cpll_cal_inst/gtwizard_ultrascale_v1_7_20_gtye4_cpll_cal_tx_i/U_TXOUTCLK_FREQ_COUNTER/testclk_div4_reg[0]/Q
                         net (fo=2, routed)           0.067     0.423    bd_ab_i/bd_xdma/inst/pcie4_ip_i/inst/bd_ab_bd_xdma_0_pcie4_ip_gt_top_i/diablo_gt.diablo_gt_phy_wrapper/gt_wizard.gtwizard_top_i/bd_ab_bd_xdma_0_pcie4_ip_gt_i/inst/gen_gtwizard_gtye4_top.bd_ab_bd_xdma_0_pcie4_ip_gt_gtwizard_gtye4_inst/gen_gtwizard_gtye4.gen_cpll_cal_gtye4.gen_cpll_cal_inst[6].gen_inst_cpll_cal.gtwizard_ultrascale_v1_7_20_gtye4_cpll_cal_inst/gtwizard_ultrascale_v1_7_20_gtye4_cpll_cal_tx_i/U_TXOUTCLK_FREQ_COUNTER/testclk_div4[0]
    SLICE_X107Y95        FDRE                                         r  bd_ab_i/bd_xdma/inst/pcie4_ip_i/inst/bd_ab_bd_xdma_0_pcie4_ip_gt_top_i/diablo_gt.diablo_gt_phy_wrapper/gt_wizard.gtwizard_top_i/bd_ab_bd_xdma_0_pcie4_ip_gt_i/inst/gen_gtwizard_gtye4_top.bd_ab_bd_xdma_0_pcie4_ip_gt_gtwizard_gtye4_inst/gen_gtwizard_gtye4.gen_cpll_cal_gtye4.gen_cpll_cal_inst[6].gen_inst_cpll_cal.gtwizard_ultrascale_v1_7_20_gtye4_cpll_cal_inst/gtwizard_ultrascale_v1_7_20_gtye4_cpll_cal_tx_i/U_TXOUTCLK_FREQ_COUNTER/testclk_div4_reg[1]/D
  -------------------------------------------------------------------    -------------------

                         (clock bd_ab_i/bd_xdma/inst/pcie4_ip_i/inst/bd_ab_bd_xdma_0_pcie4_ip_gt_top_i/diablo_gt.diablo_gt_phy_wrapper/gt_wizard.gtwizard_top_i/bd_ab_bd_xdma_0_pcie4_ip_gt_i/inst/gen_gtwizard_gtye4_top.bd_ab_bd_xdma_0_pcie4_ip_gt_gtwizard_gtye4_inst/gen_gtwizard_gtye4.gen_cpll_cal_gtye4.gen_cpll_cal_inst[6].gen_inst_cpll_cal.gtwizard_ultrascale_v1_7_20_gtye4_cpll_cal_inst/gtwizard_ultrascale_v1_7_20_gtye4_cpll_cal_tx_i/bufg_gt_txoutclkmon_inst/O rise edge)
                                                      0.000     0.000 r  
    BUFG_GT_X0Y45        BUFG_GT                      0.000     0.000 r  bd_ab_i/bd_xdma/inst/pcie4_ip_i/inst/bd_ab_bd_xdma_0_pcie4_ip_gt_top_i/diablo_gt.diablo_gt_phy_wrapper/gt_wizard.gtwizard_top_i/bd_ab_bd_xdma_0_pcie4_ip_gt_i/inst/gen_gtwizard_gtye4_top.bd_ab_bd_xdma_0_pcie4_ip_gt_gtwizard_gtye4_inst/gen_gtwizard_gtye4.gen_cpll_cal_gtye4.gen_cpll_cal_inst[6].gen_inst_cpll_cal.gtwizard_ultrascale_v1_7_20_gtye4_cpll_cal_inst/gtwizard_ultrascale_v1_7_20_gtye4_cpll_cal_tx_i/bufg_gt_txoutclkmon_inst/O
    X3Y1 (CLOCK_ROOT)    net (fo=31, routed)          0.367     0.367    bd_ab_i/bd_xdma/inst/pcie4_ip_i/inst/bd_ab_bd_xdma_0_pcie4_ip_gt_top_i/diablo_gt.diablo_gt_phy_wrapper/gt_wizard.gtwizard_top_i/bd_ab_bd_xdma_0_pcie4_ip_gt_i/inst/gen_gtwizard_gtye4_top.bd_ab_bd_xdma_0_pcie4_ip_gt_gtwizard_gtye4_inst/gen_gtwizard_gtye4.gen_cpll_cal_gtye4.gen_cpll_cal_inst[6].gen_inst_cpll_cal.gtwizard_ultrascale_v1_7_20_gtye4_cpll_cal_inst/gtwizard_ultrascale_v1_7_20_gtye4_cpll_cal_tx_i/U_TXOUTCLK_FREQ_COUNTER/txoutclkmon
    SLICE_X107Y95        FDRE                                         r  bd_ab_i/bd_xdma/inst/pcie4_ip_i/inst/bd_ab_bd_xdma_0_pcie4_ip_gt_top_i/diablo_gt.diablo_gt_phy_wrapper/gt_wizard.gtwizard_top_i/bd_ab_bd_xdma_0_pcie4_ip_gt_i/inst/gen_gtwizard_gtye4_top.bd_ab_bd_xdma_0_pcie4_ip_gt_gtwizard_gtye4_inst/gen_gtwizard_gtye4.gen_cpll_cal_gtye4.gen_cpll_cal_inst[6].gen_inst_cpll_cal.gtwizard_ultrascale_v1_7_20_gtye4_cpll_cal_inst/gtwizard_ultrascale_v1_7_20_gtye4_cpll_cal_tx_i/U_TXOUTCLK_FREQ_COUNTER/testclk_div4_reg[1]/C
                         clock pessimism             -0.043     0.325    
    SLICE_X107Y95        FDRE (Hold_EFF2_SLICEM_C_D)
                                                      0.047     0.372    bd_ab_i/bd_xdma/inst/pcie4_ip_i/inst/bd_ab_bd_xdma_0_pcie4_ip_gt_top_i/diablo_gt.diablo_gt_phy_wrapper/gt_wizard.gtwizard_top_i/bd_ab_bd_xdma_0_pcie4_ip_gt_i/inst/gen_gtwizard_gtye4_top.bd_ab_bd_xdma_0_pcie4_ip_gt_gtwizard_gtye4_inst/gen_gtwizard_gtye4.gen_cpll_cal_gtye4.gen_cpll_cal_inst[6].gen_inst_cpll_cal.gtwizard_ultrascale_v1_7_20_gtye4_cpll_cal_inst/gtwizard_ultrascale_v1_7_20_gtye4_cpll_cal_tx_i/U_TXOUTCLK_FREQ_COUNTER/testclk_div4_reg[1]
  -------------------------------------------------------------------
                         required time                         -0.372    
                         arrival time                           0.423    
  -------------------------------------------------------------------
                         slack                                  0.052    





Pulse Width Checks
--------------------------------------------------------------------------------------
Clock Name:         bd_ab_i/bd_xdma/inst/pcie4_ip_i/inst/bd_ab_bd_xdma_0_pcie4_ip_gt_top_i/diablo_gt.diablo_gt_phy_wrapper/gt_wizard.gtwizard_top_i/bd_ab_bd_xdma_0_pcie4_ip_gt_i/inst/gen_gtwizard_gtye4_top.bd_ab_bd_xdma_0_pcie4_ip_gt_gtwizard_gtye4_inst/gen_gtwizard_gtye4.gen_cpll_cal_gtye4.gen_cpll_cal_inst[6].gen_inst_cpll_cal.gtwizard_ultrascale_v1_7_20_gtye4_cpll_cal_inst/gtwizard_ultrascale_v1_7_20_gtye4_cpll_cal_tx_i/bufg_gt_txoutclkmon_inst/O
Waveform(ns):       { 0.000 4.000 }
Period(ns):         8.000
Sources:            { bd_ab_i/bd_xdma/inst/pcie4_ip_i/inst/bd_ab_bd_xdma_0_pcie4_ip_gt_top_i/diablo_gt.diablo_gt_phy_wrapper/gt_wizard.gtwizard_top_i/bd_ab_bd_xdma_0_pcie4_ip_gt_i/inst/gen_gtwizard_gtye4_top.bd_ab_bd_xdma_0_pcie4_ip_gt_gtwizard_gtye4_inst/gen_gtwizard_gtye4.gen_cpll_cal_gtye4.gen_cpll_cal_inst[6].gen_inst_cpll_cal.gtwizard_ultrascale_v1_7_20_gtye4_cpll_cal_inst/gtwizard_ultrascale_v1_7_20_gtye4_cpll_cal_tx_i/bufg_gt_txoutclkmon_inst/O }

Check Type        Corner  Lib Pin  Reference Pin  Required(ns)  Actual(ns)  Slack(ns)  Location       Pin
Min Period        n/a     FDCE/C   n/a            0.550         8.000       7.450      SLICE_X107Y90  bd_ab_i/bd_xdma/inst/pcie4_ip_i/inst/bd_ab_bd_xdma_0_pcie4_ip_gt_top_i/diablo_gt.diablo_gt_phy_wrapper/gt_wizard.gtwizard_top_i/bd_ab_bd_xdma_0_pcie4_ip_gt_i/inst/gen_gtwizard_gtye4_top.bd_ab_bd_xdma_0_pcie4_ip_gt_gtwizard_gtye4_inst/gen_gtwizard_gtye4.gen_cpll_cal_gtye4.gen_cpll_cal_inst[6].gen_inst_cpll_cal.gtwizard_ultrascale_v1_7_20_gtye4_cpll_cal_inst/gtwizard_ultrascale_v1_7_20_gtye4_cpll_cal_tx_i/U_TXOUTCLK_FREQ_COUNTER/testclk_cnt_reg[0]/C
Low Pulse Width   Slow    FDCE/C   n/a            0.275         4.000       3.725      SLICE_X107Y90  bd_ab_i/bd_xdma/inst/pcie4_ip_i/inst/bd_ab_bd_xdma_0_pcie4_ip_gt_top_i/diablo_gt.diablo_gt_phy_wrapper/gt_wizard.gtwizard_top_i/bd_ab_bd_xdma_0_pcie4_ip_gt_i/inst/gen_gtwizard_gtye4_top.bd_ab_bd_xdma_0_pcie4_ip_gt_gtwizard_gtye4_inst/gen_gtwizard_gtye4.gen_cpll_cal_gtye4.gen_cpll_cal_inst[6].gen_inst_cpll_cal.gtwizard_ultrascale_v1_7_20_gtye4_cpll_cal_inst/gtwizard_ultrascale_v1_7_20_gtye4_cpll_cal_tx_i/U_TXOUTCLK_FREQ_COUNTER/testclk_cnt_reg[0]/C
High Pulse Width  Slow    FDCE/C   n/a            0.275         4.000       3.725      SLICE_X107Y90  bd_ab_i/bd_xdma/inst/pcie4_ip_i/inst/bd_ab_bd_xdma_0_pcie4_ip_gt_top_i/diablo_gt.diablo_gt_phy_wrapper/gt_wizard.gtwizard_top_i/bd_ab_bd_xdma_0_pcie4_ip_gt_i/inst/gen_gtwizard_gtye4_top.bd_ab_bd_xdma_0_pcie4_ip_gt_gtwizard_gtye4_inst/gen_gtwizard_gtye4.gen_cpll_cal_gtye4.gen_cpll_cal_inst[6].gen_inst_cpll_cal.gtwizard_ultrascale_v1_7_20_gtye4_cpll_cal_inst/gtwizard_ultrascale_v1_7_20_gtye4_cpll_cal_tx_i/U_TXOUTCLK_FREQ_COUNTER/testclk_cnt_reg[0]/C



---------------------------------------------------------------------------------------------------
From Clock:  bd_ab_i/bd_xdma/inst/pcie4_ip_i/inst/bd_ab_bd_xdma_0_pcie4_ip_gt_top_i/diablo_gt.diablo_gt_phy_wrapper/gt_wizard.gtwizard_top_i/bd_ab_bd_xdma_0_pcie4_ip_gt_i/inst/gen_gtwizard_gtye4_top.bd_ab_bd_xdma_0_pcie4_ip_gt_gtwizard_gtye4_inst/gen_gtwizard_gtye4.gen_cpll_cal_gtye4.gen_cpll_cal_inst[7].gen_inst_cpll_cal.gtwizard_ultrascale_v1_7_20_gtye4_cpll_cal_inst/gtwizard_ultrascale_v1_7_20_gtye4_cpll_cal_tx_i/bufg_gt_txoutclkmon_inst/O
  To Clock:  bd_ab_i/bd_xdma/inst/pcie4_ip_i/inst/bd_ab_bd_xdma_0_pcie4_ip_gt_top_i/diablo_gt.diablo_gt_phy_wrapper/gt_wizard.gtwizard_top_i/bd_ab_bd_xdma_0_pcie4_ip_gt_i/inst/gen_gtwizard_gtye4_top.bd_ab_bd_xdma_0_pcie4_ip_gt_gtwizard_gtye4_inst/gen_gtwizard_gtye4.gen_cpll_cal_gtye4.gen_cpll_cal_inst[7].gen_inst_cpll_cal.gtwizard_ultrascale_v1_7_20_gtye4_cpll_cal_inst/gtwizard_ultrascale_v1_7_20_gtye4_cpll_cal_tx_i/bufg_gt_txoutclkmon_inst/O

Setup :            0  Failing Endpoints,  Worst Slack        7.020ns,  Total Violation        0.000ns
Hold  :            0  Failing Endpoints,  Worst Slack        0.066ns,  Total Violation        0.000ns
PW    :            0  Failing Endpoints,  Worst Slack        3.725ns,  Total Violation        0.000ns
---------------------------------------------------------------------------------------------------


Max Delay Paths
--------------------------------------------------------------------------------------
Slack (MET) :             7.020ns  (required time - arrival time)
  Source:                 bd_ab_i/bd_xdma/inst/pcie4_ip_i/inst/bd_ab_bd_xdma_0_pcie4_ip_gt_top_i/diablo_gt.diablo_gt_phy_wrapper/gt_wizard.gtwizard_top_i/bd_ab_bd_xdma_0_pcie4_ip_gt_i/inst/gen_gtwizard_gtye4_top.bd_ab_bd_xdma_0_pcie4_ip_gt_gtwizard_gtye4_inst/gen_gtwizard_gtye4.gen_cpll_cal_gtye4.gen_cpll_cal_inst[7].gen_inst_cpll_cal.gtwizard_ultrascale_v1_7_20_gtye4_cpll_cal_inst/gtwizard_ultrascale_v1_7_20_gtye4_cpll_cal_tx_i/U_TXOUTCLK_FREQ_COUNTER/testclk_div4_reg[1]/C
                            (rising edge-triggered cell FDRE clocked by bd_ab_i/bd_xdma/inst/pcie4_ip_i/inst/bd_ab_bd_xdma_0_pcie4_ip_gt_top_i/diablo_gt.diablo_gt_phy_wrapper/gt_wizard.gtwizard_top_i/bd_ab_bd_xdma_0_pcie4_ip_gt_i/inst/gen_gtwizard_gtye4_top.bd_ab_bd_xdma_0_pcie4_ip_gt_gtwizard_gtye4_inst/gen_gtwizard_gtye4.gen_cpll_cal_gtye4.gen_cpll_cal_inst[7].gen_inst_cpll_cal.gtwizard_ultrascale_v1_7_20_gtye4_cpll_cal_inst/gtwizard_ultrascale_v1_7_20_gtye4_cpll_cal_tx_i/bufg_gt_txoutclkmon_inst/O  {rise@0.000ns fall@4.000ns period=8.000ns})
  Destination:            bd_ab_i/bd_xdma/inst/pcie4_ip_i/inst/bd_ab_bd_xdma_0_pcie4_ip_gt_top_i/diablo_gt.diablo_gt_phy_wrapper/gt_wizard.gtwizard_top_i/bd_ab_bd_xdma_0_pcie4_ip_gt_i/inst/gen_gtwizard_gtye4_top.bd_ab_bd_xdma_0_pcie4_ip_gt_gtwizard_gtye4_inst/gen_gtwizard_gtye4.gen_cpll_cal_gtye4.gen_cpll_cal_inst[7].gen_inst_cpll_cal.gtwizard_ultrascale_v1_7_20_gtye4_cpll_cal_inst/gtwizard_ultrascale_v1_7_20_gtye4_cpll_cal_tx_i/U_TXOUTCLK_FREQ_COUNTER/testclk_cnt_reg[4]/CE
                            (rising edge-triggered cell FDCE clocked by bd_ab_i/bd_xdma/inst/pcie4_ip_i/inst/bd_ab_bd_xdma_0_pcie4_ip_gt_top_i/diablo_gt.diablo_gt_phy_wrapper/gt_wizard.gtwizard_top_i/bd_ab_bd_xdma_0_pcie4_ip_gt_i/inst/gen_gtwizard_gtye4_top.bd_ab_bd_xdma_0_pcie4_ip_gt_gtwizard_gtye4_inst/gen_gtwizard_gtye4.gen_cpll_cal_gtye4.gen_cpll_cal_inst[7].gen_inst_cpll_cal.gtwizard_ultrascale_v1_7_20_gtye4_cpll_cal_inst/gtwizard_ultrascale_v1_7_20_gtye4_cpll_cal_tx_i/bufg_gt_txoutclkmon_inst/O  {rise@0.000ns fall@4.000ns period=8.000ns})
  Path Group:             bd_ab_i/bd_xdma/inst/pcie4_ip_i/inst/bd_ab_bd_xdma_0_pcie4_ip_gt_top_i/diablo_gt.diablo_gt_phy_wrapper/gt_wizard.gtwizard_top_i/bd_ab_bd_xdma_0_pcie4_ip_gt_i/inst/gen_gtwizard_gtye4_top.bd_ab_bd_xdma_0_pcie4_ip_gt_gtwizard_gtye4_inst/gen_gtwizard_gtye4.gen_cpll_cal_gtye4.gen_cpll_cal_inst[7].gen_inst_cpll_cal.gtwizard_ultrascale_v1_7_20_gtye4_cpll_cal_inst/gtwizard_ultrascale_v1_7_20_gtye4_cpll_cal_tx_i/bufg_gt_txoutclkmon_inst/O
  Path Type:              Setup (Max at Slow Process Corner)
  Requirement:            8.000ns  (bd_ab_i/bd_xdma/inst/pcie4_ip_i/inst/bd_ab_bd_xdma_0_pcie4_ip_gt_top_i/diablo_gt.diablo_gt_phy_wrapper/gt_wizard.gtwizard_top_i/bd_ab_bd_xdma_0_pcie4_ip_gt_i/inst/gen_gtwizard_gtye4_top.bd_ab_bd_xdma_0_pcie4_ip_gt_gtwizard_gtye4_inst/gen_gtwizard_gtye4.gen_cpll_cal_gtye4.gen_cpll_cal_inst[7].gen_inst_cpll_cal.gtwizard_ultrascale_v1_7_20_gtye4_cpll_cal_inst/gtwizard_ultrascale_v1_7_20_gtye4_cpll_cal_tx_i/bufg_gt_txoutclkmon_inst/O rise@8.000ns - bd_ab_i/bd_xdma/inst/pcie4_ip_i/inst/bd_ab_bd_xdma_0_pcie4_ip_gt_top_i/diablo_gt.diablo_gt_phy_wrapper/gt_wizard.gtwizard_top_i/bd_ab_bd_xdma_0_pcie4_ip_gt_i/inst/gen_gtwizard_gtye4_top.bd_ab_bd_xdma_0_pcie4_ip_gt_gtwizard_gtye4_inst/gen_gtwizard_gtye4.gen_cpll_cal_gtye4.gen_cpll_cal_inst[7].gen_inst_cpll_cal.gtwizard_ultrascale_v1_7_20_gtye4_cpll_cal_inst/gtwizard_ultrascale_v1_7_20_gtye4_cpll_cal_tx_i/bufg_gt_txoutclkmon_inst/O rise@0.000ns)
  Data Path Delay:        0.787ns  (logic 0.231ns (29.353%)  route 0.556ns (70.647%))
  Logic Levels:           1  (LUT5=1)
  Clock Path Skew:        -0.086ns (DCD - SCD + CPR)
    Destination Clock Delay (DCD):    0.491ns = ( 8.491 - 8.000 ) 
    Source Clock Delay      (SCD):    0.578ns
    Clock Pessimism Removal (CPR):    0.001ns
  Clock Uncertainty:      0.046ns  ((TSJ^2 + DJ^2)^1/2) / 2 + PE
    Total System Jitter     (TSJ):    0.071ns
    Discrete Jitter          (DJ):    0.060ns
    Phase Error              (PE):    0.000ns
  Clock Net Delay (Source):      0.578ns (routing 0.002ns, distribution 0.576ns)
  Clock Net Delay (Destination): 0.491ns (routing 0.001ns, distribution 0.490ns)

    Location             Delay type                Incr(ns)  Path(ns)    Netlist Resource(s)
  -------------------------------------------------------------------    -------------------
                         (clock bd_ab_i/bd_xdma/inst/pcie4_ip_i/inst/bd_ab_bd_xdma_0_pcie4_ip_gt_top_i/diablo_gt.diablo_gt_phy_wrapper/gt_wizard.gtwizard_top_i/bd_ab_bd_xdma_0_pcie4_ip_gt_i/inst/gen_gtwizard_gtye4_top.bd_ab_bd_xdma_0_pcie4_ip_gt_gtwizard_gtye4_inst/gen_gtwizard_gtye4.gen_cpll_cal_gtye4.gen_cpll_cal_inst[7].gen_inst_cpll_cal.gtwizard_ultrascale_v1_7_20_gtye4_cpll_cal_inst/gtwizard_ultrascale_v1_7_20_gtye4_cpll_cal_tx_i/bufg_gt_txoutclkmon_inst/O rise edge)
                                                      0.000     0.000 r  
    BUFG_GT_X0Y44        BUFG_GT                      0.000     0.000 r  bd_ab_i/bd_xdma/inst/pcie4_ip_i/inst/bd_ab_bd_xdma_0_pcie4_ip_gt_top_i/diablo_gt.diablo_gt_phy_wrapper/gt_wizard.gtwizard_top_i/bd_ab_bd_xdma_0_pcie4_ip_gt_i/inst/gen_gtwizard_gtye4_top.bd_ab_bd_xdma_0_pcie4_ip_gt_gtwizard_gtye4_inst/gen_gtwizard_gtye4.gen_cpll_cal_gtye4.gen_cpll_cal_inst[7].gen_inst_cpll_cal.gtwizard_ultrascale_v1_7_20_gtye4_cpll_cal_inst/gtwizard_ultrascale_v1_7_20_gtye4_cpll_cal_tx_i/bufg_gt_txoutclkmon_inst/O
    X3Y1 (CLOCK_ROOT)    net (fo=31, routed)          0.578     0.578    bd_ab_i/bd_xdma/inst/pcie4_ip_i/inst/bd_ab_bd_xdma_0_pcie4_ip_gt_top_i/diablo_gt.diablo_gt_phy_wrapper/gt_wizard.gtwizard_top_i/bd_ab_bd_xdma_0_pcie4_ip_gt_i/inst/gen_gtwizard_gtye4_top.bd_ab_bd_xdma_0_pcie4_ip_gt_gtwizard_gtye4_inst/gen_gtwizard_gtye4.gen_cpll_cal_gtye4.gen_cpll_cal_inst[7].gen_inst_cpll_cal.gtwizard_ultrascale_v1_7_20_gtye4_cpll_cal_inst/gtwizard_ultrascale_v1_7_20_gtye4_cpll_cal_tx_i/U_TXOUTCLK_FREQ_COUNTER/txoutclkmon
    SLICE_X108Y113       FDRE                                         r  bd_ab_i/bd_xdma/inst/pcie4_ip_i/inst/bd_ab_bd_xdma_0_pcie4_ip_gt_top_i/diablo_gt.diablo_gt_phy_wrapper/gt_wizard.gtwizard_top_i/bd_ab_bd_xdma_0_pcie4_ip_gt_i/inst/gen_gtwizard_gtye4_top.bd_ab_bd_xdma_0_pcie4_ip_gt_gtwizard_gtye4_inst/gen_gtwizard_gtye4.gen_cpll_cal_gtye4.gen_cpll_cal_inst[7].gen_inst_cpll_cal.gtwizard_ultrascale_v1_7_20_gtye4_cpll_cal_inst/gtwizard_ultrascale_v1_7_20_gtye4_cpll_cal_tx_i/U_TXOUTCLK_FREQ_COUNTER/testclk_div4_reg[1]/C
  -------------------------------------------------------------------    -------------------
    SLICE_X108Y113       FDRE (Prop_EFF2_SLICEL_C_Q)
                                                      0.081     0.659 f  bd_ab_i/bd_xdma/inst/pcie4_ip_i/inst/bd_ab_bd_xdma_0_pcie4_ip_gt_top_i/diablo_gt.diablo_gt_phy_wrapper/gt_wizard.gtwizard_top_i/bd_ab_bd_xdma_0_pcie4_ip_gt_i/inst/gen_gtwizard_gtye4_top.bd_ab_bd_xdma_0_pcie4_ip_gt_gtwizard_gtye4_inst/gen_gtwizard_gtye4.gen_cpll_cal_gtye4.gen_cpll_cal_inst[7].gen_inst_cpll_cal.gtwizard_ultrascale_v1_7_20_gtye4_cpll_cal_inst/gtwizard_ultrascale_v1_7_20_gtye4_cpll_cal_tx_i/U_TXOUTCLK_FREQ_COUNTER/testclk_div4_reg[1]/Q
                         net (fo=2, routed)           0.152     0.811    bd_ab_i/bd_xdma/inst/pcie4_ip_i/inst/bd_ab_bd_xdma_0_pcie4_ip_gt_top_i/diablo_gt.diablo_gt_phy_wrapper/gt_wizard.gtwizard_top_i/bd_ab_bd_xdma_0_pcie4_ip_gt_i/inst/gen_gtwizard_gtye4_top.bd_ab_bd_xdma_0_pcie4_ip_gt_gtwizard_gtye4_inst/gen_gtwizard_gtye4.gen_cpll_cal_gtye4.gen_cpll_cal_inst[7].gen_inst_cpll_cal.gtwizard_ultrascale_v1_7_20_gtye4_cpll_cal_inst/gtwizard_ultrascale_v1_7_20_gtye4_cpll_cal_tx_i/U_TXOUTCLK_FREQ_COUNTER/testclk_div4[1]
    SLICE_X108Y113       LUT5 (Prop_H6LUT_SLICEL_I1_O)
                                                      0.150     0.961 r  bd_ab_i/bd_xdma/inst/pcie4_ip_i/inst/bd_ab_bd_xdma_0_pcie4_ip_gt_top_i/diablo_gt.diablo_gt_phy_wrapper/gt_wizard.gtwizard_top_i/bd_ab_bd_xdma_0_pcie4_ip_gt_i/inst/gen_gtwizard_gtye4_top.bd_ab_bd_xdma_0_pcie4_ip_gt_gtwizard_gtye4_inst/gen_gtwizard_gtye4.gen_cpll_cal_gtye4.gen_cpll_cal_inst[7].gen_inst_cpll_cal.gtwizard_ultrascale_v1_7_20_gtye4_cpll_cal_inst/gtwizard_ultrascale_v1_7_20_gtye4_cpll_cal_tx_i/U_TXOUTCLK_FREQ_COUNTER/testclk_cnt0__6/O
                         net (fo=18, routed)          0.404     1.365    bd_ab_i/bd_xdma/inst/pcie4_ip_i/inst/bd_ab_bd_xdma_0_pcie4_ip_gt_top_i/diablo_gt.diablo_gt_phy_wrapper/gt_wizard.gtwizard_top_i/bd_ab_bd_xdma_0_pcie4_ip_gt_i/inst/gen_gtwizard_gtye4_top.bd_ab_bd_xdma_0_pcie4_ip_gt_gtwizard_gtye4_inst/gen_gtwizard_gtye4.gen_cpll_cal_gtye4.gen_cpll_cal_inst[7].gen_inst_cpll_cal.gtwizard_ultrascale_v1_7_20_gtye4_cpll_cal_inst/gtwizard_ultrascale_v1_7_20_gtye4_cpll_cal_tx_i/U_TXOUTCLK_FREQ_COUNTER/testclk_cnt0__6_n_0
    SLICE_X109Y111       FDCE                                         r  bd_ab_i/bd_xdma/inst/pcie4_ip_i/inst/bd_ab_bd_xdma_0_pcie4_ip_gt_top_i/diablo_gt.diablo_gt_phy_wrapper/gt_wizard.gtwizard_top_i/bd_ab_bd_xdma_0_pcie4_ip_gt_i/inst/gen_gtwizard_gtye4_top.bd_ab_bd_xdma_0_pcie4_ip_gt_gtwizard_gtye4_inst/gen_gtwizard_gtye4.gen_cpll_cal_gtye4.gen_cpll_cal_inst[7].gen_inst_cpll_cal.gtwizard_ultrascale_v1_7_20_gtye4_cpll_cal_inst/gtwizard_ultrascale_v1_7_20_gtye4_cpll_cal_tx_i/U_TXOUTCLK_FREQ_COUNTER/testclk_cnt_reg[4]/CE
  -------------------------------------------------------------------    -------------------

                         (clock bd_ab_i/bd_xdma/inst/pcie4_ip_i/inst/bd_ab_bd_xdma_0_pcie4_ip_gt_top_i/diablo_gt.diablo_gt_phy_wrapper/gt_wizard.gtwizard_top_i/bd_ab_bd_xdma_0_pcie4_ip_gt_i/inst/gen_gtwizard_gtye4_top.bd_ab_bd_xdma_0_pcie4_ip_gt_gtwizard_gtye4_inst/gen_gtwizard_gtye4.gen_cpll_cal_gtye4.gen_cpll_cal_inst[7].gen_inst_cpll_cal.gtwizard_ultrascale_v1_7_20_gtye4_cpll_cal_inst/gtwizard_ultrascale_v1_7_20_gtye4_cpll_cal_tx_i/bufg_gt_txoutclkmon_inst/O rise edge)
                                                      8.000     8.000 r  
    BUFG_GT_X0Y44        BUFG_GT                      0.000     8.000 r  bd_ab_i/bd_xdma/inst/pcie4_ip_i/inst/bd_ab_bd_xdma_0_pcie4_ip_gt_top_i/diablo_gt.diablo_gt_phy_wrapper/gt_wizard.gtwizard_top_i/bd_ab_bd_xdma_0_pcie4_ip_gt_i/inst/gen_gtwizard_gtye4_top.bd_ab_bd_xdma_0_pcie4_ip_gt_gtwizard_gtye4_inst/gen_gtwizard_gtye4.gen_cpll_cal_gtye4.gen_cpll_cal_inst[7].gen_inst_cpll_cal.gtwizard_ultrascale_v1_7_20_gtye4_cpll_cal_inst/gtwizard_ultrascale_v1_7_20_gtye4_cpll_cal_tx_i/bufg_gt_txoutclkmon_inst/O
    X3Y1 (CLOCK_ROOT)    net (fo=31, routed)          0.491     8.491    bd_ab_i/bd_xdma/inst/pcie4_ip_i/inst/bd_ab_bd_xdma_0_pcie4_ip_gt_top_i/diablo_gt.diablo_gt_phy_wrapper/gt_wizard.gtwizard_top_i/bd_ab_bd_xdma_0_pcie4_ip_gt_i/inst/gen_gtwizard_gtye4_top.bd_ab_bd_xdma_0_pcie4_ip_gt_gtwizard_gtye4_inst/gen_gtwizard_gtye4.gen_cpll_cal_gtye4.gen_cpll_cal_inst[7].gen_inst_cpll_cal.gtwizard_ultrascale_v1_7_20_gtye4_cpll_cal_inst/gtwizard_ultrascale_v1_7_20_gtye4_cpll_cal_tx_i/U_TXOUTCLK_FREQ_COUNTER/txoutclkmon
    SLICE_X109Y111       FDCE                                         r  bd_ab_i/bd_xdma/inst/pcie4_ip_i/inst/bd_ab_bd_xdma_0_pcie4_ip_gt_top_i/diablo_gt.diablo_gt_phy_wrapper/gt_wizard.gtwizard_top_i/bd_ab_bd_xdma_0_pcie4_ip_gt_i/inst/gen_gtwizard_gtye4_top.bd_ab_bd_xdma_0_pcie4_ip_gt_gtwizard_gtye4_inst/gen_gtwizard_gtye4.gen_cpll_cal_gtye4.gen_cpll_cal_inst[7].gen_inst_cpll_cal.gtwizard_ultrascale_v1_7_20_gtye4_cpll_cal_inst/gtwizard_ultrascale_v1_7_20_gtye4_cpll_cal_tx_i/U_TXOUTCLK_FREQ_COUNTER/testclk_cnt_reg[4]/C
                         clock pessimism              0.001     8.492    
                         clock uncertainty           -0.046     8.446    
    SLICE_X109Y111       FDCE (Setup_EFF_SLICEM_C_CE)
                                                     -0.061     8.385    bd_ab_i/bd_xdma/inst/pcie4_ip_i/inst/bd_ab_bd_xdma_0_pcie4_ip_gt_top_i/diablo_gt.diablo_gt_phy_wrapper/gt_wizard.gtwizard_top_i/bd_ab_bd_xdma_0_pcie4_ip_gt_i/inst/gen_gtwizard_gtye4_top.bd_ab_bd_xdma_0_pcie4_ip_gt_gtwizard_gtye4_inst/gen_gtwizard_gtye4.gen_cpll_cal_gtye4.gen_cpll_cal_inst[7].gen_inst_cpll_cal.gtwizard_ultrascale_v1_7_20_gtye4_cpll_cal_inst/gtwizard_ultrascale_v1_7_20_gtye4_cpll_cal_tx_i/U_TXOUTCLK_FREQ_COUNTER/testclk_cnt_reg[4]
  -------------------------------------------------------------------
                         required time                          8.385    
                         arrival time                          -1.365    
  -------------------------------------------------------------------
                         slack                                  7.020    





Min Delay Paths
--------------------------------------------------------------------------------------
Slack (MET) :             0.066ns  (arrival time - required time)
  Source:                 bd_ab_i/bd_xdma/inst/pcie4_ip_i/inst/bd_ab_bd_xdma_0_pcie4_ip_gt_top_i/diablo_gt.diablo_gt_phy_wrapper/gt_wizard.gtwizard_top_i/bd_ab_bd_xdma_0_pcie4_ip_gt_i/inst/gen_gtwizard_gtye4_top.bd_ab_bd_xdma_0_pcie4_ip_gt_gtwizard_gtye4_inst/gen_gtwizard_gtye4.gen_cpll_cal_gtye4.gen_cpll_cal_inst[7].gen_inst_cpll_cal.gtwizard_ultrascale_v1_7_20_gtye4_cpll_cal_inst/gtwizard_ultrascale_v1_7_20_gtye4_cpll_cal_tx_i/U_TXOUTCLK_FREQ_COUNTER/testclk_cnt_reg[17]/C
                            (rising edge-triggered cell FDCE clocked by bd_ab_i/bd_xdma/inst/pcie4_ip_i/inst/bd_ab_bd_xdma_0_pcie4_ip_gt_top_i/diablo_gt.diablo_gt_phy_wrapper/gt_wizard.gtwizard_top_i/bd_ab_bd_xdma_0_pcie4_ip_gt_i/inst/gen_gtwizard_gtye4_top.bd_ab_bd_xdma_0_pcie4_ip_gt_gtwizard_gtye4_inst/gen_gtwizard_gtye4.gen_cpll_cal_gtye4.gen_cpll_cal_inst[7].gen_inst_cpll_cal.gtwizard_ultrascale_v1_7_20_gtye4_cpll_cal_inst/gtwizard_ultrascale_v1_7_20_gtye4_cpll_cal_tx_i/bufg_gt_txoutclkmon_inst/O  {rise@0.000ns fall@4.000ns period=8.000ns})
  Destination:            bd_ab_i/bd_xdma/inst/pcie4_ip_i/inst/bd_ab_bd_xdma_0_pcie4_ip_gt_top_i/diablo_gt.diablo_gt_phy_wrapper/gt_wizard.gtwizard_top_i/bd_ab_bd_xdma_0_pcie4_ip_gt_i/inst/gen_gtwizard_gtye4_top.bd_ab_bd_xdma_0_pcie4_ip_gt_gtwizard_gtye4_inst/gen_gtwizard_gtye4.gen_cpll_cal_gtye4.gen_cpll_cal_inst[7].gen_inst_cpll_cal.gtwizard_ultrascale_v1_7_20_gtye4_cpll_cal_inst/gtwizard_ultrascale_v1_7_20_gtye4_cpll_cal_tx_i/U_TXOUTCLK_FREQ_COUNTER/testclk_cnt_reg[17]/D
                            (rising edge-triggered cell FDCE clocked by bd_ab_i/bd_xdma/inst/pcie4_ip_i/inst/bd_ab_bd_xdma_0_pcie4_ip_gt_top_i/diablo_gt.diablo_gt_phy_wrapper/gt_wizard.gtwizard_top_i/bd_ab_bd_xdma_0_pcie4_ip_gt_i/inst/gen_gtwizard_gtye4_top.bd_ab_bd_xdma_0_pcie4_ip_gt_gtwizard_gtye4_inst/gen_gtwizard_gtye4.gen_cpll_cal_gtye4.gen_cpll_cal_inst[7].gen_inst_cpll_cal.gtwizard_ultrascale_v1_7_20_gtye4_cpll_cal_inst/gtwizard_ultrascale_v1_7_20_gtye4_cpll_cal_tx_i/bufg_gt_txoutclkmon_inst/O  {rise@0.000ns fall@4.000ns period=8.000ns})
  Path Group:             bd_ab_i/bd_xdma/inst/pcie4_ip_i/inst/bd_ab_bd_xdma_0_pcie4_ip_gt_top_i/diablo_gt.diablo_gt_phy_wrapper/gt_wizard.gtwizard_top_i/bd_ab_bd_xdma_0_pcie4_ip_gt_i/inst/gen_gtwizard_gtye4_top.bd_ab_bd_xdma_0_pcie4_ip_gt_gtwizard_gtye4_inst/gen_gtwizard_gtye4.gen_cpll_cal_gtye4.gen_cpll_cal_inst[7].gen_inst_cpll_cal.gtwizard_ultrascale_v1_7_20_gtye4_cpll_cal_inst/gtwizard_ultrascale_v1_7_20_gtye4_cpll_cal_tx_i/bufg_gt_txoutclkmon_inst/O
  Path Type:              Hold (Min at Fast Process Corner)
  Requirement:            0.000ns  (bd_ab_i/bd_xdma/inst/pcie4_ip_i/inst/bd_ab_bd_xdma_0_pcie4_ip_gt_top_i/diablo_gt.diablo_gt_phy_wrapper/gt_wizard.gtwizard_top_i/bd_ab_bd_xdma_0_pcie4_ip_gt_i/inst/gen_gtwizard_gtye4_top.bd_ab_bd_xdma_0_pcie4_ip_gt_gtwizard_gtye4_inst/gen_gtwizard_gtye4.gen_cpll_cal_gtye4.gen_cpll_cal_inst[7].gen_inst_cpll_cal.gtwizard_ultrascale_v1_7_20_gtye4_cpll_cal_inst/gtwizard_ultrascale_v1_7_20_gtye4_cpll_cal_tx_i/bufg_gt_txoutclkmon_inst/O rise@0.000ns - bd_ab_i/bd_xdma/inst/pcie4_ip_i/inst/bd_ab_bd_xdma_0_pcie4_ip_gt_top_i/diablo_gt.diablo_gt_phy_wrapper/gt_wizard.gtwizard_top_i/bd_ab_bd_xdma_0_pcie4_ip_gt_i/inst/gen_gtwizard_gtye4_top.bd_ab_bd_xdma_0_pcie4_ip_gt_gtwizard_gtye4_inst/gen_gtwizard_gtye4.gen_cpll_cal_gtye4.gen_cpll_cal_inst[7].gen_inst_cpll_cal.gtwizard_ultrascale_v1_7_20_gtye4_cpll_cal_inst/gtwizard_ultrascale_v1_7_20_gtye4_cpll_cal_tx_i/bufg_gt_txoutclkmon_inst/O rise@0.000ns)
  Data Path Delay:        0.118ns  (logic 0.056ns (47.585%)  route 0.062ns (52.415%))
  Logic Levels:           1  (CARRY8=1)
  Clock Path Skew:        0.006ns (DCD - SCD - CPR)
    Destination Clock Delay (DCD):    0.369ns
    Source Clock Delay      (SCD):    0.319ns
    Clock Pessimism Removal (CPR):    0.044ns
  Clock Net Delay (Source):      0.319ns (routing 0.001ns, distribution 0.318ns)
  Clock Net Delay (Destination): 0.369ns (routing 0.001ns, distribution 0.368ns)

    Location             Delay type                Incr(ns)  Path(ns)    Netlist Resource(s)
  -------------------------------------------------------------------    -------------------
                         (clock bd_ab_i/bd_xdma/inst/pcie4_ip_i/inst/bd_ab_bd_xdma_0_pcie4_ip_gt_top_i/diablo_gt.diablo_gt_phy_wrapper/gt_wizard.gtwizard_top_i/bd_ab_bd_xdma_0_pcie4_ip_gt_i/inst/gen_gtwizard_gtye4_top.bd_ab_bd_xdma_0_pcie4_ip_gt_gtwizard_gtye4_inst/gen_gtwizard_gtye4.gen_cpll_cal_gtye4.gen_cpll_cal_inst[7].gen_inst_cpll_cal.gtwizard_ultrascale_v1_7_20_gtye4_cpll_cal_inst/gtwizard_ultrascale_v1_7_20_gtye4_cpll_cal_tx_i/bufg_gt_txoutclkmon_inst/O rise edge)
                                                      0.000     0.000 r  
    BUFG_GT_X0Y44        BUFG_GT                      0.000     0.000 r  bd_ab_i/bd_xdma/inst/pcie4_ip_i/inst/bd_ab_bd_xdma_0_pcie4_ip_gt_top_i/diablo_gt.diablo_gt_phy_wrapper/gt_wizard.gtwizard_top_i/bd_ab_bd_xdma_0_pcie4_ip_gt_i/inst/gen_gtwizard_gtye4_top.bd_ab_bd_xdma_0_pcie4_ip_gt_gtwizard_gtye4_inst/gen_gtwizard_gtye4.gen_cpll_cal_gtye4.gen_cpll_cal_inst[7].gen_inst_cpll_cal.gtwizard_ultrascale_v1_7_20_gtye4_cpll_cal_inst/gtwizard_ultrascale_v1_7_20_gtye4_cpll_cal_tx_i/bufg_gt_txoutclkmon_inst/O
    X3Y1 (CLOCK_ROOT)    net (fo=31, routed)          0.319     0.319    bd_ab_i/bd_xdma/inst/pcie4_ip_i/inst/bd_ab_bd_xdma_0_pcie4_ip_gt_top_i/diablo_gt.diablo_gt_phy_wrapper/gt_wizard.gtwizard_top_i/bd_ab_bd_xdma_0_pcie4_ip_gt_i/inst/gen_gtwizard_gtye4_top.bd_ab_bd_xdma_0_pcie4_ip_gt_gtwizard_gtye4_inst/gen_gtwizard_gtye4.gen_cpll_cal_gtye4.gen_cpll_cal_inst[7].gen_inst_cpll_cal.gtwizard_ultrascale_v1_7_20_gtye4_cpll_cal_inst/gtwizard_ultrascale_v1_7_20_gtye4_cpll_cal_tx_i/U_TXOUTCLK_FREQ_COUNTER/txoutclkmon
    SLICE_X109Y113       FDCE                                         r  bd_ab_i/bd_xdma/inst/pcie4_ip_i/inst/bd_ab_bd_xdma_0_pcie4_ip_gt_top_i/diablo_gt.diablo_gt_phy_wrapper/gt_wizard.gtwizard_top_i/bd_ab_bd_xdma_0_pcie4_ip_gt_i/inst/gen_gtwizard_gtye4_top.bd_ab_bd_xdma_0_pcie4_ip_gt_gtwizard_gtye4_inst/gen_gtwizard_gtye4.gen_cpll_cal_gtye4.gen_cpll_cal_inst[7].gen_inst_cpll_cal.gtwizard_ultrascale_v1_7_20_gtye4_cpll_cal_inst/gtwizard_ultrascale_v1_7_20_gtye4_cpll_cal_tx_i/U_TXOUTCLK_FREQ_COUNTER/testclk_cnt_reg[17]/C
  -------------------------------------------------------------------    -------------------
    SLICE_X109Y113       FDCE (Prop_BFF_SLICEM_C_Q)
                                                      0.038     0.357 r  bd_ab_i/bd_xdma/inst/pcie4_ip_i/inst/bd_ab_bd_xdma_0_pcie4_ip_gt_top_i/diablo_gt.diablo_gt_phy_wrapper/gt_wizard.gtwizard_top_i/bd_ab_bd_xdma_0_pcie4_ip_gt_i/inst/gen_gtwizard_gtye4_top.bd_ab_bd_xdma_0_pcie4_ip_gt_gtwizard_gtye4_inst/gen_gtwizard_gtye4.gen_cpll_cal_gtye4.gen_cpll_cal_inst[7].gen_inst_cpll_cal.gtwizard_ultrascale_v1_7_20_gtye4_cpll_cal_inst/gtwizard_ultrascale_v1_7_20_gtye4_cpll_cal_tx_i/U_TXOUTCLK_FREQ_COUNTER/testclk_cnt_reg[17]/Q
                         net (fo=2, routed)           0.055     0.412    bd_ab_i/bd_xdma/inst/pcie4_ip_i/inst/bd_ab_bd_xdma_0_pcie4_ip_gt_top_i/diablo_gt.diablo_gt_phy_wrapper/gt_wizard.gtwizard_top_i/bd_ab_bd_xdma_0_pcie4_ip_gt_i/inst/gen_gtwizard_gtye4_top.bd_ab_bd_xdma_0_pcie4_ip_gt_gtwizard_gtye4_inst/gen_gtwizard_gtye4.gen_cpll_cal_gtye4.gen_cpll_cal_inst[7].gen_inst_cpll_cal.gtwizard_ultrascale_v1_7_20_gtye4_cpll_cal_inst/gtwizard_ultrascale_v1_7_20_gtye4_cpll_cal_tx_i/U_TXOUTCLK_FREQ_COUNTER/testclk_cnt_reg[17]
    SLICE_X109Y113       CARRY8 (Prop_CARRY8_SLICEM_S[1]_O[1])
                                                      0.018     0.430 r  bd_ab_i/bd_xdma/inst/pcie4_ip_i/inst/bd_ab_bd_xdma_0_pcie4_ip_gt_top_i/diablo_gt.diablo_gt_phy_wrapper/gt_wizard.gtwizard_top_i/bd_ab_bd_xdma_0_pcie4_ip_gt_i/inst/gen_gtwizard_gtye4_top.bd_ab_bd_xdma_0_pcie4_ip_gt_gtwizard_gtye4_inst/gen_gtwizard_gtye4.gen_cpll_cal_gtye4.gen_cpll_cal_inst[7].gen_inst_cpll_cal.gtwizard_ultrascale_v1_7_20_gtye4_cpll_cal_inst/gtwizard_ultrascale_v1_7_20_gtye4_cpll_cal_tx_i/U_TXOUTCLK_FREQ_COUNTER/testclk_cnt_reg[16]_i_1__6/O[1]
                         net (fo=1, routed)           0.007     0.437    bd_ab_i/bd_xdma/inst/pcie4_ip_i/inst/bd_ab_bd_xdma_0_pcie4_ip_gt_top_i/diablo_gt.diablo_gt_phy_wrapper/gt_wizard.gtwizard_top_i/bd_ab_bd_xdma_0_pcie4_ip_gt_i/inst/gen_gtwizard_gtye4_top.bd_ab_bd_xdma_0_pcie4_ip_gt_gtwizard_gtye4_inst/gen_gtwizard_gtye4.gen_cpll_cal_gtye4.gen_cpll_cal_inst[7].gen_inst_cpll_cal.gtwizard_ultrascale_v1_7_20_gtye4_cpll_cal_inst/gtwizard_ultrascale_v1_7_20_gtye4_cpll_cal_tx_i/U_TXOUTCLK_FREQ_COUNTER/testclk_cnt_reg[16]_i_1__6_n_14
    SLICE_X109Y113       FDCE                                         r  bd_ab_i/bd_xdma/inst/pcie4_ip_i/inst/bd_ab_bd_xdma_0_pcie4_ip_gt_top_i/diablo_gt.diablo_gt_phy_wrapper/gt_wizard.gtwizard_top_i/bd_ab_bd_xdma_0_pcie4_ip_gt_i/inst/gen_gtwizard_gtye4_top.bd_ab_bd_xdma_0_pcie4_ip_gt_gtwizard_gtye4_inst/gen_gtwizard_gtye4.gen_cpll_cal_gtye4.gen_cpll_cal_inst[7].gen_inst_cpll_cal.gtwizard_ultrascale_v1_7_20_gtye4_cpll_cal_inst/gtwizard_ultrascale_v1_7_20_gtye4_cpll_cal_tx_i/U_TXOUTCLK_FREQ_COUNTER/testclk_cnt_reg[17]/D
  -------------------------------------------------------------------    -------------------

                         (clock bd_ab_i/bd_xdma/inst/pcie4_ip_i/inst/bd_ab_bd_xdma_0_pcie4_ip_gt_top_i/diablo_gt.diablo_gt_phy_wrapper/gt_wizard.gtwizard_top_i/bd_ab_bd_xdma_0_pcie4_ip_gt_i/inst/gen_gtwizard_gtye4_top.bd_ab_bd_xdma_0_pcie4_ip_gt_gtwizard_gtye4_inst/gen_gtwizard_gtye4.gen_cpll_cal_gtye4.gen_cpll_cal_inst[7].gen_inst_cpll_cal.gtwizard_ultrascale_v1_7_20_gtye4_cpll_cal_inst/gtwizard_ultrascale_v1_7_20_gtye4_cpll_cal_tx_i/bufg_gt_txoutclkmon_inst/O rise edge)
                                                      0.000     0.000 r  
    BUFG_GT_X0Y44        BUFG_GT                      0.000     0.000 r  bd_ab_i/bd_xdma/inst/pcie4_ip_i/inst/bd_ab_bd_xdma_0_pcie4_ip_gt_top_i/diablo_gt.diablo_gt_phy_wrapper/gt_wizard.gtwizard_top_i/bd_ab_bd_xdma_0_pcie4_ip_gt_i/inst/gen_gtwizard_gtye4_top.bd_ab_bd_xdma_0_pcie4_ip_gt_gtwizard_gtye4_inst/gen_gtwizard_gtye4.gen_cpll_cal_gtye4.gen_cpll_cal_inst[7].gen_inst_cpll_cal.gtwizard_ultrascale_v1_7_20_gtye4_cpll_cal_inst/gtwizard_ultrascale_v1_7_20_gtye4_cpll_cal_tx_i/bufg_gt_txoutclkmon_inst/O
    X3Y1 (CLOCK_ROOT)    net (fo=31, routed)          0.369     0.369    bd_ab_i/bd_xdma/inst/pcie4_ip_i/inst/bd_ab_bd_xdma_0_pcie4_ip_gt_top_i/diablo_gt.diablo_gt_phy_wrapper/gt_wizard.gtwizard_top_i/bd_ab_bd_xdma_0_pcie4_ip_gt_i/inst/gen_gtwizard_gtye4_top.bd_ab_bd_xdma_0_pcie4_ip_gt_gtwizard_gtye4_inst/gen_gtwizard_gtye4.gen_cpll_cal_gtye4.gen_cpll_cal_inst[7].gen_inst_cpll_cal.gtwizard_ultrascale_v1_7_20_gtye4_cpll_cal_inst/gtwizard_ultrascale_v1_7_20_gtye4_cpll_cal_tx_i/U_TXOUTCLK_FREQ_COUNTER/txoutclkmon
    SLICE_X109Y113       FDCE                                         r  bd_ab_i/bd_xdma/inst/pcie4_ip_i/inst/bd_ab_bd_xdma_0_pcie4_ip_gt_top_i/diablo_gt.diablo_gt_phy_wrapper/gt_wizard.gtwizard_top_i/bd_ab_bd_xdma_0_pcie4_ip_gt_i/inst/gen_gtwizard_gtye4_top.bd_ab_bd_xdma_0_pcie4_ip_gt_gtwizard_gtye4_inst/gen_gtwizard_gtye4.gen_cpll_cal_gtye4.gen_cpll_cal_inst[7].gen_inst_cpll_cal.gtwizard_ultrascale_v1_7_20_gtye4_cpll_cal_inst/gtwizard_ultrascale_v1_7_20_gtye4_cpll_cal_tx_i/U_TXOUTCLK_FREQ_COUNTER/testclk_cnt_reg[17]/C
                         clock pessimism             -0.044     0.325    
    SLICE_X109Y113       FDCE (Hold_BFF_SLICEM_C_D)
                                                      0.046     0.371    bd_ab_i/bd_xdma/inst/pcie4_ip_i/inst/bd_ab_bd_xdma_0_pcie4_ip_gt_top_i/diablo_gt.diablo_gt_phy_wrapper/gt_wizard.gtwizard_top_i/bd_ab_bd_xdma_0_pcie4_ip_gt_i/inst/gen_gtwizard_gtye4_top.bd_ab_bd_xdma_0_pcie4_ip_gt_gtwizard_gtye4_inst/gen_gtwizard_gtye4.gen_cpll_cal_gtye4.gen_cpll_cal_inst[7].gen_inst_cpll_cal.gtwizard_ultrascale_v1_7_20_gtye4_cpll_cal_inst/gtwizard_ultrascale_v1_7_20_gtye4_cpll_cal_tx_i/U_TXOUTCLK_FREQ_COUNTER/testclk_cnt_reg[17]
  -------------------------------------------------------------------
                         required time                         -0.371    
                         arrival time                           0.437    
  -------------------------------------------------------------------
                         slack                                  0.066    





Pulse Width Checks
--------------------------------------------------------------------------------------
Clock Name:         bd_ab_i/bd_xdma/inst/pcie4_ip_i/inst/bd_ab_bd_xdma_0_pcie4_ip_gt_top_i/diablo_gt.diablo_gt_phy_wrapper/gt_wizard.gtwizard_top_i/bd_ab_bd_xdma_0_pcie4_ip_gt_i/inst/gen_gtwizard_gtye4_top.bd_ab_bd_xdma_0_pcie4_ip_gt_gtwizard_gtye4_inst/gen_gtwizard_gtye4.gen_cpll_cal_gtye4.gen_cpll_cal_inst[7].gen_inst_cpll_cal.gtwizard_ultrascale_v1_7_20_gtye4_cpll_cal_inst/gtwizard_ultrascale_v1_7_20_gtye4_cpll_cal_tx_i/bufg_gt_txoutclkmon_inst/O
Waveform(ns):       { 0.000 4.000 }
Period(ns):         8.000
Sources:            { bd_ab_i/bd_xdma/inst/pcie4_ip_i/inst/bd_ab_bd_xdma_0_pcie4_ip_gt_top_i/diablo_gt.diablo_gt_phy_wrapper/gt_wizard.gtwizard_top_i/bd_ab_bd_xdma_0_pcie4_ip_gt_i/inst/gen_gtwizard_gtye4_top.bd_ab_bd_xdma_0_pcie4_ip_gt_gtwizard_gtye4_inst/gen_gtwizard_gtye4.gen_cpll_cal_gtye4.gen_cpll_cal_inst[7].gen_inst_cpll_cal.gtwizard_ultrascale_v1_7_20_gtye4_cpll_cal_inst/gtwizard_ultrascale_v1_7_20_gtye4_cpll_cal_tx_i/bufg_gt_txoutclkmon_inst/O }

Check Type        Corner  Lib Pin  Reference Pin  Required(ns)  Actual(ns)  Slack(ns)  Location        Pin
Min Period        n/a     FDCE/C   n/a            0.550         8.000       7.450      SLICE_X109Y111  bd_ab_i/bd_xdma/inst/pcie4_ip_i/inst/bd_ab_bd_xdma_0_pcie4_ip_gt_top_i/diablo_gt.diablo_gt_phy_wrapper/gt_wizard.gtwizard_top_i/bd_ab_bd_xdma_0_pcie4_ip_gt_i/inst/gen_gtwizard_gtye4_top.bd_ab_bd_xdma_0_pcie4_ip_gt_gtwizard_gtye4_inst/gen_gtwizard_gtye4.gen_cpll_cal_gtye4.gen_cpll_cal_inst[7].gen_inst_cpll_cal.gtwizard_ultrascale_v1_7_20_gtye4_cpll_cal_inst/gtwizard_ultrascale_v1_7_20_gtye4_cpll_cal_tx_i/U_TXOUTCLK_FREQ_COUNTER/testclk_cnt_reg[0]/C
Low Pulse Width   Slow    FDCE/C   n/a            0.275         4.000       3.725      SLICE_X109Y111  bd_ab_i/bd_xdma/inst/pcie4_ip_i/inst/bd_ab_bd_xdma_0_pcie4_ip_gt_top_i/diablo_gt.diablo_gt_phy_wrapper/gt_wizard.gtwizard_top_i/bd_ab_bd_xdma_0_pcie4_ip_gt_i/inst/gen_gtwizard_gtye4_top.bd_ab_bd_xdma_0_pcie4_ip_gt_gtwizard_gtye4_inst/gen_gtwizard_gtye4.gen_cpll_cal_gtye4.gen_cpll_cal_inst[7].gen_inst_cpll_cal.gtwizard_ultrascale_v1_7_20_gtye4_cpll_cal_inst/gtwizard_ultrascale_v1_7_20_gtye4_cpll_cal_tx_i/U_TXOUTCLK_FREQ_COUNTER/testclk_cnt_reg[0]/C
High Pulse Width  Slow    FDCE/C   n/a            0.275         4.000       3.725      SLICE_X109Y111  bd_ab_i/bd_xdma/inst/pcie4_ip_i/inst/bd_ab_bd_xdma_0_pcie4_ip_gt_top_i/diablo_gt.diablo_gt_phy_wrapper/gt_wizard.gtwizard_top_i/bd_ab_bd_xdma_0_pcie4_ip_gt_i/inst/gen_gtwizard_gtye4_top.bd_ab_bd_xdma_0_pcie4_ip_gt_gtwizard_gtye4_inst/gen_gtwizard_gtye4.gen_cpll_cal_gtye4.gen_cpll_cal_inst[7].gen_inst_cpll_cal.gtwizard_ultrascale_v1_7_20_gtye4_cpll_cal_inst/gtwizard_ultrascale_v1_7_20_gtye4_cpll_cal_tx_i/U_TXOUTCLK_FREQ_COUNTER/testclk_cnt_reg[0]/C



---------------------------------------------------------------------------------------------------
From Clock:  bd_ab_i/bd_xdma/inst/pcie4_ip_i/inst/bd_ab_bd_xdma_0_pcie4_ip_gt_top_i/diablo_gt.diablo_gt_phy_wrapper/phy_clk_i/bufg_gt_intclk/O
  To Clock:  bd_ab_i/bd_xdma/inst/pcie4_ip_i/inst/bd_ab_bd_xdma_0_pcie4_ip_gt_top_i/diablo_gt.diablo_gt_phy_wrapper/phy_clk_i/bufg_gt_intclk/O

Setup :            0  Failing Endpoints,  Worst Slack      999.302ns,  Total Violation        0.000ns
Hold  :            0  Failing Endpoints,  Worst Slack        0.050ns,  Total Violation        0.000ns
PW    :            0  Failing Endpoints,  Worst Slack      499.725ns,  Total Violation        0.000ns
---------------------------------------------------------------------------------------------------


Max Delay Paths
--------------------------------------------------------------------------------------
Slack (MET) :             999.302ns  (required time - arrival time)
  Source:                 bd_ab_i/bd_xdma/inst/pcie4_ip_i/inst/bd_ab_bd_xdma_0_pcie4_ip_gt_top_i/diablo_gt.diablo_gt_phy_wrapper/phy_rst_i/FSM_sequential_pwr_on_fsm_reg/C
                            (rising edge-triggered cell FDRE clocked by bd_ab_i/bd_xdma/inst/pcie4_ip_i/inst/bd_ab_bd_xdma_0_pcie4_ip_gt_top_i/diablo_gt.diablo_gt_phy_wrapper/phy_clk_i/bufg_gt_intclk/O  {rise@0.000ns fall@500.000ns period=1000.000ns})
  Destination:            bd_ab_i/bd_xdma/inst/pcie4_ip_i/inst/bd_ab_bd_xdma_0_pcie4_ip_gt_top_i/diablo_gt.diablo_gt_phy_wrapper/phy_rst_i/wait_cnt_reg[0]/R
                            (rising edge-triggered cell FDRE clocked by bd_ab_i/bd_xdma/inst/pcie4_ip_i/inst/bd_ab_bd_xdma_0_pcie4_ip_gt_top_i/diablo_gt.diablo_gt_phy_wrapper/phy_clk_i/bufg_gt_intclk/O  {rise@0.000ns fall@500.000ns period=1000.000ns})
  Path Group:             bd_ab_i/bd_xdma/inst/pcie4_ip_i/inst/bd_ab_bd_xdma_0_pcie4_ip_gt_top_i/diablo_gt.diablo_gt_phy_wrapper/phy_clk_i/bufg_gt_intclk/O
  Path Type:              Setup (Max at Slow Process Corner)
  Requirement:            1000.000ns  (bd_ab_i/bd_xdma/inst/pcie4_ip_i/inst/bd_ab_bd_xdma_0_pcie4_ip_gt_top_i/diablo_gt.diablo_gt_phy_wrapper/phy_clk_i/bufg_gt_intclk/O rise@1000.000ns - bd_ab_i/bd_xdma/inst/pcie4_ip_i/inst/bd_ab_bd_xdma_0_pcie4_ip_gt_top_i/diablo_gt.diablo_gt_phy_wrapper/phy_clk_i/bufg_gt_intclk/O rise@0.000ns)
  Data Path Delay:        0.551ns  (logic 0.179ns (32.471%)  route 0.372ns (67.529%))
  Logic Levels:           1  (LUT2=1)
  Clock Path Skew:        -0.027ns (DCD - SCD + CPR)
    Destination Clock Delay (DCD):    0.482ns = ( 1000.482 - 1000.000 ) 
    Source Clock Delay      (SCD):    0.568ns
    Clock Pessimism Removal (CPR):    0.060ns
  Clock Uncertainty:      0.046ns  ((TSJ^2 + DJ^2)^1/2) / 2 + PE
    Total System Jitter     (TSJ):    0.071ns
    Discrete Jitter          (DJ):    0.060ns
    Phase Error              (PE):    0.000ns
  Clock Net Delay (Source):      0.568ns (routing 0.002ns, distribution 0.566ns)
  Clock Net Delay (Destination): 0.482ns (routing 0.001ns, distribution 0.481ns)

    Location             Delay type                Incr(ns)  Path(ns)    Netlist Resource(s)
  -------------------------------------------------------------------    -------------------
                         (clock bd_ab_i/bd_xdma/inst/pcie4_ip_i/inst/bd_ab_bd_xdma_0_pcie4_ip_gt_top_i/diablo_gt.diablo_gt_phy_wrapper/phy_clk_i/bufg_gt_intclk/O rise edge)
                                                      0.000     0.000 r  
    BUFG_GT_X0Y42        BUFG_GT                      0.000     0.000 r  bd_ab_i/bd_xdma/inst/pcie4_ip_i/inst/bd_ab_bd_xdma_0_pcie4_ip_gt_top_i/diablo_gt.diablo_gt_phy_wrapper/phy_clk_i/bufg_gt_intclk/O
    X3Y1 (CLOCK_ROOT)    net (fo=13, routed)          0.568     0.568    bd_ab_i/bd_xdma/inst/pcie4_ip_i/inst/bd_ab_bd_xdma_0_pcie4_ip_gt_top_i/diablo_gt.diablo_gt_phy_wrapper/phy_rst_i/CLK
    SLICE_X111Y73        FDRE                                         r  bd_ab_i/bd_xdma/inst/pcie4_ip_i/inst/bd_ab_bd_xdma_0_pcie4_ip_gt_top_i/diablo_gt.diablo_gt_phy_wrapper/phy_rst_i/FSM_sequential_pwr_on_fsm_reg/C
  -------------------------------------------------------------------    -------------------
    SLICE_X111Y73        FDRE (Prop_HFF2_SLICEL_C_Q)
                                                      0.080     0.648 r  bd_ab_i/bd_xdma/inst/pcie4_ip_i/inst/bd_ab_bd_xdma_0_pcie4_ip_gt_top_i/diablo_gt.diablo_gt_phy_wrapper/phy_rst_i/FSM_sequential_pwr_on_fsm_reg/Q
                         net (fo=4, routed)           0.169     0.818    bd_ab_i/bd_xdma/inst/pcie4_ip_i/inst/bd_ab_bd_xdma_0_pcie4_ip_gt_top_i/diablo_gt.diablo_gt_phy_wrapper/phy_rst_i/wait_cnt
    SLICE_X111Y73        LUT2 (Prop_H6LUT_SLICEL_I0_O)
                                                      0.099     0.917 r  bd_ab_i/bd_xdma/inst/pcie4_ip_i/inst/bd_ab_bd_xdma_0_pcie4_ip_gt_top_i/diablo_gt.diablo_gt_phy_wrapper/phy_rst_i/wait_cnt[4]_i_1/O
                         net (fo=5, routed)           0.203     1.120    bd_ab_i/bd_xdma/inst/pcie4_ip_i/inst/bd_ab_bd_xdma_0_pcie4_ip_gt_top_i/diablo_gt.diablo_gt_phy_wrapper/phy_rst_i/wait_cnt[4]_i_1_n_0
    SLICE_X111Y73        FDRE                                         r  bd_ab_i/bd_xdma/inst/pcie4_ip_i/inst/bd_ab_bd_xdma_0_pcie4_ip_gt_top_i/diablo_gt.diablo_gt_phy_wrapper/phy_rst_i/wait_cnt_reg[0]/R
  -------------------------------------------------------------------    -------------------

                         (clock bd_ab_i/bd_xdma/inst/pcie4_ip_i/inst/bd_ab_bd_xdma_0_pcie4_ip_gt_top_i/diablo_gt.diablo_gt_phy_wrapper/phy_clk_i/bufg_gt_intclk/O rise edge)
                                                   1000.000  1000.000 r  
    BUFG_GT_X0Y42        BUFG_GT                      0.000  1000.000 r  bd_ab_i/bd_xdma/inst/pcie4_ip_i/inst/bd_ab_bd_xdma_0_pcie4_ip_gt_top_i/diablo_gt.diablo_gt_phy_wrapper/phy_clk_i/bufg_gt_intclk/O
    X3Y1 (CLOCK_ROOT)    net (fo=13, routed)          0.482  1000.482    bd_ab_i/bd_xdma/inst/pcie4_ip_i/inst/bd_ab_bd_xdma_0_pcie4_ip_gt_top_i/diablo_gt.diablo_gt_phy_wrapper/phy_rst_i/CLK
    SLICE_X111Y73        FDRE                                         r  bd_ab_i/bd_xdma/inst/pcie4_ip_i/inst/bd_ab_bd_xdma_0_pcie4_ip_gt_top_i/diablo_gt.diablo_gt_phy_wrapper/phy_rst_i/wait_cnt_reg[0]/C
                         clock pessimism              0.060  1000.542    
                         clock uncertainty           -0.046  1000.495    
    SLICE_X111Y73        FDRE (Setup_BFF2_SLICEL_C_R)
                                                     -0.074  1000.421    bd_ab_i/bd_xdma/inst/pcie4_ip_i/inst/bd_ab_bd_xdma_0_pcie4_ip_gt_top_i/diablo_gt.diablo_gt_phy_wrapper/phy_rst_i/wait_cnt_reg[0]
  -------------------------------------------------------------------
                         required time                       1000.421    
                         arrival time                          -1.120    
  -------------------------------------------------------------------
                         slack                                999.302    





Min Delay Paths
--------------------------------------------------------------------------------------
Slack (MET) :             0.050ns  (arrival time - required time)
  Source:                 bd_ab_i/bd_xdma/inst/pcie4_ip_i/inst/bd_ab_bd_xdma_0_pcie4_ip_gt_top_i/diablo_gt.diablo_gt_phy_wrapper/phy_rst_i/wait_cnt_reg[1]/C
                            (rising edge-triggered cell FDRE clocked by bd_ab_i/bd_xdma/inst/pcie4_ip_i/inst/bd_ab_bd_xdma_0_pcie4_ip_gt_top_i/diablo_gt.diablo_gt_phy_wrapper/phy_clk_i/bufg_gt_intclk/O  {rise@0.000ns fall@500.000ns period=1000.000ns})
  Destination:            bd_ab_i/bd_xdma/inst/pcie4_ip_i/inst/bd_ab_bd_xdma_0_pcie4_ip_gt_top_i/diablo_gt.diablo_gt_phy_wrapper/phy_rst_i/wait_cnt_reg[2]/D
                            (rising edge-triggered cell FDRE clocked by bd_ab_i/bd_xdma/inst/pcie4_ip_i/inst/bd_ab_bd_xdma_0_pcie4_ip_gt_top_i/diablo_gt.diablo_gt_phy_wrapper/phy_clk_i/bufg_gt_intclk/O  {rise@0.000ns fall@500.000ns period=1000.000ns})
  Path Group:             bd_ab_i/bd_xdma/inst/pcie4_ip_i/inst/bd_ab_bd_xdma_0_pcie4_ip_gt_top_i/diablo_gt.diablo_gt_phy_wrapper/phy_clk_i/bufg_gt_intclk/O
  Path Type:              Hold (Min at Fast Process Corner)
  Requirement:            0.000ns  (bd_ab_i/bd_xdma/inst/pcie4_ip_i/inst/bd_ab_bd_xdma_0_pcie4_ip_gt_top_i/diablo_gt.diablo_gt_phy_wrapper/phy_clk_i/bufg_gt_intclk/O rise@0.000ns - bd_ab_i/bd_xdma/inst/pcie4_ip_i/inst/bd_ab_bd_xdma_0_pcie4_ip_gt_top_i/diablo_gt.diablo_gt_phy_wrapper/phy_clk_i/bufg_gt_intclk/O rise@0.000ns)
  Data Path Delay:        0.103ns  (logic 0.072ns (70.006%)  route 0.031ns (29.994%))
  Logic Levels:           1  (LUT3=1)
  Clock Path Skew:        0.006ns (DCD - SCD - CPR)
    Destination Clock Delay (DCD):    0.362ns
    Source Clock Delay      (SCD):    0.316ns
    Clock Pessimism Removal (CPR):    0.041ns
  Clock Net Delay (Source):      0.316ns (routing 0.001ns, distribution 0.315ns)
  Clock Net Delay (Destination): 0.362ns (routing 0.001ns, distribution 0.361ns)

    Location             Delay type                Incr(ns)  Path(ns)    Netlist Resource(s)
  -------------------------------------------------------------------    -------------------
                         (clock bd_ab_i/bd_xdma/inst/pcie4_ip_i/inst/bd_ab_bd_xdma_0_pcie4_ip_gt_top_i/diablo_gt.diablo_gt_phy_wrapper/phy_clk_i/bufg_gt_intclk/O rise edge)
                                                      0.000     0.000 r  
    BUFG_GT_X0Y42        BUFG_GT                      0.000     0.000 r  bd_ab_i/bd_xdma/inst/pcie4_ip_i/inst/bd_ab_bd_xdma_0_pcie4_ip_gt_top_i/diablo_gt.diablo_gt_phy_wrapper/phy_clk_i/bufg_gt_intclk/O
    X3Y1 (CLOCK_ROOT)    net (fo=13, routed)          0.316     0.316    bd_ab_i/bd_xdma/inst/pcie4_ip_i/inst/bd_ab_bd_xdma_0_pcie4_ip_gt_top_i/diablo_gt.diablo_gt_phy_wrapper/phy_rst_i/CLK
    SLICE_X111Y73        FDRE                                         r  bd_ab_i/bd_xdma/inst/pcie4_ip_i/inst/bd_ab_bd_xdma_0_pcie4_ip_gt_top_i/diablo_gt.diablo_gt_phy_wrapper/phy_rst_i/wait_cnt_reg[1]/C
  -------------------------------------------------------------------    -------------------
    SLICE_X111Y73        FDRE (Prop_DFF_SLICEL_C_Q)
                                                      0.039     0.355 r  bd_ab_i/bd_xdma/inst/pcie4_ip_i/inst/bd_ab_bd_xdma_0_pcie4_ip_gt_top_i/diablo_gt.diablo_gt_phy_wrapper/phy_rst_i/wait_cnt_reg[1]/Q
                         net (fo=4, routed)           0.025     0.379    bd_ab_i/bd_xdma/inst/pcie4_ip_i/inst/bd_ab_bd_xdma_0_pcie4_ip_gt_top_i/diablo_gt.diablo_gt_phy_wrapper/phy_rst_i/wait_cnt_reg_n_0_[1]
    SLICE_X111Y73        LUT3 (Prop_D5LUT_SLICEL_I1_O)
                                                      0.033     0.412 r  bd_ab_i/bd_xdma/inst/pcie4_ip_i/inst/bd_ab_bd_xdma_0_pcie4_ip_gt_top_i/diablo_gt.diablo_gt_phy_wrapper/phy_rst_i/wait_cnt[2]_i_1/O
                         net (fo=1, routed)           0.006     0.418    bd_ab_i/bd_xdma/inst/pcie4_ip_i/inst/bd_ab_bd_xdma_0_pcie4_ip_gt_top_i/diablo_gt.diablo_gt_phy_wrapper/phy_rst_i/p_0_in[2]
    SLICE_X111Y73        FDRE                                         r  bd_ab_i/bd_xdma/inst/pcie4_ip_i/inst/bd_ab_bd_xdma_0_pcie4_ip_gt_top_i/diablo_gt.diablo_gt_phy_wrapper/phy_rst_i/wait_cnt_reg[2]/D
  -------------------------------------------------------------------    -------------------

                         (clock bd_ab_i/bd_xdma/inst/pcie4_ip_i/inst/bd_ab_bd_xdma_0_pcie4_ip_gt_top_i/diablo_gt.diablo_gt_phy_wrapper/phy_clk_i/bufg_gt_intclk/O rise edge)
                                                      0.000     0.000 r  
    BUFG_GT_X0Y42        BUFG_GT                      0.000     0.000 r  bd_ab_i/bd_xdma/inst/pcie4_ip_i/inst/bd_ab_bd_xdma_0_pcie4_ip_gt_top_i/diablo_gt.diablo_gt_phy_wrapper/phy_clk_i/bufg_gt_intclk/O
    X3Y1 (CLOCK_ROOT)    net (fo=13, routed)          0.362     0.362    bd_ab_i/bd_xdma/inst/pcie4_ip_i/inst/bd_ab_bd_xdma_0_pcie4_ip_gt_top_i/diablo_gt.diablo_gt_phy_wrapper/phy_rst_i/CLK
    SLICE_X111Y73        FDRE                                         r  bd_ab_i/bd_xdma/inst/pcie4_ip_i/inst/bd_ab_bd_xdma_0_pcie4_ip_gt_top_i/diablo_gt.diablo_gt_phy_wrapper/phy_rst_i/wait_cnt_reg[2]/C
                         clock pessimism             -0.041     0.322    
    SLICE_X111Y73        FDRE (Hold_DFF2_SLICEL_C_D)
                                                      0.047     0.369    bd_ab_i/bd_xdma/inst/pcie4_ip_i/inst/bd_ab_bd_xdma_0_pcie4_ip_gt_top_i/diablo_gt.diablo_gt_phy_wrapper/phy_rst_i/wait_cnt_reg[2]
  -------------------------------------------------------------------
                         required time                         -0.369    
                         arrival time                           0.418    
  -------------------------------------------------------------------
                         slack                                  0.050    





Pulse Width Checks
--------------------------------------------------------------------------------------
Clock Name:         bd_ab_i/bd_xdma/inst/pcie4_ip_i/inst/bd_ab_bd_xdma_0_pcie4_ip_gt_top_i/diablo_gt.diablo_gt_phy_wrapper/phy_clk_i/bufg_gt_intclk/O
Waveform(ns):       { 0.000 500.000 }
Period(ns):         1000.000
Sources:            { bd_ab_i/bd_xdma/inst/pcie4_ip_i/inst/bd_ab_bd_xdma_0_pcie4_ip_gt_top_i/diablo_gt.diablo_gt_phy_wrapper/phy_clk_i/bufg_gt_intclk/O }

Check Type        Corner  Lib Pin  Reference Pin  Required(ns)  Actual(ns)  Slack(ns)  Location       Pin
Min Period        n/a     FDRE/C   n/a            0.550         1000.000    999.450    SLICE_X111Y73  bd_ab_i/bd_xdma/inst/pcie4_ip_i/inst/bd_ab_bd_xdma_0_pcie4_ip_gt_top_i/diablo_gt.diablo_gt_phy_wrapper/phy_rst_i/FSM_sequential_pwr_on_fsm_reg/C
Low Pulse Width   Slow    FDRE/C   n/a            0.275         500.000     499.725    SLICE_X111Y73  bd_ab_i/bd_xdma/inst/pcie4_ip_i/inst/bd_ab_bd_xdma_0_pcie4_ip_gt_top_i/diablo_gt.diablo_gt_phy_wrapper/phy_rst_i/FSM_sequential_pwr_on_fsm_reg/C
High Pulse Width  Slow    FDRE/C   n/a            0.275         500.000     499.725    SLICE_X111Y73  bd_ab_i/bd_xdma/inst/pcie4_ip_i/inst/bd_ab_bd_xdma_0_pcie4_ip_gt_top_i/diablo_gt.diablo_gt_phy_wrapper/phy_rst_i/FSM_sequential_pwr_on_fsm_reg/C



---------------------------------------------------------------------------------------------------
From Clock:  pcie_refclk
  To Clock:  pcie_refclk

Setup :            0  Failing Endpoints,  Worst Slack        7.695ns,  Total Violation        0.000ns
Hold  :            0  Failing Endpoints,  Worst Slack        0.014ns,  Total Violation        0.000ns
PW    :            0  Failing Endpoints,  Worst Slack        3.200ns,  Total Violation        0.000ns
---------------------------------------------------------------------------------------------------


Max Delay Paths
--------------------------------------------------------------------------------------
Slack (MET) :             7.695ns  (required time - arrival time)
  Source:                 bd_ab_i/bd_xdma/inst/pcie4_ip_i/inst/bd_ab_bd_xdma_0_pcie4_ip_gt_top_i/diablo_gt.diablo_gt_phy_wrapper/gt_wizard.gtwizard_top_i/bd_ab_bd_xdma_0_pcie4_ip_gt_i/inst/gen_gtwizard_gtye4_top.bd_ab_bd_xdma_0_pcie4_ip_gt_gtwizard_gtye4_inst/gen_gtwizard_gtye4.gen_cpll_cal_gtye4.gen_cpll_cal_inst[7].gen_inst_cpll_cal.gtwizard_ultrascale_v1_7_20_gtye4_cpll_cal_inst/gtwizard_ultrascale_v1_7_20_gtye4_cpll_cal_tx_i/wait_ctr_reg[18]/C
                            (rising edge-triggered cell FDRE clocked by pcie_refclk  {rise@0.000ns fall@5.000ns period=10.000ns})
  Destination:            bd_ab_i/bd_xdma/inst/pcie4_ip_i/inst/bd_ab_bd_xdma_0_pcie4_ip_gt_top_i/diablo_gt.diablo_gt_phy_wrapper/gt_wizard.gtwizard_top_i/bd_ab_bd_xdma_0_pcie4_ip_gt_i/inst/gen_gtwizard_gtye4_top.bd_ab_bd_xdma_0_pcie4_ip_gt_gtwizard_gtye4_inst/gen_gtwizard_gtye4.gen_cpll_cal_gtye4.gen_cpll_cal_inst[7].gen_inst_cpll_cal.gtwizard_ultrascale_v1_7_20_gtye4_cpll_cal_inst/gtwizard_ultrascale_v1_7_20_gtye4_cpll_cal_tx_i/wait_ctr_reg[2]/R
                            (rising edge-triggered cell FDRE clocked by pcie_refclk  {rise@0.000ns fall@5.000ns period=10.000ns})
  Path Group:             pcie_refclk
  Path Type:              Setup (Max at Slow Process Corner)
  Requirement:            10.000ns  (pcie_refclk rise@10.000ns - pcie_refclk rise@0.000ns)
  Data Path Delay:        1.988ns  (logic 0.687ns (34.563%)  route 1.301ns (65.437%))
  Logic Levels:           4  (LUT4=1 LUT5=2 LUT6=1)
  Clock Path Skew:        -0.208ns (DCD - SCD + CPR)
    Destination Clock Delay (DCD):    2.126ns = ( 12.126 - 10.000 ) 
    Source Clock Delay      (SCD):    2.697ns
    Clock Pessimism Removal (CPR):    0.363ns
  Clock Uncertainty:      0.035ns  ((TSJ^2 + TIJ^2)^1/2 + DJ) / 2 + PE
    Total System Jitter     (TSJ):    0.071ns
    Total Input Jitter      (TIJ):    0.000ns
    Discrete Jitter          (DJ):    0.000ns
    Phase Error              (PE):    0.000ns
  Clock Net Delay (Source):      2.103ns (routing 0.751ns, distribution 1.352ns)
  Clock Net Delay (Destination): 1.831ns (routing 0.686ns, distribution 1.145ns)

    Location             Delay type                Incr(ns)  Path(ns)    Netlist Resource(s)
  -------------------------------------------------------------------    -------------------
                         (clock pcie_refclk rise edge)
                                                      0.000     0.000 r  
    GTYE4_COMMON_X0Y1                                 0.000     0.000 r  pcie_refclk_clk_p[0] (IN)
                         net (fo=0)                   0.000     0.000    bd_ab_i/bd_refbuf/U0/IBUF_DS_P[0]
    GTYE4_COMMON_X0Y1    IBUFDS_GTE4 (Prop_IBUFDS0_GTYE4_GTYE4_COMMON_I_ODIV2)
                                                      0.378     0.378 r  bd_ab_i/bd_refbuf/U0/USE_IBUFDS_GTE4.GEN_IBUFDS_GTE4[0].IBUFDS_GTE4_I/ODIV2
                         net (fo=2, routed)           0.086     0.464    bd_ab_i/bd_xdma/inst/pcie4_ip_i/inst/sys_clk
    BUFG_GT_X0Y38        BUFG_GT (Prop_BUFG_GT_I_O)
                                                      0.130     0.594 r  bd_ab_i/bd_xdma/inst/pcie4_ip_i/inst/bufg_gt_sysclk/O
    X1Y1 (CLOCK_ROOT)    net (fo=3512, routed)        2.103     2.697    bd_ab_i/bd_xdma/inst/pcie4_ip_i/inst/bd_ab_bd_xdma_0_pcie4_ip_gt_top_i/diablo_gt.diablo_gt_phy_wrapper/gt_wizard.gtwizard_top_i/bd_ab_bd_xdma_0_pcie4_ip_gt_i/inst/gen_gtwizard_gtye4_top.bd_ab_bd_xdma_0_pcie4_ip_gt_gtwizard_gtye4_inst/gen_gtwizard_gtye4.gen_cpll_cal_gtye4.gen_cpll_cal_inst[7].gen_inst_cpll_cal.gtwizard_ultrascale_v1_7_20_gtye4_cpll_cal_inst/gtwizard_ultrascale_v1_7_20_gtye4_cpll_cal_tx_i/drpclk_common_in[0]
    SLICE_X108Y121       FDRE                                         r  bd_ab_i/bd_xdma/inst/pcie4_ip_i/inst/bd_ab_bd_xdma_0_pcie4_ip_gt_top_i/diablo_gt.diablo_gt_phy_wrapper/gt_wizard.gtwizard_top_i/bd_ab_bd_xdma_0_pcie4_ip_gt_i/inst/gen_gtwizard_gtye4_top.bd_ab_bd_xdma_0_pcie4_ip_gt_gtwizard_gtye4_inst/gen_gtwizard_gtye4.gen_cpll_cal_gtye4.gen_cpll_cal_inst[7].gen_inst_cpll_cal.gtwizard_ultrascale_v1_7_20_gtye4_cpll_cal_inst/gtwizard_ultrascale_v1_7_20_gtye4_cpll_cal_tx_i/wait_ctr_reg[18]/C
  -------------------------------------------------------------------    -------------------
    SLICE_X108Y121       FDRE (Prop_CFF_SLICEL_C_Q)
                                                      0.079     2.776 r  bd_ab_i/bd_xdma/inst/pcie4_ip_i/inst/bd_ab_bd_xdma_0_pcie4_ip_gt_top_i/diablo_gt.diablo_gt_phy_wrapper/gt_wizard.gtwizard_top_i/bd_ab_bd_xdma_0_pcie4_ip_gt_i/inst/gen_gtwizard_gtye4_top.bd_ab_bd_xdma_0_pcie4_ip_gt_gtwizard_gtye4_inst/gen_gtwizard_gtye4.gen_cpll_cal_gtye4.gen_cpll_cal_inst[7].gen_inst_cpll_cal.gtwizard_ultrascale_v1_7_20_gtye4_cpll_cal_inst/gtwizard_ultrascale_v1_7_20_gtye4_cpll_cal_tx_i/wait_ctr_reg[18]/Q
                         net (fo=2, routed)           0.127     2.903    bd_ab_i/bd_xdma/inst/pcie4_ip_i/inst/bd_ab_bd_xdma_0_pcie4_ip_gt_top_i/diablo_gt.diablo_gt_phy_wrapper/gt_wizard.gtwizard_top_i/bd_ab_bd_xdma_0_pcie4_ip_gt_i/inst/gen_gtwizard_gtye4_top.bd_ab_bd_xdma_0_pcie4_ip_gt_gtwizard_gtye4_inst/gen_gtwizard_gtye4.gen_cpll_cal_gtye4.gen_cpll_cal_inst[7].gen_inst_cpll_cal.gtwizard_ultrascale_v1_7_20_gtye4_cpll_cal_inst/gtwizard_ultrascale_v1_7_20_gtye4_cpll_cal_tx_i/wait_ctr_reg_n_0_[18]
    SLICE_X109Y121       LUT4 (Prop_H6LUT_SLICEM_I2_O)
                                                      0.152     3.055 r  bd_ab_i/bd_xdma/inst/pcie4_ip_i/inst/bd_ab_bd_xdma_0_pcie4_ip_gt_top_i/diablo_gt.diablo_gt_phy_wrapper/gt_wizard.gtwizard_top_i/bd_ab_bd_xdma_0_pcie4_ip_gt_i/inst/gen_gtwizard_gtye4_top.bd_ab_bd_xdma_0_pcie4_ip_gt_gtwizard_gtye4_inst/gen_gtwizard_gtye4.gen_cpll_cal_gtye4.gen_cpll_cal_inst[7].gen_inst_cpll_cal.gtwizard_ultrascale_v1_7_20_gtye4_cpll_cal_inst/gtwizard_ultrascale_v1_7_20_gtye4_cpll_cal_tx_i/wait_ctr[24]_i_10__6/O
                         net (fo=2, routed)           0.104     3.159    bd_ab_i/bd_xdma/inst/pcie4_ip_i/inst/bd_ab_bd_xdma_0_pcie4_ip_gt_top_i/diablo_gt.diablo_gt_phy_wrapper/gt_wizard.gtwizard_top_i/bd_ab_bd_xdma_0_pcie4_ip_gt_i/inst/gen_gtwizard_gtye4_top.bd_ab_bd_xdma_0_pcie4_ip_gt_gtwizard_gtye4_inst/gen_gtwizard_gtye4.gen_cpll_cal_gtye4.gen_cpll_cal_inst[7].gen_inst_cpll_cal.gtwizard_ultrascale_v1_7_20_gtye4_cpll_cal_inst/gtwizard_ultrascale_v1_7_20_gtye4_cpll_cal_tx_i/wait_ctr[24]_i_10__6_n_0
    SLICE_X109Y121       LUT5 (Prop_D5LUT_SLICEM_I4_O)
                                                      0.158     3.317 r  bd_ab_i/bd_xdma/inst/pcie4_ip_i/inst/bd_ab_bd_xdma_0_pcie4_ip_gt_top_i/diablo_gt.diablo_gt_phy_wrapper/gt_wizard.gtwizard_top_i/bd_ab_bd_xdma_0_pcie4_ip_gt_i/inst/gen_gtwizard_gtye4_top.bd_ab_bd_xdma_0_pcie4_ip_gt_gtwizard_gtye4_inst/gen_gtwizard_gtye4.gen_cpll_cal_gtye4.gen_cpll_cal_inst[7].gen_inst_cpll_cal.gtwizard_ultrascale_v1_7_20_gtye4_cpll_cal_inst/gtwizard_ultrascale_v1_7_20_gtye4_cpll_cal_tx_i/wait_ctr[24]_i_16/O
                         net (fo=2, routed)           0.152     3.469    bd_ab_i/bd_xdma/inst/pcie4_ip_i/inst/bd_ab_bd_xdma_0_pcie4_ip_gt_top_i/diablo_gt.diablo_gt_phy_wrapper/gt_wizard.gtwizard_top_i/bd_ab_bd_xdma_0_pcie4_ip_gt_i/inst/gen_gtwizard_gtye4_top.bd_ab_bd_xdma_0_pcie4_ip_gt_gtwizard_gtye4_inst/gen_gtwizard_gtye4.gen_cpll_cal_gtye4.gen_cpll_cal_inst[7].gen_inst_cpll_cal.gtwizard_ultrascale_v1_7_20_gtye4_cpll_cal_inst/gtwizard_ultrascale_v1_7_20_gtye4_cpll_cal_tx_i/wait_ctr[24]_i_16_n_0
    SLICE_X109Y120       LUT5 (Prop_F6LUT_SLICEM_I1_O)
                                                      0.148     3.617 f  bd_ab_i/bd_xdma/inst/pcie4_ip_i/inst/bd_ab_bd_xdma_0_pcie4_ip_gt_top_i/diablo_gt.diablo_gt_phy_wrapper/gt_wizard.gtwizard_top_i/bd_ab_bd_xdma_0_pcie4_ip_gt_i/inst/gen_gtwizard_gtye4_top.bd_ab_bd_xdma_0_pcie4_ip_gt_gtwizard_gtye4_inst/gen_gtwizard_gtye4.gen_cpll_cal_gtye4.gen_cpll_cal_inst[7].gen_inst_cpll_cal.gtwizard_ultrascale_v1_7_20_gtye4_cpll_cal_inst/gtwizard_ultrascale_v1_7_20_gtye4_cpll_cal_tx_i/wait_ctr[24]_i_8__6/O
                         net (fo=33, routed)          0.464     4.081    bd_ab_i/bd_xdma/inst/pcie4_ip_i/inst/bd_ab_bd_xdma_0_pcie4_ip_gt_top_i/diablo_gt.diablo_gt_phy_wrapper/gt_wizard.gtwizard_top_i/bd_ab_bd_xdma_0_pcie4_ip_gt_i/inst/gen_gtwizard_gtye4_top.bd_ab_bd_xdma_0_pcie4_ip_gt_gtwizard_gtye4_inst/gen_gtwizard_gtye4.gen_cpll_cal_gtye4.gen_cpll_cal_inst[7].gen_inst_cpll_cal.gtwizard_ultrascale_v1_7_20_gtye4_cpll_cal_inst/gtwizard_ultrascale_v1_7_20_gtye4_cpll_cal_tx_i/wait_ctr_reg[15]_0
    SLICE_X108Y118       LUT6 (Prop_H6LUT_SLICEL_I5_O)
                                                      0.150     4.231 r  bd_ab_i/bd_xdma/inst/pcie4_ip_i/inst/bd_ab_bd_xdma_0_pcie4_ip_gt_top_i/diablo_gt.diablo_gt_phy_wrapper/gt_wizard.gtwizard_top_i/bd_ab_bd_xdma_0_pcie4_ip_gt_i/inst/gen_gtwizard_gtye4_top.bd_ab_bd_xdma_0_pcie4_ip_gt_gtwizard_gtye4_inst/gen_gtwizard_gtye4.gen_cpll_cal_gtye4.gen_cpll_cal_inst[7].gen_inst_cpll_cal.gtwizard_ultrascale_v1_7_20_gtye4_cpll_cal_inst/gtwizard_ultrascale_v1_7_20_gtye4_cpll_cal_tx_i/wait_ctr[24]_i_1__6/O
                         net (fo=25, routed)          0.454     4.685    bd_ab_i/bd_xdma/inst/pcie4_ip_i/inst/bd_ab_bd_xdma_0_pcie4_ip_gt_top_i/diablo_gt.diablo_gt_phy_wrapper/gt_wizard.gtwizard_top_i/bd_ab_bd_xdma_0_pcie4_ip_gt_i/inst/gen_gtwizard_gtye4_top.bd_ab_bd_xdma_0_pcie4_ip_gt_gtwizard_gtye4_inst/gen_gtwizard_gtye4.gen_cpll_cal_gtye4.gen_cpll_cal_inst[7].gen_inst_cpll_cal.gtwizard_ultrascale_v1_7_20_gtye4_cpll_cal_inst/gtwizard_ultrascale_v1_7_20_gtye4_cpll_cal_tx_i/wait_ctr[24]_i_1__6_n_0
    SLICE_X108Y119       FDRE                                         r  bd_ab_i/bd_xdma/inst/pcie4_ip_i/inst/bd_ab_bd_xdma_0_pcie4_ip_gt_top_i/diablo_gt.diablo_gt_phy_wrapper/gt_wizard.gtwizard_top_i/bd_ab_bd_xdma_0_pcie4_ip_gt_i/inst/gen_gtwizard_gtye4_top.bd_ab_bd_xdma_0_pcie4_ip_gt_gtwizard_gtye4_inst/gen_gtwizard_gtye4.gen_cpll_cal_gtye4.gen_cpll_cal_inst[7].gen_inst_cpll_cal.gtwizard_ultrascale_v1_7_20_gtye4_cpll_cal_inst/gtwizard_ultrascale_v1_7_20_gtye4_cpll_cal_tx_i/wait_ctr_reg[2]/R
  -------------------------------------------------------------------    -------------------

                         (clock pcie_refclk rise edge)
                                                     10.000    10.000 r  
    GTYE4_COMMON_X0Y1                                 0.000    10.000 r  pcie_refclk_clk_p[0] (IN)
                         net (fo=0)                   0.000    10.000    bd_ab_i/bd_refbuf/U0/IBUF_DS_P[0]
    GTYE4_COMMON_X0Y1    IBUFDS_GTE4 (Prop_IBUFDS0_GTYE4_GTYE4_COMMON_I_ODIV2)
                                                      0.103    10.103 r  bd_ab_i/bd_refbuf/U0/USE_IBUFDS_GTE4.GEN_IBUFDS_GTE4[0].IBUFDS_GTE4_I/ODIV2
                         net (fo=2, routed)           0.078    10.181    bd_ab_i/bd_xdma/inst/pcie4_ip_i/inst/sys_clk
    BUFG_GT_X0Y38        BUFG_GT (Prop_BUFG_GT_I_O)
                                                      0.114    10.295 r  bd_ab_i/bd_xdma/inst/pcie4_ip_i/inst/bufg_gt_sysclk/O
    X1Y1 (CLOCK_ROOT)    net (fo=3512, routed)        1.831    12.126    bd_ab_i/bd_xdma/inst/pcie4_ip_i/inst/bd_ab_bd_xdma_0_pcie4_ip_gt_top_i/diablo_gt.diablo_gt_phy_wrapper/gt_wizard.gtwizard_top_i/bd_ab_bd_xdma_0_pcie4_ip_gt_i/inst/gen_gtwizard_gtye4_top.bd_ab_bd_xdma_0_pcie4_ip_gt_gtwizard_gtye4_inst/gen_gtwizard_gtye4.gen_cpll_cal_gtye4.gen_cpll_cal_inst[7].gen_inst_cpll_cal.gtwizard_ultrascale_v1_7_20_gtye4_cpll_cal_inst/gtwizard_ultrascale_v1_7_20_gtye4_cpll_cal_tx_i/drpclk_common_in[0]
    SLICE_X108Y119       FDRE                                         r  bd_ab_i/bd_xdma/inst/pcie4_ip_i/inst/bd_ab_bd_xdma_0_pcie4_ip_gt_top_i/diablo_gt.diablo_gt_phy_wrapper/gt_wizard.gtwizard_top_i/bd_ab_bd_xdma_0_pcie4_ip_gt_i/inst/gen_gtwizard_gtye4_top.bd_ab_bd_xdma_0_pcie4_ip_gt_gtwizard_gtye4_inst/gen_gtwizard_gtye4.gen_cpll_cal_gtye4.gen_cpll_cal_inst[7].gen_inst_cpll_cal.gtwizard_ultrascale_v1_7_20_gtye4_cpll_cal_inst/gtwizard_ultrascale_v1_7_20_gtye4_cpll_cal_tx_i/wait_ctr_reg[2]/C
                         clock pessimism              0.363    12.489    
                         clock uncertainty           -0.035    12.454    
    SLICE_X108Y119       FDRE (Setup_DFF_SLICEL_C_R)
                                                     -0.074    12.380    bd_ab_i/bd_xdma/inst/pcie4_ip_i/inst/bd_ab_bd_xdma_0_pcie4_ip_gt_top_i/diablo_gt.diablo_gt_phy_wrapper/gt_wizard.gtwizard_top_i/bd_ab_bd_xdma_0_pcie4_ip_gt_i/inst/gen_gtwizard_gtye4_top.bd_ab_bd_xdma_0_pcie4_ip_gt_gtwizard_gtye4_inst/gen_gtwizard_gtye4.gen_cpll_cal_gtye4.gen_cpll_cal_inst[7].gen_inst_cpll_cal.gtwizard_ultrascale_v1_7_20_gtye4_cpll_cal_inst/gtwizard_ultrascale_v1_7_20_gtye4_cpll_cal_tx_i/wait_ctr_reg[2]
  -------------------------------------------------------------------
                         required time                         12.380    
                         arrival time                          -4.685    
  -------------------------------------------------------------------
                         slack                                  7.695    





Min Delay Paths
--------------------------------------------------------------------------------------
Slack (MET) :             0.014ns  (arrival time - required time)
  Source:                 bd_ab_i/bd_xdma/inst/pcie4_ip_i/inst/bd_ab_bd_xdma_0_pcie4_ip_gt_top_i/diablo_gt.diablo_gt_phy_wrapper/gt_wizard.gtwizard_top_i/bd_ab_bd_xdma_0_pcie4_ip_gt_i/inst/gen_gtwizard_gtye4_top.bd_ab_bd_xdma_0_pcie4_ip_gt_gtwizard_gtye4_inst/gen_gtwizard_gtye4.gen_cpll_cal_gtye4.gen_cpll_cal_inst[3].gen_inst_cpll_cal.gtwizard_ultrascale_v1_7_20_gtye4_cpll_cal_inst/gtwizard_ultrascale_v1_7_20_gte4_drp_arb_i/DI_O_reg[3]/C
                            (rising edge-triggered cell FDRE clocked by pcie_refclk  {rise@0.000ns fall@5.000ns period=10.000ns})
  Destination:            bd_ab_i/bd_xdma/inst/pcie4_ip_i/inst/bd_ab_bd_xdma_0_pcie4_ip_gt_top_i/diablo_gt.diablo_gt_phy_wrapper/gt_wizard.gtwizard_top_i/bd_ab_bd_xdma_0_pcie4_ip_gt_i/inst/gen_gtwizard_gtye4_top.bd_ab_bd_xdma_0_pcie4_ip_gt_gtwizard_gtye4_inst/gen_gtwizard_gtye4.gen_channel_container[0].gen_enabled_channel.gtye4_channel_wrapper_inst/channel_inst/gtye4_channel_gen.gen_gtye4_channel_inst[3].GTYE4_CHANNEL_PRIM_INST/DRPDI[3]
                            (rising edge-triggered cell GTYE4_CHANNEL clocked by pcie_refclk  {rise@0.000ns fall@5.000ns period=10.000ns})
  Path Group:             pcie_refclk
  Path Type:              Hold (Min at Slow Process Corner)
  Requirement:            0.000ns  (pcie_refclk rise@0.000ns - pcie_refclk rise@0.000ns)
  Data Path Delay:        0.488ns  (logic 0.059ns (12.090%)  route 0.429ns (87.910%))
  Logic Levels:           0  
  Clock Path Skew:        0.163ns (DCD - SCD - CPR)
    Destination Clock Delay (DCD):    2.674ns
    Source Clock Delay      (SCD):    2.143ns
    Clock Pessimism Removal (CPR):    0.367ns
  Clock Net Delay (Source):      1.848ns (routing 0.686ns, distribution 1.162ns)
  Clock Net Delay (Destination): 2.080ns (routing 0.751ns, distribution 1.329ns)

    Location             Delay type                Incr(ns)  Path(ns)    Netlist Resource(s)
  -------------------------------------------------------------------    -------------------
                         (clock pcie_refclk rise edge)
                                                      0.000     0.000 r  
    GTYE4_COMMON_X0Y1                                 0.000     0.000 r  pcie_refclk_clk_p[0] (IN)
                         net (fo=0)                   0.000     0.000    bd_ab_i/bd_refbuf/U0/IBUF_DS_P[0]
    GTYE4_COMMON_X0Y1    IBUFDS_GTE4 (Prop_IBUFDS0_GTYE4_GTYE4_COMMON_I_ODIV2)
                                                      0.103     0.103 r  bd_ab_i/bd_refbuf/U0/USE_IBUFDS_GTE4.GEN_IBUFDS_GTE4[0].IBUFDS_GTE4_I/ODIV2
                         net (fo=2, routed)           0.078     0.181    bd_ab_i/bd_xdma/inst/pcie4_ip_i/inst/sys_clk
    BUFG_GT_X0Y38        BUFG_GT (Prop_BUFG_GT_I_O)
                                                      0.114     0.295 r  bd_ab_i/bd_xdma/inst/pcie4_ip_i/inst/bufg_gt_sysclk/O
    X1Y1 (CLOCK_ROOT)    net (fo=3512, routed)        1.848     2.143    bd_ab_i/bd_xdma/inst/pcie4_ip_i/inst/bd_ab_bd_xdma_0_pcie4_ip_gt_top_i/diablo_gt.diablo_gt_phy_wrapper/gt_wizard.gtwizard_top_i/bd_ab_bd_xdma_0_pcie4_ip_gt_i/inst/gen_gtwizard_gtye4_top.bd_ab_bd_xdma_0_pcie4_ip_gt_gtwizard_gtye4_inst/gen_gtwizard_gtye4.gen_cpll_cal_gtye4.gen_cpll_cal_inst[3].gen_inst_cpll_cal.gtwizard_ultrascale_v1_7_20_gtye4_cpll_cal_inst/gtwizard_ultrascale_v1_7_20_gte4_drp_arb_i/drpclk_common_in[0]
    SLICE_X111Y60        FDRE                                         r  bd_ab_i/bd_xdma/inst/pcie4_ip_i/inst/bd_ab_bd_xdma_0_pcie4_ip_gt_top_i/diablo_gt.diablo_gt_phy_wrapper/gt_wizard.gtwizard_top_i/bd_ab_bd_xdma_0_pcie4_ip_gt_i/inst/gen_gtwizard_gtye4_top.bd_ab_bd_xdma_0_pcie4_ip_gt_gtwizard_gtye4_inst/gen_gtwizard_gtye4.gen_cpll_cal_gtye4.gen_cpll_cal_inst[3].gen_inst_cpll_cal.gtwizard_ultrascale_v1_7_20_gtye4_cpll_cal_inst/gtwizard_ultrascale_v1_7_20_gte4_drp_arb_i/DI_O_reg[3]/C
  -------------------------------------------------------------------    -------------------
    SLICE_X111Y60        FDRE (Prop_HFF2_SLICEL_C_Q)
                                                      0.059     2.202 r  bd_ab_i/bd_xdma/inst/pcie4_ip_i/inst/bd_ab_bd_xdma_0_pcie4_ip_gt_top_i/diablo_gt.diablo_gt_phy_wrapper/gt_wizard.gtwizard_top_i/bd_ab_bd_xdma_0_pcie4_ip_gt_i/inst/gen_gtwizard_gtye4_top.bd_ab_bd_xdma_0_pcie4_ip_gt_gtwizard_gtye4_inst/gen_gtwizard_gtye4.gen_cpll_cal_gtye4.gen_cpll_cal_inst[3].gen_inst_cpll_cal.gtwizard_ultrascale_v1_7_20_gtye4_cpll_cal_inst/gtwizard_ultrascale_v1_7_20_gte4_drp_arb_i/DI_O_reg[3]/Q
                         net (fo=1, routed)           0.429     2.631    bd_ab_i/bd_xdma/inst/pcie4_ip_i/inst/bd_ab_bd_xdma_0_pcie4_ip_gt_top_i/diablo_gt.diablo_gt_phy_wrapper/gt_wizard.gtwizard_top_i/bd_ab_bd_xdma_0_pcie4_ip_gt_i/inst/gen_gtwizard_gtye4_top.bd_ab_bd_xdma_0_pcie4_ip_gt_gtwizard_gtye4_inst/gen_gtwizard_gtye4.gen_channel_container[0].gen_enabled_channel.gtye4_channel_wrapper_inst/channel_inst/GTYE4_CHANNEL_DRPDI[51]
    GTYE4_CHANNEL_X0Y3   GTYE4_CHANNEL                                r  bd_ab_i/bd_xdma/inst/pcie4_ip_i/inst/bd_ab_bd_xdma_0_pcie4_ip_gt_top_i/diablo_gt.diablo_gt_phy_wrapper/gt_wizard.gtwizard_top_i/bd_ab_bd_xdma_0_pcie4_ip_gt_i/inst/gen_gtwizard_gtye4_top.bd_ab_bd_xdma_0_pcie4_ip_gt_gtwizard_gtye4_inst/gen_gtwizard_gtye4.gen_channel_container[0].gen_enabled_channel.gtye4_channel_wrapper_inst/channel_inst/gtye4_channel_gen.gen_gtye4_channel_inst[3].GTYE4_CHANNEL_PRIM_INST/DRPDI[3]
  -------------------------------------------------------------------    -------------------

                         (clock pcie_refclk rise edge)
                                                      0.000     0.000 r  
    GTYE4_COMMON_X0Y1                                 0.000     0.000 r  pcie_refclk_clk_p[0] (IN)
                         net (fo=0)                   0.000     0.000    bd_ab_i/bd_refbuf/U0/IBUF_DS_P[0]
    GTYE4_COMMON_X0Y1    IBUFDS_GTE4 (Prop_IBUFDS0_GTYE4_GTYE4_COMMON_I_ODIV2)
                                                      0.378     0.378 r  bd_ab_i/bd_refbuf/U0/USE_IBUFDS_GTE4.GEN_IBUFDS_GTE4[0].IBUFDS_GTE4_I/ODIV2
                         net (fo=2, routed)           0.086     0.464    bd_ab_i/bd_xdma/inst/pcie4_ip_i/inst/sys_clk
    BUFG_GT_X0Y38        BUFG_GT (Prop_BUFG_GT_I_O)
                                                      0.130     0.594 r  bd_ab_i/bd_xdma/inst/pcie4_ip_i/inst/bufg_gt_sysclk/O
    X1Y1 (CLOCK_ROOT)    net (fo=3512, routed)        2.080     2.674    bd_ab_i/bd_xdma/inst/pcie4_ip_i/inst/bd_ab_bd_xdma_0_pcie4_ip_gt_top_i/diablo_gt.diablo_gt_phy_wrapper/gt_wizard.gtwizard_top_i/bd_ab_bd_xdma_0_pcie4_ip_gt_i/inst/gen_gtwizard_gtye4_top.bd_ab_bd_xdma_0_pcie4_ip_gt_gtwizard_gtye4_inst/gen_gtwizard_gtye4.gen_channel_container[0].gen_enabled_channel.gtye4_channel_wrapper_inst/channel_inst/drpclk_common_in[0]
    GTYE4_CHANNEL_X0Y3   GTYE4_CHANNEL                                r  bd_ab_i/bd_xdma/inst/pcie4_ip_i/inst/bd_ab_bd_xdma_0_pcie4_ip_gt_top_i/diablo_gt.diablo_gt_phy_wrapper/gt_wizard.gtwizard_top_i/bd_ab_bd_xdma_0_pcie4_ip_gt_i/inst/gen_gtwizard_gtye4_top.bd_ab_bd_xdma_0_pcie4_ip_gt_gtwizard_gtye4_inst/gen_gtwizard_gtye4.gen_channel_container[0].gen_enabled_channel.gtye4_channel_wrapper_inst/channel_inst/gtye4_channel_gen.gen_gtye4_channel_inst[3].GTYE4_CHANNEL_PRIM_INST/DRPCLK
                         clock pessimism             -0.367     2.307    
    GTYE4_CHANNEL_X0Y3   GTYE4_CHANNEL (Hold_GTYE4_CHANNEL_DRPCLK_DRPDI[3])
                                                      0.311     2.618    bd_ab_i/bd_xdma/inst/pcie4_ip_i/inst/bd_ab_bd_xdma_0_pcie4_ip_gt_top_i/diablo_gt.diablo_gt_phy_wrapper/gt_wizard.gtwizard_top_i/bd_ab_bd_xdma_0_pcie4_ip_gt_i/inst/gen_gtwizard_gtye4_top.bd_ab_bd_xdma_0_pcie4_ip_gt_gtwizard_gtye4_inst/gen_gtwizard_gtye4.gen_channel_container[0].gen_enabled_channel.gtye4_channel_wrapper_inst/channel_inst/gtye4_channel_gen.gen_gtye4_channel_inst[3].GTYE4_CHANNEL_PRIM_INST
  -------------------------------------------------------------------
                         required time                         -2.618    
                         arrival time                           2.631    
  -------------------------------------------------------------------
                         slack                                  0.014    





Pulse Width Checks
--------------------------------------------------------------------------------------
Clock Name:         pcie_refclk
Waveform(ns):       { 0.000 5.000 }
Period(ns):         10.000
Sources:            { pcie_refclk_clk_p[0] }

Check Type        Corner  Lib Pin               Reference Pin  Required(ns)  Actual(ns)  Slack(ns)  Location            Pin
Min Period        n/a     GTYE4_CHANNEL/DRPCLK  n/a            4.000         10.000      6.000      GTYE4_CHANNEL_X0Y0  bd_ab_i/bd_xdma/inst/pcie4_ip_i/inst/bd_ab_bd_xdma_0_pcie4_ip_gt_top_i/diablo_gt.diablo_gt_phy_wrapper/gt_wizard.gtwizard_top_i/bd_ab_bd_xdma_0_pcie4_ip_gt_i/inst/gen_gtwizard_gtye4_top.bd_ab_bd_xdma_0_pcie4_ip_gt_gtwizard_gtye4_inst/gen_gtwizard_gtye4.gen_channel_container[0].gen_enabled_channel.gtye4_channel_wrapper_inst/channel_inst/gtye4_channel_gen.gen_gtye4_channel_inst[0].GTYE4_CHANNEL_PRIM_INST/DRPCLK
Low Pulse Width   Slow    GTYE4_CHANNEL/DRPCLK  n/a            1.800         5.000       3.200      GTYE4_CHANNEL_X0Y0  bd_ab_i/bd_xdma/inst/pcie4_ip_i/inst/bd_ab_bd_xdma_0_pcie4_ip_gt_top_i/diablo_gt.diablo_gt_phy_wrapper/gt_wizard.gtwizard_top_i/bd_ab_bd_xdma_0_pcie4_ip_gt_i/inst/gen_gtwizard_gtye4_top.bd_ab_bd_xdma_0_pcie4_ip_gt_gtwizard_gtye4_inst/gen_gtwizard_gtye4.gen_channel_container[0].gen_enabled_channel.gtye4_channel_wrapper_inst/channel_inst/gtye4_channel_gen.gen_gtye4_channel_inst[0].GTYE4_CHANNEL_PRIM_INST/DRPCLK
High Pulse Width  Slow    GTYE4_CHANNEL/DRPCLK  n/a            1.800         5.000       3.200      GTYE4_CHANNEL_X0Y0  bd_ab_i/bd_xdma/inst/pcie4_ip_i/inst/bd_ab_bd_xdma_0_pcie4_ip_gt_top_i/diablo_gt.diablo_gt_phy_wrapper/gt_wizard.gtwizard_top_i/bd_ab_bd_xdma_0_pcie4_ip_gt_i/inst/gen_gtwizard_gtye4_top.bd_ab_bd_xdma_0_pcie4_ip_gt_gtwizard_gtye4_inst/gen_gtwizard_gtye4.gen_channel_container[0].gen_enabled_channel.gtye4_channel_wrapper_inst/channel_inst/gtye4_channel_gen.gen_gtye4_channel_inst[0].GTYE4_CHANNEL_PRIM_INST/DRPCLK



---------------------------------------------------------------------------------------------------
From Clock:  GTYE4_CHANNEL_TXOUTCLK[0]
  To Clock:  GTYE4_CHANNEL_TXOUTCLK[0]

Setup :           NA  Failing Endpoints,  Worst Slack           NA  ,  Total Violation           NA
Hold  :           NA  Failing Endpoints,  Worst Slack           NA  ,  Total Violation           NA
PW    :            0  Failing Endpoints,  Worst Slack        0.710ns,  Total Violation        0.000ns
---------------------------------------------------------------------------------------------------


Pulse Width Checks
--------------------------------------------------------------------------------------
Clock Name:         GTYE4_CHANNEL_TXOUTCLK[0]
Waveform(ns):       { 0.000 1.000 }
Period(ns):         2.000
Sources:            { bd_ab_i/bd_xdma/inst/pcie4_ip_i/inst/bd_ab_bd_xdma_0_pcie4_ip_gt_top_i/diablo_gt.diablo_gt_phy_wrapper/gt_wizard.gtwizard_top_i/bd_ab_bd_xdma_0_pcie4_ip_gt_i/inst/gen_gtwizard_gtye4_top.bd_ab_bd_xdma_0_pcie4_ip_gt_gtwizard_gtye4_inst/gen_gtwizard_gtye4.gen_channel_container[0].gen_enabled_channel.gtye4_channel_wrapper_inst/channel_inst/gtye4_channel_gen.gen_gtye4_channel_inst[0].GTYE4_CHANNEL_PRIM_INST/TXOUTCLK }

Check Type  Corner  Lib Pin    Reference Pin  Required(ns)  Actual(ns)  Slack(ns)  Location      Pin
Min Period  n/a     BUFG_GT/I  n/a            1.290         2.000       0.710      BUFG_GT_X0Y6  bd_ab_i/bd_xdma/inst/pcie4_ip_i/inst/bd_ab_bd_xdma_0_pcie4_ip_gt_top_i/diablo_gt.diablo_gt_phy_wrapper/gt_wizard.gtwizard_top_i/bd_ab_bd_xdma_0_pcie4_ip_gt_i/inst/gen_gtwizard_gtye4_top.bd_ab_bd_xdma_0_pcie4_ip_gt_gtwizard_gtye4_inst/gen_gtwizard_gtye4.gen_cpll_cal_gtye4.gen_cpll_cal_inst[0].gen_inst_cpll_cal.gtwizard_ultrascale_v1_7_20_gtye4_cpll_cal_inst/gtwizard_ultrascale_v1_7_20_gtye4_cpll_cal_tx_i/bufg_gt_txoutclkmon_inst/I



---------------------------------------------------------------------------------------------------
From Clock:  GTYE4_CHANNEL_TXOUTCLK[1]
  To Clock:  GTYE4_CHANNEL_TXOUTCLK[1]

Setup :           NA  Failing Endpoints,  Worst Slack           NA  ,  Total Violation           NA
Hold  :           NA  Failing Endpoints,  Worst Slack           NA  ,  Total Violation           NA
PW    :            0  Failing Endpoints,  Worst Slack        0.710ns,  Total Violation        0.000ns
---------------------------------------------------------------------------------------------------


Pulse Width Checks
--------------------------------------------------------------------------------------
Clock Name:         GTYE4_CHANNEL_TXOUTCLK[1]
Waveform(ns):       { 0.000 1.000 }
Period(ns):         2.000
Sources:            { bd_ab_i/bd_xdma/inst/pcie4_ip_i/inst/bd_ab_bd_xdma_0_pcie4_ip_gt_top_i/diablo_gt.diablo_gt_phy_wrapper/gt_wizard.gtwizard_top_i/bd_ab_bd_xdma_0_pcie4_ip_gt_i/inst/gen_gtwizard_gtye4_top.bd_ab_bd_xdma_0_pcie4_ip_gt_gtwizard_gtye4_inst/gen_gtwizard_gtye4.gen_channel_container[0].gen_enabled_channel.gtye4_channel_wrapper_inst/channel_inst/gtye4_channel_gen.gen_gtye4_channel_inst[1].GTYE4_CHANNEL_PRIM_INST/TXOUTCLK }

Check Type  Corner  Lib Pin    Reference Pin  Required(ns)  Actual(ns)  Slack(ns)  Location       Pin
Min Period  n/a     BUFG_GT/I  n/a            1.290         2.000       0.710      BUFG_GT_X0Y17  bd_ab_i/bd_xdma/inst/pcie4_ip_i/inst/bd_ab_bd_xdma_0_pcie4_ip_gt_top_i/diablo_gt.diablo_gt_phy_wrapper/gt_wizard.gtwizard_top_i/bd_ab_bd_xdma_0_pcie4_ip_gt_i/inst/gen_gtwizard_gtye4_top.bd_ab_bd_xdma_0_pcie4_ip_gt_gtwizard_gtye4_inst/gen_gtwizard_gtye4.gen_cpll_cal_gtye4.gen_cpll_cal_inst[1].gen_inst_cpll_cal.gtwizard_ultrascale_v1_7_20_gtye4_cpll_cal_inst/gtwizard_ultrascale_v1_7_20_gtye4_cpll_cal_tx_i/bufg_gt_txoutclkmon_inst/I



---------------------------------------------------------------------------------------------------
From Clock:  GTYE4_CHANNEL_TXOUTCLK[2]
  To Clock:  GTYE4_CHANNEL_TXOUTCLK[2]

Setup :           NA  Failing Endpoints,  Worst Slack           NA  ,  Total Violation           NA
Hold  :           NA  Failing Endpoints,  Worst Slack           NA  ,  Total Violation           NA
PW    :            0  Failing Endpoints,  Worst Slack        0.710ns,  Total Violation        0.000ns
---------------------------------------------------------------------------------------------------


Pulse Width Checks
--------------------------------------------------------------------------------------
Clock Name:         GTYE4_CHANNEL_TXOUTCLK[2]
Waveform(ns):       { 0.000 1.000 }
Period(ns):         2.000
Sources:            { bd_ab_i/bd_xdma/inst/pcie4_ip_i/inst/bd_ab_bd_xdma_0_pcie4_ip_gt_top_i/diablo_gt.diablo_gt_phy_wrapper/gt_wizard.gtwizard_top_i/bd_ab_bd_xdma_0_pcie4_ip_gt_i/inst/gen_gtwizard_gtye4_top.bd_ab_bd_xdma_0_pcie4_ip_gt_gtwizard_gtye4_inst/gen_gtwizard_gtye4.gen_channel_container[0].gen_enabled_channel.gtye4_channel_wrapper_inst/channel_inst/gtye4_channel_gen.gen_gtye4_channel_inst[2].GTYE4_CHANNEL_PRIM_INST/TXOUTCLK }

Check Type  Corner  Lib Pin    Reference Pin  Required(ns)  Actual(ns)  Slack(ns)  Location       Pin
Min Period  n/a     BUFG_GT/I  n/a            1.290         2.000       0.710      BUFG_GT_X0Y23  bd_ab_i/bd_xdma/inst/pcie4_ip_i/inst/bd_ab_bd_xdma_0_pcie4_ip_gt_top_i/diablo_gt.diablo_gt_phy_wrapper/gt_wizard.gtwizard_top_i/bd_ab_bd_xdma_0_pcie4_ip_gt_i/inst/gen_gtwizard_gtye4_top.bd_ab_bd_xdma_0_pcie4_ip_gt_gtwizard_gtye4_inst/gen_gtwizard_gtye4.gen_cpll_cal_gtye4.gen_cpll_cal_inst[2].gen_inst_cpll_cal.gtwizard_ultrascale_v1_7_20_gtye4_cpll_cal_inst/gtwizard_ultrascale_v1_7_20_gtye4_cpll_cal_tx_i/bufg_gt_txoutclkmon_inst/I



---------------------------------------------------------------------------------------------------
From Clock:  GTYE4_CHANNEL_TXOUTCLK[3]
  To Clock:  GTYE4_CHANNEL_TXOUTCLK[3]

Setup :           NA  Failing Endpoints,  Worst Slack           NA  ,  Total Violation           NA
Hold  :           NA  Failing Endpoints,  Worst Slack           NA  ,  Total Violation           NA
PW    :            0  Failing Endpoints,  Worst Slack        0.710ns,  Total Violation        0.000ns
---------------------------------------------------------------------------------------------------


Pulse Width Checks
--------------------------------------------------------------------------------------
Clock Name:         GTYE4_CHANNEL_TXOUTCLK[3]
Waveform(ns):       { 0.000 1.000 }
Period(ns):         2.000
Sources:            { bd_ab_i/bd_xdma/inst/pcie4_ip_i/inst/bd_ab_bd_xdma_0_pcie4_ip_gt_top_i/diablo_gt.diablo_gt_phy_wrapper/gt_wizard.gtwizard_top_i/bd_ab_bd_xdma_0_pcie4_ip_gt_i/inst/gen_gtwizard_gtye4_top.bd_ab_bd_xdma_0_pcie4_ip_gt_gtwizard_gtye4_inst/gen_gtwizard_gtye4.gen_channel_container[0].gen_enabled_channel.gtye4_channel_wrapper_inst/channel_inst/gtye4_channel_gen.gen_gtye4_channel_inst[3].GTYE4_CHANNEL_PRIM_INST/TXOUTCLK }

Check Type  Corner  Lib Pin    Reference Pin  Required(ns)  Actual(ns)  Slack(ns)  Location      Pin
Min Period  n/a     BUFG_GT/I  n/a            1.290         2.000       0.710      BUFG_GT_X0Y4  bd_ab_i/bd_xdma/inst/pcie4_ip_i/inst/bd_ab_bd_xdma_0_pcie4_ip_gt_top_i/diablo_gt.diablo_gt_phy_wrapper/gt_wizard.gtwizard_top_i/bd_ab_bd_xdma_0_pcie4_ip_gt_i/inst/gen_gtwizard_gtye4_top.bd_ab_bd_xdma_0_pcie4_ip_gt_gtwizard_gtye4_inst/gen_gtwizard_gtye4.gen_cpll_cal_gtye4.gen_cpll_cal_inst[3].gen_inst_cpll_cal.gtwizard_ultrascale_v1_7_20_gtye4_cpll_cal_inst/gtwizard_ultrascale_v1_7_20_gtye4_cpll_cal_tx_i/bufg_gt_txoutclkmon_inst/I



---------------------------------------------------------------------------------------------------
From Clock:  GTYE4_CHANNEL_TXOUTCLK[0]_1
  To Clock:  GTYE4_CHANNEL_TXOUTCLK[0]_1

Setup :           NA  Failing Endpoints,  Worst Slack           NA  ,  Total Violation           NA
Hold  :           NA  Failing Endpoints,  Worst Slack           NA  ,  Total Violation           NA
PW    :            0  Failing Endpoints,  Worst Slack        0.710ns,  Total Violation        0.000ns
---------------------------------------------------------------------------------------------------


Pulse Width Checks
--------------------------------------------------------------------------------------
Clock Name:         GTYE4_CHANNEL_TXOUTCLK[0]_1
Waveform(ns):       { 0.000 1.000 }
Period(ns):         2.000
Sources:            { bd_ab_i/bd_xdma/inst/pcie4_ip_i/inst/bd_ab_bd_xdma_0_pcie4_ip_gt_top_i/diablo_gt.diablo_gt_phy_wrapper/gt_wizard.gtwizard_top_i/bd_ab_bd_xdma_0_pcie4_ip_gt_i/inst/gen_gtwizard_gtye4_top.bd_ab_bd_xdma_0_pcie4_ip_gt_gtwizard_gtye4_inst/gen_gtwizard_gtye4.gen_channel_container[1].gen_enabled_channel.gtye4_channel_wrapper_inst/channel_inst/gtye4_channel_gen.gen_gtye4_channel_inst[0].GTYE4_CHANNEL_PRIM_INST/TXOUTCLK }

Check Type  Corner  Lib Pin    Reference Pin  Required(ns)  Actual(ns)  Slack(ns)  Location       Pin
Min Period  n/a     BUFG_GT/I  n/a            1.290         2.000       0.710      BUFG_GT_X0Y36  bd_ab_i/bd_xdma/inst/pcie4_ip_i/inst/bd_ab_bd_xdma_0_pcie4_ip_gt_top_i/diablo_gt.diablo_gt_phy_wrapper/gt_wizard.gtwizard_top_i/bd_ab_bd_xdma_0_pcie4_ip_gt_i/inst/gen_gtwizard_gtye4_top.bd_ab_bd_xdma_0_pcie4_ip_gt_gtwizard_gtye4_inst/gen_gtwizard_gtye4.gen_cpll_cal_gtye4.gen_cpll_cal_inst[4].gen_inst_cpll_cal.gtwizard_ultrascale_v1_7_20_gtye4_cpll_cal_inst/gtwizard_ultrascale_v1_7_20_gtye4_cpll_cal_tx_i/bufg_gt_txoutclkmon_inst/I



---------------------------------------------------------------------------------------------------
From Clock:  GTYE4_CHANNEL_TXOUTCLK[1]_1
  To Clock:  GTYE4_CHANNEL_TXOUTCLK[1]_1

Setup :           NA  Failing Endpoints,  Worst Slack           NA  ,  Total Violation           NA
Hold  :           NA  Failing Endpoints,  Worst Slack           NA  ,  Total Violation           NA
PW    :            0  Failing Endpoints,  Worst Slack        0.710ns,  Total Violation        0.000ns
---------------------------------------------------------------------------------------------------


Pulse Width Checks
--------------------------------------------------------------------------------------
Clock Name:         GTYE4_CHANNEL_TXOUTCLK[1]_1
Waveform(ns):       { 0.000 1.000 }
Period(ns):         2.000
Sources:            { bd_ab_i/bd_xdma/inst/pcie4_ip_i/inst/bd_ab_bd_xdma_0_pcie4_ip_gt_top_i/diablo_gt.diablo_gt_phy_wrapper/gt_wizard.gtwizard_top_i/bd_ab_bd_xdma_0_pcie4_ip_gt_i/inst/gen_gtwizard_gtye4_top.bd_ab_bd_xdma_0_pcie4_ip_gt_gtwizard_gtye4_inst/gen_gtwizard_gtye4.gen_channel_container[1].gen_enabled_channel.gtye4_channel_wrapper_inst/channel_inst/gtye4_channel_gen.gen_gtye4_channel_inst[1].GTYE4_CHANNEL_PRIM_INST/TXOUTCLK }

Check Type  Corner  Lib Pin    Reference Pin  Required(ns)  Actual(ns)  Slack(ns)  Location       Pin
Min Period  n/a     BUFG_GT/I  n/a            1.290         2.000       0.710      BUFG_GT_X0Y46  bd_ab_i/bd_xdma/inst/pcie4_ip_i/inst/bd_ab_bd_xdma_0_pcie4_ip_gt_top_i/diablo_gt.diablo_gt_phy_wrapper/gt_wizard.gtwizard_top_i/bd_ab_bd_xdma_0_pcie4_ip_gt_i/inst/gen_gtwizard_gtye4_top.bd_ab_bd_xdma_0_pcie4_ip_gt_gtwizard_gtye4_inst/gen_gtwizard_gtye4.gen_cpll_cal_gtye4.gen_cpll_cal_inst[5].gen_inst_cpll_cal.gtwizard_ultrascale_v1_7_20_gtye4_cpll_cal_inst/gtwizard_ultrascale_v1_7_20_gtye4_cpll_cal_tx_i/bufg_gt_txoutclkmon_inst/I



---------------------------------------------------------------------------------------------------
From Clock:  GTYE4_CHANNEL_TXOUTCLK[2]_1
  To Clock:  GTYE4_CHANNEL_TXOUTCLK[2]_1

Setup :           NA  Failing Endpoints,  Worst Slack           NA  ,  Total Violation           NA
Hold  :           NA  Failing Endpoints,  Worst Slack           NA  ,  Total Violation           NA
PW    :            0  Failing Endpoints,  Worst Slack        0.710ns,  Total Violation        0.000ns
---------------------------------------------------------------------------------------------------


Pulse Width Checks
--------------------------------------------------------------------------------------
Clock Name:         GTYE4_CHANNEL_TXOUTCLK[2]_1
Waveform(ns):       { 0.000 1.000 }
Period(ns):         2.000
Sources:            { bd_ab_i/bd_xdma/inst/pcie4_ip_i/inst/bd_ab_bd_xdma_0_pcie4_ip_gt_top_i/diablo_gt.diablo_gt_phy_wrapper/gt_wizard.gtwizard_top_i/bd_ab_bd_xdma_0_pcie4_ip_gt_i/inst/gen_gtwizard_gtye4_top.bd_ab_bd_xdma_0_pcie4_ip_gt_gtwizard_gtye4_inst/gen_gtwizard_gtye4.gen_channel_container[1].gen_enabled_channel.gtye4_channel_wrapper_inst/channel_inst/gtye4_channel_gen.gen_gtye4_channel_inst[2].GTYE4_CHANNEL_PRIM_INST/TXOUTCLK }

Check Type  Corner  Lib Pin    Reference Pin  Required(ns)  Actual(ns)  Slack(ns)  Location       Pin
Min Period  n/a     BUFG_GT/I  n/a            1.290         2.000       0.710      BUFG_GT_X0Y45  bd_ab_i/bd_xdma/inst/pcie4_ip_i/inst/bd_ab_bd_xdma_0_pcie4_ip_gt_top_i/diablo_gt.diablo_gt_phy_wrapper/gt_wizard.gtwizard_top_i/bd_ab_bd_xdma_0_pcie4_ip_gt_i/inst/gen_gtwizard_gtye4_top.bd_ab_bd_xdma_0_pcie4_ip_gt_gtwizard_gtye4_inst/gen_gtwizard_gtye4.gen_cpll_cal_gtye4.gen_cpll_cal_inst[6].gen_inst_cpll_cal.gtwizard_ultrascale_v1_7_20_gtye4_cpll_cal_inst/gtwizard_ultrascale_v1_7_20_gtye4_cpll_cal_tx_i/bufg_gt_txoutclkmon_inst/I



---------------------------------------------------------------------------------------------------
From Clock:  GTYE4_CHANNEL_TXOUTCLK[3]_1
  To Clock:  GTYE4_CHANNEL_TXOUTCLK[3]_1

Setup :            0  Failing Endpoints,  Worst Slack        0.424ns,  Total Violation        0.000ns
Hold  :            0  Failing Endpoints,  Worst Slack        0.011ns,  Total Violation        0.000ns
PW    :            0  Failing Endpoints,  Worst Slack        0.000ns,  Total Violation        0.000ns
---------------------------------------------------------------------------------------------------


Max Delay Paths
--------------------------------------------------------------------------------------
Slack (MET) :             0.424ns  (required time - arrival time)
  Source:                 bd_ab_i/bd_xdma/inst/pcie4_ip_i/inst/bd_ab_bd_xdma_0_pcie4_ip_pcie_4_0_pipe_inst/pcie_4_0_bram_inst/bram_repl_inst/FRMRAMPIPELINE.reg_rdata_reg[163]/C
                            (rising edge-triggered cell FDRE clocked by GTYE4_CHANNEL_TXOUTCLK[3]_1  {rise@0.000ns fall@1.000ns period=2.000ns})
  Destination:            bd_ab_i/bd_xdma/inst/pcie4_ip_i/inst/bd_ab_bd_xdma_0_pcie4_ip_pcie_4_0_pipe_inst/pcie_4_0_e4_inst/MIREPLAYRAMREADDATA1[35]
                            (rising edge-triggered cell PCIE40E4 clocked by GTYE4_CHANNEL_TXOUTCLK[3]_1  {rise@0.000ns fall@1.000ns period=2.000ns})
  Path Group:             GTYE4_CHANNEL_TXOUTCLK[3]_1
  Path Type:              Setup (Max at Slow Process Corner)
  Requirement:            2.000ns  (GTYE4_CHANNEL_TXOUTCLK[3]_1 rise@2.000ns - GTYE4_CHANNEL_TXOUTCLK[3]_1 rise@0.000ns)
  Data Path Delay:        1.413ns  (logic 0.081ns (5.732%)  route 1.332ns (94.268%))
  Logic Levels:           0  
  Clock Path Skew:        -0.165ns (DCD - SCD + CPR)
    Destination Clock Delay (DCD):    1.742ns = ( 3.742 - 2.000 ) 
    Source Clock Delay      (SCD):    2.050ns
    Clock Pessimism Removal (CPR):    0.144ns
  Clock Uncertainty:      0.046ns  ((TSJ^2 + DJ^2)^1/2) / 2 + PE
    Total System Jitter     (TSJ):    0.071ns
    Discrete Jitter          (DJ):    0.060ns
    Phase Error              (PE):    0.000ns
  Clock Net Delay (Source):      1.835ns (routing 0.850ns, distribution 0.985ns)
  Clock Net Delay (Destination): 1.550ns (routing 0.771ns, distribution 0.779ns)

    Location             Delay type                Incr(ns)  Path(ns)    Netlist Resource(s)
  -------------------------------------------------------------------    -------------------
                         (clock GTYE4_CHANNEL_TXOUTCLK[3]_1 rise edge)
                                                      0.000     0.000 r  
    GTYE4_CHANNEL_X0Y7   GTYE4_CHANNEL                0.000     0.000 r  bd_ab_i/bd_xdma/inst/pcie4_ip_i/inst/bd_ab_bd_xdma_0_pcie4_ip_gt_top_i/diablo_gt.diablo_gt_phy_wrapper/gt_wizard.gtwizard_top_i/bd_ab_bd_xdma_0_pcie4_ip_gt_i/inst/gen_gtwizard_gtye4_top.bd_ab_bd_xdma_0_pcie4_ip_gt_gtwizard_gtye4_inst/gen_gtwizard_gtye4.gen_channel_container[1].gen_enabled_channel.gtye4_channel_wrapper_inst/channel_inst/gtye4_channel_gen.gen_gtye4_channel_inst[3].GTYE4_CHANNEL_PRIM_INST/TXOUTCLK
                         net (fo=7, routed)           0.085     0.085    bd_ab_i/bd_xdma/inst/pcie4_ip_i/inst/bd_ab_bd_xdma_0_pcie4_ip_gt_top_i/diablo_gt.diablo_gt_phy_wrapper/phy_clk_i/GT_TXOUTCLK[0]
    BUFG_GT_X0Y43        BUFG_GT (Prop_BUFG_GT_I_O)
                                                      0.130     0.215 r  bd_ab_i/bd_xdma/inst/pcie4_ip_i/inst/bd_ab_bd_xdma_0_pcie4_ip_gt_top_i/diablo_gt.diablo_gt_phy_wrapper/phy_clk_i/bufg_gt_coreclk/O
    X2Y0 (CLOCK_ROOT)    net (fo=1960, routed)        1.835     2.050    bd_ab_i/bd_xdma/inst/pcie4_ip_i/inst/bd_ab_bd_xdma_0_pcie4_ip_pcie_4_0_pipe_inst/pcie_4_0_bram_inst/bram_repl_inst/CLK
    SLICE_X102Y9         FDRE                                         r  bd_ab_i/bd_xdma/inst/pcie4_ip_i/inst/bd_ab_bd_xdma_0_pcie4_ip_pcie_4_0_pipe_inst/pcie_4_0_bram_inst/bram_repl_inst/FRMRAMPIPELINE.reg_rdata_reg[163]/C
  -------------------------------------------------------------------    -------------------
    SLICE_X102Y9         FDRE (Prop_AFF2_SLICEL_C_Q)
                                                      0.081     2.131 r  bd_ab_i/bd_xdma/inst/pcie4_ip_i/inst/bd_ab_bd_xdma_0_pcie4_ip_pcie_4_0_pipe_inst/pcie_4_0_bram_inst/bram_repl_inst/FRMRAMPIPELINE.reg_rdata_reg[163]/Q
                         net (fo=1, routed)           1.332     3.463    bd_ab_i/bd_xdma/inst/pcie4_ip_i/inst/bd_ab_bd_xdma_0_pcie4_ip_pcie_4_0_pipe_inst/mi_replay_ram_read_data1[35]
    PCIE40E4_X0Y0        PCIE40E4                                     r  bd_ab_i/bd_xdma/inst/pcie4_ip_i/inst/bd_ab_bd_xdma_0_pcie4_ip_pcie_4_0_pipe_inst/pcie_4_0_e4_inst/MIREPLAYRAMREADDATA1[35]
  -------------------------------------------------------------------    -------------------

                         (clock GTYE4_CHANNEL_TXOUTCLK[3]_1 rise edge)
                                                      2.000     2.000 r  
    GTYE4_CHANNEL_X0Y7   GTYE4_CHANNEL                0.000     2.000 r  bd_ab_i/bd_xdma/inst/pcie4_ip_i/inst/bd_ab_bd_xdma_0_pcie4_ip_gt_top_i/diablo_gt.diablo_gt_phy_wrapper/gt_wizard.gtwizard_top_i/bd_ab_bd_xdma_0_pcie4_ip_gt_i/inst/gen_gtwizard_gtye4_top.bd_ab_bd_xdma_0_pcie4_ip_gt_gtwizard_gtye4_inst/gen_gtwizard_gtye4.gen_channel_container[1].gen_enabled_channel.gtye4_channel_wrapper_inst/channel_inst/gtye4_channel_gen.gen_gtye4_channel_inst[3].GTYE4_CHANNEL_PRIM_INST/TXOUTCLK
                         net (fo=7, routed)           0.078     2.078    bd_ab_i/bd_xdma/inst/pcie4_ip_i/inst/bd_ab_bd_xdma_0_pcie4_ip_gt_top_i/diablo_gt.diablo_gt_phy_wrapper/phy_clk_i/GT_TXOUTCLK[0]
    BUFG_GT_X0Y43        BUFG_GT (Prop_BUFG_GT_I_O)
                                                      0.114     2.192 r  bd_ab_i/bd_xdma/inst/pcie4_ip_i/inst/bd_ab_bd_xdma_0_pcie4_ip_gt_top_i/diablo_gt.diablo_gt_phy_wrapper/phy_clk_i/bufg_gt_coreclk/O
    X2Y0 (CLOCK_ROOT)    net (fo=1960, routed)        1.550     3.742    bd_ab_i/bd_xdma/inst/pcie4_ip_i/inst/bd_ab_bd_xdma_0_pcie4_ip_pcie_4_0_pipe_inst/CLK
    PCIE40E4_X0Y0        PCIE40E4                                     r  bd_ab_i/bd_xdma/inst/pcie4_ip_i/inst/bd_ab_bd_xdma_0_pcie4_ip_pcie_4_0_pipe_inst/pcie_4_0_e4_inst/CORECLK
                         clock pessimism              0.144     3.886    
                         clock uncertainty           -0.046     3.839    
    PCIE40E4_X0Y0        PCIE40E4 (Setup_PCIE40E4_CORECLK_MIREPLAYRAMREADDATA1[35])
                                                      0.048     3.887    bd_ab_i/bd_xdma/inst/pcie4_ip_i/inst/bd_ab_bd_xdma_0_pcie4_ip_pcie_4_0_pipe_inst/pcie_4_0_e4_inst
  -------------------------------------------------------------------
                         required time                          3.887    
                         arrival time                          -3.463    
  -------------------------------------------------------------------
                         slack                                  0.424    





Min Delay Paths
--------------------------------------------------------------------------------------
Slack (MET) :             0.011ns  (arrival time - required time)
  Source:                 bd_ab_i/bd_xdma/inst/pcie4_ip_i/inst/bd_ab_bd_xdma_0_pcie4_ip_pcie_4_0_pipe_inst/pcie_4_0_bram_inst/bram_post_inst/TOWRPIPELINE.wdata1_reg[30]/C
                            (rising edge-triggered cell FDRE clocked by GTYE4_CHANNEL_TXOUTCLK[3]_1  {rise@0.000ns fall@1.000ns period=2.000ns})
  Destination:            bd_ab_i/bd_xdma/inst/pcie4_ip_i/inst/bd_ab_bd_xdma_0_pcie4_ip_pcie_4_0_pipe_inst/pcie_4_0_bram_inst/bram_post_inst/bram_16k_int/ECC_RAM.RAMB36E2[3].ramb36e2_inst/DINADIN[30]
                            (rising edge-triggered cell RAMB36E2 clocked by GTYE4_CHANNEL_TXOUTCLK[3]_1  {rise@0.000ns fall@1.000ns period=2.000ns})
  Path Group:             GTYE4_CHANNEL_TXOUTCLK[3]_1
  Path Type:              Hold (Min at Slow Process Corner)
  Requirement:            0.000ns  (GTYE4_CHANNEL_TXOUTCLK[3]_1 rise@0.000ns - GTYE4_CHANNEL_TXOUTCLK[3]_1 rise@0.000ns)
  Data Path Delay:        0.190ns  (logic 0.059ns (31.053%)  route 0.131ns (68.947%))
  Logic Levels:           0  
  Clock Path Skew:        0.207ns (DCD - SCD - CPR)
    Destination Clock Delay (DCD):    2.196ns
    Source Clock Delay      (SCD):    1.838ns
    Clock Pessimism Removal (CPR):    0.151ns
  Clock Net Delay (Source):      1.646ns (routing 0.771ns, distribution 0.875ns)
  Clock Net Delay (Destination): 1.981ns (routing 0.850ns, distribution 1.131ns)

    Location             Delay type                Incr(ns)  Path(ns)    Netlist Resource(s)
  -------------------------------------------------------------------    -------------------
                         (clock GTYE4_CHANNEL_TXOUTCLK[3]_1 rise edge)
                                                      0.000     0.000 r  
    GTYE4_CHANNEL_X0Y7   GTYE4_CHANNEL                0.000     0.000 r  bd_ab_i/bd_xdma/inst/pcie4_ip_i/inst/bd_ab_bd_xdma_0_pcie4_ip_gt_top_i/diablo_gt.diablo_gt_phy_wrapper/gt_wizard.gtwizard_top_i/bd_ab_bd_xdma_0_pcie4_ip_gt_i/inst/gen_gtwizard_gtye4_top.bd_ab_bd_xdma_0_pcie4_ip_gt_gtwizard_gtye4_inst/gen_gtwizard_gtye4.gen_channel_container[1].gen_enabled_channel.gtye4_channel_wrapper_inst/channel_inst/gtye4_channel_gen.gen_gtye4_channel_inst[3].GTYE4_CHANNEL_PRIM_INST/TXOUTCLK
                         net (fo=7, routed)           0.078     0.078    bd_ab_i/bd_xdma/inst/pcie4_ip_i/inst/bd_ab_bd_xdma_0_pcie4_ip_gt_top_i/diablo_gt.diablo_gt_phy_wrapper/phy_clk_i/GT_TXOUTCLK[0]
    BUFG_GT_X0Y43        BUFG_GT (Prop_BUFG_GT_I_O)
                                                      0.114     0.192 r  bd_ab_i/bd_xdma/inst/pcie4_ip_i/inst/bd_ab_bd_xdma_0_pcie4_ip_gt_top_i/diablo_gt.diablo_gt_phy_wrapper/phy_clk_i/bufg_gt_coreclk/O
    X2Y0 (CLOCK_ROOT)    net (fo=1960, routed)        1.646     1.838    bd_ab_i/bd_xdma/inst/pcie4_ip_i/inst/bd_ab_bd_xdma_0_pcie4_ip_pcie_4_0_pipe_inst/pcie_4_0_bram_inst/bram_post_inst/CLK
    SLICE_X101Y64        FDRE                                         r  bd_ab_i/bd_xdma/inst/pcie4_ip_i/inst/bd_ab_bd_xdma_0_pcie4_ip_pcie_4_0_pipe_inst/pcie_4_0_bram_inst/bram_post_inst/TOWRPIPELINE.wdata1_reg[30]/C
  -------------------------------------------------------------------    -------------------
    SLICE_X101Y64        FDRE (Prop_CFF2_SLICEM_C_Q)
                                                      0.059     1.897 r  bd_ab_i/bd_xdma/inst/pcie4_ip_i/inst/bd_ab_bd_xdma_0_pcie4_ip_pcie_4_0_pipe_inst/pcie_4_0_bram_inst/bram_post_inst/TOWRPIPELINE.wdata1_reg[30]/Q
                         net (fo=1, routed)           0.131     2.028    bd_ab_i/bd_xdma/inst/pcie4_ip_i/inst/bd_ab_bd_xdma_0_pcie4_ip_pcie_4_0_pipe_inst/pcie_4_0_bram_inst/bram_post_inst/bram_16k_int/ECC_RAM.RAMB36E2[5].ramb36e2_inst_2[30]
    RAMB36_X8Y13         RAMB36E2                                     r  bd_ab_i/bd_xdma/inst/pcie4_ip_i/inst/bd_ab_bd_xdma_0_pcie4_ip_pcie_4_0_pipe_inst/pcie_4_0_bram_inst/bram_post_inst/bram_16k_int/ECC_RAM.RAMB36E2[3].ramb36e2_inst/DINADIN[30]
  -------------------------------------------------------------------    -------------------

                         (clock GTYE4_CHANNEL_TXOUTCLK[3]_1 rise edge)
                                                      0.000     0.000 r  
    GTYE4_CHANNEL_X0Y7   GTYE4_CHANNEL                0.000     0.000 r  bd_ab_i/bd_xdma/inst/pcie4_ip_i/inst/bd_ab_bd_xdma_0_pcie4_ip_gt_top_i/diablo_gt.diablo_gt_phy_wrapper/gt_wizard.gtwizard_top_i/bd_ab_bd_xdma_0_pcie4_ip_gt_i/inst/gen_gtwizard_gtye4_top.bd_ab_bd_xdma_0_pcie4_ip_gt_gtwizard_gtye4_inst/gen_gtwizard_gtye4.gen_channel_container[1].gen_enabled_channel.gtye4_channel_wrapper_inst/channel_inst/gtye4_channel_gen.gen_gtye4_channel_inst[3].GTYE4_CHANNEL_PRIM_INST/TXOUTCLK
                         net (fo=7, routed)           0.085     0.085    bd_ab_i/bd_xdma/inst/pcie4_ip_i/inst/bd_ab_bd_xdma_0_pcie4_ip_gt_top_i/diablo_gt.diablo_gt_phy_wrapper/phy_clk_i/GT_TXOUTCLK[0]
    BUFG_GT_X0Y43        BUFG_GT (Prop_BUFG_GT_I_O)
                                                      0.130     0.215 r  bd_ab_i/bd_xdma/inst/pcie4_ip_i/inst/bd_ab_bd_xdma_0_pcie4_ip_gt_top_i/diablo_gt.diablo_gt_phy_wrapper/phy_clk_i/bufg_gt_coreclk/O
    X2Y0 (CLOCK_ROOT)    net (fo=1960, routed)        1.981     2.196    bd_ab_i/bd_xdma/inst/pcie4_ip_i/inst/bd_ab_bd_xdma_0_pcie4_ip_pcie_4_0_pipe_inst/pcie_4_0_bram_inst/bram_post_inst/bram_16k_int/CLK
    RAMB36_X8Y13         RAMB36E2                                     r  bd_ab_i/bd_xdma/inst/pcie4_ip_i/inst/bd_ab_bd_xdma_0_pcie4_ip_pcie_4_0_pipe_inst/pcie_4_0_bram_inst/bram_post_inst/bram_16k_int/ECC_RAM.RAMB36E2[3].ramb36e2_inst/CLKBWRCLK
                         clock pessimism             -0.151     2.045    
    RAMB36_X8Y13         RAMB36E2 (Hold_RAMB36E2_RAMB36_CLKBWRCLK_DINADIN[30])
                                                     -0.028     2.017    bd_ab_i/bd_xdma/inst/pcie4_ip_i/inst/bd_ab_bd_xdma_0_pcie4_ip_pcie_4_0_pipe_inst/pcie_4_0_bram_inst/bram_post_inst/bram_16k_int/ECC_RAM.RAMB36E2[3].ramb36e2_inst
  -------------------------------------------------------------------
                         required time                         -2.017    
                         arrival time                           2.028    
  -------------------------------------------------------------------
                         slack                                  0.011    





Pulse Width Checks
--------------------------------------------------------------------------------------
Clock Name:         GTYE4_CHANNEL_TXOUTCLK[3]_1
Waveform(ns):       { 0.000 1.000 }
Period(ns):         2.000
Sources:            { bd_ab_i/bd_xdma/inst/pcie4_ip_i/inst/bd_ab_bd_xdma_0_pcie4_ip_gt_top_i/diablo_gt.diablo_gt_phy_wrapper/gt_wizard.gtwizard_top_i/bd_ab_bd_xdma_0_pcie4_ip_gt_i/inst/gen_gtwizard_gtye4_top.bd_ab_bd_xdma_0_pcie4_ip_gt_gtwizard_gtye4_inst/gen_gtwizard_gtye4.gen_channel_container[1].gen_enabled_channel.gtye4_channel_wrapper_inst/channel_inst/gtye4_channel_gen.gen_gtye4_channel_inst[3].GTYE4_CHANNEL_PRIM_INST/TXOUTCLK }

Check Type        Corner  Lib Pin             Reference Pin     Required(ns)  Actual(ns)  Slack(ns)  Location       Pin
Min Period        n/a     PCIE40E4/CORECLK    n/a               2.000         2.000       0.000      PCIE40E4_X0Y0  bd_ab_i/bd_xdma/inst/pcie4_ip_i/inst/bd_ab_bd_xdma_0_pcie4_ip_pcie_4_0_pipe_inst/pcie_4_0_e4_inst/CORECLK
Low Pulse Width   Slow    RAMB36E2/CLKARDCLK  n/a               0.542         1.000       0.458      RAMB36_X9Y4    bd_ab_i/bd_xdma/inst/pcie4_ip_i/inst/bd_ab_bd_xdma_0_pcie4_ip_pcie_4_0_pipe_inst/pcie_4_0_bram_inst/RAM32K.bram_comp_inst/bram_16k_0_int/ECC_RAM.RAMB36E2[0].ramb36e2_inst/CLKARDCLK
High Pulse Width  Slow    RAMB36E2/CLKARDCLK  n/a               0.542         1.000       0.458      RAMB36_X9Y4    bd_ab_i/bd_xdma/inst/pcie4_ip_i/inst/bd_ab_bd_xdma_0_pcie4_ip_pcie_4_0_pipe_inst/pcie_4_0_bram_inst/RAM32K.bram_comp_inst/bram_16k_0_int/ECC_RAM.RAMB36E2[0].ramb36e2_inst/CLKARDCLK
Max Skew          Fast    PCIE40E4/CORECLK    PCIE40E4/PIPECLK  0.357         0.148       0.209      PCIE40E4_X0Y0  bd_ab_i/bd_xdma/inst/pcie4_ip_i/inst/bd_ab_bd_xdma_0_pcie4_ip_pcie_4_0_pipe_inst/pcie_4_0_e4_inst/CORECLK



---------------------------------------------------------------------------------------------------
From Clock:  bd_ab_bd_xdma_0_pcie4_ip_gt_top_i_n_541
  To Clock:  bd_ab_bd_xdma_0_pcie4_ip_gt_top_i_n_541

Setup :           NA  Failing Endpoints,  Worst Slack           NA  ,  Total Violation           NA
Hold  :           NA  Failing Endpoints,  Worst Slack           NA  ,  Total Violation           NA
PW    :            0  Failing Endpoints,  Worst Slack        0.000ns,  Total Violation        0.000ns
---------------------------------------------------------------------------------------------------


Pulse Width Checks
--------------------------------------------------------------------------------------
Clock Name:         bd_ab_bd_xdma_0_pcie4_ip_gt_top_i_n_541
Waveform(ns):       { 0.000 4.000 }
Period(ns):         8.000
Sources:            { bd_ab_i/bd_xdma/inst/pcie4_ip_i/inst/bd_ab_bd_xdma_0_pcie4_ip_gt_top_i/diablo_gt.diablo_gt_phy_wrapper/phy_clk_i/bufg_gt_mcapclk/O }

Check Type  Corner  Lib Pin           Reference Pin  Required(ns)  Actual(ns)  Slack(ns)  Location       Pin
Min Period  n/a     PCIE40E4/MCAPCLK  n/a            8.000         8.000       0.000      PCIE40E4_X0Y0  bd_ab_i/bd_xdma/inst/pcie4_ip_i/inst/bd_ab_bd_xdma_0_pcie4_ip_pcie_4_0_pipe_inst/pcie_4_0_e4_inst/MCAPCLK



---------------------------------------------------------------------------------------------------
From Clock:  bd_xdma_axi_aclk
  To Clock:  bd_xdma_axi_aclk

Setup :            0  Failing Endpoints,  Worst Slack        0.340ns,  Total Violation        0.000ns
Hold  :            0  Failing Endpoints,  Worst Slack        0.010ns,  Total Violation        0.000ns
PW    :            0  Failing Endpoints,  Worst Slack        1.458ns,  Total Violation        0.000ns
---------------------------------------------------------------------------------------------------


Max Delay Paths
--------------------------------------------------------------------------------------
Slack (MET) :             0.340ns  (required time - arrival time)
  Source:                 bd_ab_i/bd_ab_top/inst/u_axil/rd_addr_reg[2]_rep/C
                            (rising edge-triggered cell FDRE clocked by bd_xdma_axi_aclk  {rise@0.000ns fall@2.000ns period=4.000ns})
  Destination:            bd_ab_i/bd_ab_top/inst/u_ab/u_regs/rd_data_reg[4]/D
                            (rising edge-triggered cell FDRE clocked by bd_xdma_axi_aclk  {rise@0.000ns fall@2.000ns period=4.000ns})
  Path Group:             bd_xdma_axi_aclk
  Path Type:              Setup (Max at Slow Process Corner)
  Requirement:            4.000ns  (bd_xdma_axi_aclk rise@4.000ns - bd_xdma_axi_aclk rise@0.000ns)
  Data Path Delay:        3.604ns  (logic 0.551ns (15.287%)  route 3.053ns (84.713%))
  Logic Levels:           4  (LUT3=1 LUT4=1 LUT6=2)
  Clock Path Skew:        -0.034ns (DCD - SCD + CPR)
    Destination Clock Delay (DCD):    1.811ns = ( 5.811 - 4.000 ) 
    Source Clock Delay      (SCD):    2.049ns
    Clock Pessimism Removal (CPR):    0.205ns
  Clock Uncertainty:      0.046ns  ((TSJ^2 + DJ^2)^1/2) / 2 + PE
    Total System Jitter     (TSJ):    0.071ns
    Discrete Jitter          (DJ):    0.060ns
    Phase Error              (PE):    0.000ns
  Clock Net Delay (Source):      1.834ns (routing 0.849ns, distribution 0.985ns)
  Clock Net Delay (Destination): 1.619ns (routing 0.767ns, distribution 0.852ns)

    Location             Delay type                Incr(ns)  Path(ns)    Netlist Resource(s)
  -------------------------------------------------------------------    -------------------
                         (clock bd_xdma_axi_aclk rise edge)
                                                      0.000     0.000 r  
    GTYE4_CHANNEL_X0Y7   GTYE4_CHANNEL                0.000     0.000 r  bd_ab_i/bd_xdma/inst/pcie4_ip_i/inst/bd_ab_bd_xdma_0_pcie4_ip_gt_top_i/diablo_gt.diablo_gt_phy_wrapper/gt_wizard.gtwizard_top_i/bd_ab_bd_xdma_0_pcie4_ip_gt_i/inst/gen_gtwizard_gtye4_top.bd_ab_bd_xdma_0_pcie4_ip_gt_gtwizard_gtye4_inst/gen_gtwizard_gtye4.gen_channel_container[1].gen_enabled_channel.gtye4_channel_wrapper_inst/channel_inst/gtye4_channel_gen.gen_gtye4_channel_inst[3].GTYE4_CHANNEL_PRIM_INST/TXOUTCLK
                         net (fo=7, routed)           0.085     0.085    bd_ab_i/bd_xdma/inst/pcie4_ip_i/inst/bd_ab_bd_xdma_0_pcie4_ip_gt_top_i/diablo_gt.diablo_gt_phy_wrapper/phy_clk_i/GT_TXOUTCLK[0]
    BUFG_GT_X0Y39        BUFG_GT (Prop_BUFG_GT_I_O)
                                                      0.130     0.215 r  bd_ab_i/bd_xdma/inst/pcie4_ip_i/inst/bd_ab_bd_xdma_0_pcie4_ip_gt_top_i/diablo_gt.diablo_gt_phy_wrapper/phy_clk_i/bufg_gt_userclk/O
    X2Y0 (CLOCK_ROOT)    net (fo=19796, routed)       1.834     2.049    bd_ab_i/bd_ab_top/inst/u_axil/axi_aclk
    SLICE_X97Y75         FDRE                                         r  bd_ab_i/bd_ab_top/inst/u_axil/rd_addr_reg[2]_rep/C
  -------------------------------------------------------------------    -------------------
    SLICE_X97Y75         FDRE (Prop_EFF2_SLICEL_C_Q)
                                                      0.081     2.130 r  bd_ab_i/bd_ab_top/inst/u_axil/rd_addr_reg[2]_rep/Q
                         net (fo=137, routed)         0.810     2.940    bd_ab_i/bd_ab_top/inst/u_axil/rd_addr_reg[2]_rep_0
    SLICE_X97Y83         LUT3 (Prop_B6LUT_SLICEL_I0_O)
                                                      0.051     2.991 r  bd_ab_i/bd_ab_top/inst/u_axil/rd_data[31]_i_27/O
                         net (fo=32, routed)          1.487     4.478    bd_ab_i/bd_ab_top/inst/u_ab/u_regs/rd_data[0]_i_3_0
    SLICE_X83Y90         LUT6 (Prop_C6LUT_SLICEL_I4_O)
                                                      0.123     4.601 r  bd_ab_i/bd_ab_top/inst/u_ab/u_regs/rd_data[4]_i_8/O
                         net (fo=1, routed)           0.236     4.837    bd_ab_i/bd_ab_top/inst/u_ab/u_regs/rd_data[4]_i_8_n_0
    SLICE_X83Y90         LUT6 (Prop_H6LUT_SLICEL_I5_O)
                                                      0.150     4.987 r  bd_ab_i/bd_ab_top/inst/u_ab/u_regs/rd_data[4]_i_3/O
                         net (fo=1, routed)           0.471     5.458    bd_ab_i/bd_ab_top/inst/u_axil/cfg[0]_80[4]
    SLICE_X97Y78         LUT4 (Prop_C6LUT_SLICEL_I2_O)
                                                      0.146     5.604 r  bd_ab_i/bd_ab_top/inst/u_axil/rd_data[4]_i_1/O
                         net (fo=1, routed)           0.050     5.654    bd_ab_i/bd_ab_top/inst/u_ab/u_regs/rd_data_reg[4]_0
    SLICE_X97Y78         FDRE                                         r  bd_ab_i/bd_ab_top/inst/u_ab/u_regs/rd_data_reg[4]/D
  -------------------------------------------------------------------    -------------------

                         (clock bd_xdma_axi_aclk rise edge)
                                                      4.000     4.000 r  
    GTYE4_CHANNEL_X0Y7   GTYE4_CHANNEL                0.000     4.000 r  bd_ab_i/bd_xdma/inst/pcie4_ip_i/inst/bd_ab_bd_xdma_0_pcie4_ip_gt_top_i/diablo_gt.diablo_gt_phy_wrapper/gt_wizard.gtwizard_top_i/bd_ab_bd_xdma_0_pcie4_ip_gt_i/inst/gen_gtwizard_gtye4_top.bd_ab_bd_xdma_0_pcie4_ip_gt_gtwizard_gtye4_inst/gen_gtwizard_gtye4.gen_channel_container[1].gen_enabled_channel.gtye4_channel_wrapper_inst/channel_inst/gtye4_channel_gen.gen_gtye4_channel_inst[3].GTYE4_CHANNEL_PRIM_INST/TXOUTCLK
                         net (fo=7, routed)           0.078     4.078    bd_ab_i/bd_xdma/inst/pcie4_ip_i/inst/bd_ab_bd_xdma_0_pcie4_ip_gt_top_i/diablo_gt.diablo_gt_phy_wrapper/phy_clk_i/GT_TXOUTCLK[0]
    BUFG_GT_X0Y39        BUFG_GT (Prop_BUFG_GT_I_O)
                                                      0.114     4.192 r  bd_ab_i/bd_xdma/inst/pcie4_ip_i/inst/bd_ab_bd_xdma_0_pcie4_ip_gt_top_i/diablo_gt.diablo_gt_phy_wrapper/phy_clk_i/bufg_gt_userclk/O
    X2Y0 (CLOCK_ROOT)    net (fo=19796, routed)       1.619     5.811    bd_ab_i/bd_ab_top/inst/u_ab/u_regs/axi_aclk
    SLICE_X97Y78         FDRE                                         r  bd_ab_i/bd_ab_top/inst/u_ab/u_regs/rd_data_reg[4]/C
                         clock pessimism              0.205     6.015    
                         clock uncertainty           -0.046     5.969    
    SLICE_X97Y78         FDRE (Setup_CFF_SLICEL_C_D)
                                                      0.025     5.994    bd_ab_i/bd_ab_top/inst/u_ab/u_regs/rd_data_reg[4]
  -------------------------------------------------------------------
                         required time                          5.994    
                         arrival time                          -5.654    
  -------------------------------------------------------------------
                         slack                                  0.340    





Min Delay Paths
--------------------------------------------------------------------------------------
Slack (MET) :             0.010ns  (arrival time - required time)
  Source:                 <hidden>
                            (rising edge-triggered cell FDRE clocked by bd_xdma_axi_aclk  {rise@0.000ns fall@2.000ns period=4.000ns})
  Destination:            <hidden>
                            (rising edge-triggered cell RAMB36E2 clocked by bd_xdma_axi_aclk  {rise@0.000ns fall@2.000ns period=4.000ns})
  Path Group:             bd_xdma_axi_aclk
  Path Type:              Hold (Min at Slow Process Corner)
  Requirement:            0.000ns  (bd_xdma_axi_aclk rise@0.000ns - bd_xdma_axi_aclk rise@0.000ns)
  Data Path Delay:        0.144ns  (logic 0.060ns (41.667%)  route 0.084ns (58.333%))
  Logic Levels:           0  
  Clock Path Skew:        0.162ns (DCD - SCD - CPR)
    Destination Clock Delay (DCD):    2.061ns
    Source Clock Delay      (SCD):    1.706ns
    Clock Pessimism Removal (CPR):    0.193ns
  Clock Net Delay (Source):      1.514ns (routing 0.767ns, distribution 0.747ns)
  Clock Net Delay (Destination): 1.846ns (routing 0.849ns, distribution 0.997ns)

    Location             Delay type                Incr(ns)  Path(ns)    Netlist Resource(s)
  -------------------------------------------------------------------    -------------------
                         (clock bd_xdma_axi_aclk rise edge)
                                                      0.000     0.000 r  
    GTYE4_CHANNEL_X0Y7   GTYE4_CHANNEL                0.000     0.000 r  bd_ab_i/bd_xdma/inst/pcie4_ip_i/inst/bd_ab_bd_xdma_0_pcie4_ip_gt_top_i/diablo_gt.diablo_gt_phy_wrapper/gt_wizard.gtwizard_top_i/bd_ab_bd_xdma_0_pcie4_ip_gt_i/inst/gen_gtwizard_gtye4_top.bd_ab_bd_xdma_0_pcie4_ip_gt_gtwizard_gtye4_inst/gen_gtwizard_gtye4.gen_channel_container[1].gen_enabled_channel.gtye4_channel_wrapper_inst/channel_inst/gtye4_channel_gen.gen_gtye4_channel_inst[3].GTYE4_CHANNEL_PRIM_INST/TXOUTCLK
                         net (fo=7, routed)           0.078     0.078    bd_ab_i/bd_xdma/inst/pcie4_ip_i/inst/bd_ab_bd_xdma_0_pcie4_ip_gt_top_i/diablo_gt.diablo_gt_phy_wrapper/phy_clk_i/GT_TXOUTCLK[0]
    BUFG_GT_X0Y39        BUFG_GT (Prop_BUFG_GT_I_O)
                                                      0.114     0.192 r  bd_ab_i/bd_xdma/inst/pcie4_ip_i/inst/bd_ab_bd_xdma_0_pcie4_ip_gt_top_i/diablo_gt.diablo_gt_phy_wrapper/phy_clk_i/bufg_gt_userclk/O
    X2Y0 (CLOCK_ROOT)    net (fo=19796, routed)       1.514     1.706    <hidden>
    SLICE_X88Y8          FDRE                                         r  <hidden>
  -------------------------------------------------------------------    -------------------
    SLICE_X88Y8          FDRE (Prop_EFF2_SLICEL_C_Q)
                                                      0.060     1.766 r  <hidden>
                         net (fo=1, routed)           0.084     1.850    <hidden>
    RAMB36_X7Y1          RAMB36E2                                     r  <hidden>
  -------------------------------------------------------------------    -------------------

                         (clock bd_xdma_axi_aclk rise edge)
                                                      0.000     0.000 r  
    GTYE4_CHANNEL_X0Y7   GTYE4_CHANNEL                0.000     0.000 r  bd_ab_i/bd_xdma/inst/pcie4_ip_i/inst/bd_ab_bd_xdma_0_pcie4_ip_gt_top_i/diablo_gt.diablo_gt_phy_wrapper/gt_wizard.gtwizard_top_i/bd_ab_bd_xdma_0_pcie4_ip_gt_i/inst/gen_gtwizard_gtye4_top.bd_ab_bd_xdma_0_pcie4_ip_gt_gtwizard_gtye4_inst/gen_gtwizard_gtye4.gen_channel_container[1].gen_enabled_channel.gtye4_channel_wrapper_inst/channel_inst/gtye4_channel_gen.gen_gtye4_channel_inst[3].GTYE4_CHANNEL_PRIM_INST/TXOUTCLK
                         net (fo=7, routed)           0.085     0.085    bd_ab_i/bd_xdma/inst/pcie4_ip_i/inst/bd_ab_bd_xdma_0_pcie4_ip_gt_top_i/diablo_gt.diablo_gt_phy_wrapper/phy_clk_i/GT_TXOUTCLK[0]
    BUFG_GT_X0Y39        BUFG_GT (Prop_BUFG_GT_I_O)
                                                      0.130     0.215 r  bd_ab_i/bd_xdma/inst/pcie4_ip_i/inst/bd_ab_bd_xdma_0_pcie4_ip_gt_top_i/diablo_gt.diablo_gt_phy_wrapper/phy_clk_i/bufg_gt_userclk/O
    X2Y0 (CLOCK_ROOT)    net (fo=19796, routed)       1.846     2.061    <hidden>
    RAMB36_X7Y1          RAMB36E2                                     r  <hidden>
                         clock pessimism             -0.193     1.868    
    RAMB36_X7Y1          RAMB36E2 (Hold_RAMB36E2_RAMB36_CLKBWRCLK_DINBDIN[21])
                                                     -0.028     1.840    <hidden>
  -------------------------------------------------------------------
                         required time                         -1.840    
                         arrival time                           1.850    
  -------------------------------------------------------------------
                         slack                                  0.010    





Pulse Width Checks
--------------------------------------------------------------------------------------
Clock Name:         bd_xdma_axi_aclk
Waveform(ns):       { 0.000 2.000 }
Period(ns):         4.000
Sources:            { bd_ab_i/bd_xdma/inst/pcie4_ip_i/inst/bd_ab_bd_xdma_0_pcie4_ip_gt_top_i/diablo_gt.diablo_gt_phy_wrapper/phy_clk_i/bufg_gt_userclk/O }

Check Type        Corner  Lib Pin             Reference Pin  Required(ns)  Actual(ns)  Slack(ns)  Location     Pin
Min Period        n/a     RAMB36E2/CLKARDCLK  n/a            1.569         4.000       2.431      RAMB36_X6Y3  <hidden>
Low Pulse Width   Slow    RAMB36E2/CLKARDCLK  n/a            0.542         2.000       1.458      RAMB36_X6Y3  <hidden>
High Pulse Width  Slow    RAMB36E2/CLKARDCLK  n/a            0.542         2.000       1.458      RAMB36_X6Y3  <hidden>



---------------------------------------------------------------------------------------------------
From Clock:  pipe_clk
  To Clock:  pipe_clk

Setup :            0  Failing Endpoints,  Worst Slack        1.531ns,  Total Violation        0.000ns
Hold  :            0  Failing Endpoints,  Worst Slack        0.011ns,  Total Violation        0.000ns
PW    :            0  Failing Endpoints,  Worst Slack        0.000ns,  Total Violation        0.000ns
---------------------------------------------------------------------------------------------------


Max Delay Paths
--------------------------------------------------------------------------------------
Slack (MET) :             1.531ns  (required time - arrival time)
  Source:                 bd_ab_i/bd_xdma/inst/pcie4_ip_i/inst/bd_ab_bd_xdma_0_pcie4_ip_gt_top_i/diablo_gt.diablo_gt_phy_wrapper/phy_rst_i/prst_n_r_rep_reg/C
                            (rising edge-triggered cell FDRE clocked by pipe_clk  {rise@0.000ns fall@2.000ns period=4.000ns})
  Destination:            bd_ab_i/bd_xdma/inst/pcie4_ip_i/inst/bd_ab_bd_xdma_0_pcie4_ip_gt_top_i/diablo_gt.diablo_gt_phy_wrapper/phy_lane[4].phy_rxeq_i/adapt_cnt_reg[0]/R
                            (rising edge-triggered cell FDRE clocked by pipe_clk  {rise@0.000ns fall@2.000ns period=4.000ns})
  Path Group:             pipe_clk
  Path Type:              Setup (Max at Slow Process Corner)
  Requirement:            4.000ns  (pipe_clk rise@4.000ns - pipe_clk rise@0.000ns)
  Data Path Delay:        2.265ns  (logic 0.216ns (9.538%)  route 2.049ns (90.462%))
  Logic Levels:           1  (LUT2=1)
  Clock Path Skew:        -0.084ns (DCD - SCD + CPR)
    Destination Clock Delay (DCD):    1.877ns = ( 5.877 - 4.000 ) 
    Source Clock Delay      (SCD):    2.114ns
    Clock Pessimism Removal (CPR):    0.153ns
  Clock Uncertainty:      0.046ns  ((TSJ^2 + DJ^2)^1/2) / 2 + PE
    Total System Jitter     (TSJ):    0.071ns
    Discrete Jitter          (DJ):    0.060ns
    Phase Error              (PE):    0.000ns
  Clock Net Delay (Source):      1.899ns (routing 0.850ns, distribution 1.049ns)
  Clock Net Delay (Destination): 1.685ns (routing 0.768ns, distribution 0.917ns)

    Location             Delay type                Incr(ns)  Path(ns)    Netlist Resource(s)
  -------------------------------------------------------------------    -------------------
                         (clock pipe_clk rise edge)
                                                      0.000     0.000 r  
    GTYE4_CHANNEL_X0Y7   GTYE4_CHANNEL                0.000     0.000 r  bd_ab_i/bd_xdma/inst/pcie4_ip_i/inst/bd_ab_bd_xdma_0_pcie4_ip_gt_top_i/diablo_gt.diablo_gt_phy_wrapper/gt_wizard.gtwizard_top_i/bd_ab_bd_xdma_0_pcie4_ip_gt_i/inst/gen_gtwizard_gtye4_top.bd_ab_bd_xdma_0_pcie4_ip_gt_gtwizard_gtye4_inst/gen_gtwizard_gtye4.gen_channel_container[1].gen_enabled_channel.gtye4_channel_wrapper_inst/channel_inst/gtye4_channel_gen.gen_gtye4_channel_inst[3].GTYE4_CHANNEL_PRIM_INST/TXOUTCLK
                         net (fo=7, routed)           0.085     0.085    bd_ab_i/bd_xdma/inst/pcie4_ip_i/inst/bd_ab_bd_xdma_0_pcie4_ip_gt_top_i/diablo_gt.diablo_gt_phy_wrapper/phy_clk_i/GT_TXOUTCLK[0]
    BUFG_GT_X0Y40        BUFG_GT (Prop_BUFG_GT_I_O)
                                                      0.130     0.215 r  bd_ab_i/bd_xdma/inst/pcie4_ip_i/inst/bd_ab_bd_xdma_0_pcie4_ip_gt_top_i/diablo_gt.diablo_gt_phy_wrapper/phy_clk_i/bufg_gt_pclk/O
    X2Y0 (CLOCK_ROOT)    net (fo=2246, routed)        1.899     2.114    bd_ab_i/bd_xdma/inst/pcie4_ip_i/inst/bd_ab_bd_xdma_0_pcie4_ip_gt_top_i/diablo_gt.diablo_gt_phy_wrapper/phy_rst_i/CLK_PCLK2_GT
    SLICE_X107Y79        FDRE                                         r  bd_ab_i/bd_xdma/inst/pcie4_ip_i/inst/bd_ab_bd_xdma_0_pcie4_ip_gt_top_i/diablo_gt.diablo_gt_phy_wrapper/phy_rst_i/prst_n_r_rep_reg/C
  -------------------------------------------------------------------    -------------------
    SLICE_X107Y79        FDRE (Prop_AFF_SLICEM_C_Q)
                                                      0.077     2.191 f  bd_ab_i/bd_xdma/inst/pcie4_ip_i/inst/bd_ab_bd_xdma_0_pcie4_ip_gt_top_i/diablo_gt.diablo_gt_phy_wrapper/phy_rst_i/prst_n_r_rep_reg/Q
                         net (fo=416, routed)         1.183     3.374    bd_ab_i/bd_xdma/inst/pcie4_ip_i/inst/bd_ab_bd_xdma_0_pcie4_ip_gt_top_i/diablo_gt.diablo_gt_phy_wrapper/phy_rst_i/prst_n_r_rep
    SLICE_X101Y62        LUT2 (Prop_A5LUT_SLICEM_I0_O)
                                                      0.139     3.513 r  bd_ab_i/bd_xdma/inst/pcie4_ip_i/inst/bd_ab_bd_xdma_0_pcie4_ip_gt_top_i/diablo_gt.diablo_gt_phy_wrapper/phy_rst_i/adapt_cnt[0]_i_1__3/O
                         net (fo=22, routed)          0.866     4.379    bd_ab_i/bd_xdma/inst/pcie4_ip_i/inst/bd_ab_bd_xdma_0_pcie4_ip_gt_top_i/diablo_gt.diablo_gt_phy_wrapper/phy_lane[4].phy_rxeq_i/adapt_cnt_reg[21]_0
    SLICE_X104Y61        FDRE                                         r  bd_ab_i/bd_xdma/inst/pcie4_ip_i/inst/bd_ab_bd_xdma_0_pcie4_ip_gt_top_i/diablo_gt.diablo_gt_phy_wrapper/phy_lane[4].phy_rxeq_i/adapt_cnt_reg[0]/R
  -------------------------------------------------------------------    -------------------

                         (clock pipe_clk rise edge)
                                                      4.000     4.000 r  
    GTYE4_CHANNEL_X0Y7   GTYE4_CHANNEL                0.000     4.000 r  bd_ab_i/bd_xdma/inst/pcie4_ip_i/inst/bd_ab_bd_xdma_0_pcie4_ip_gt_top_i/diablo_gt.diablo_gt_phy_wrapper/gt_wizard.gtwizard_top_i/bd_ab_bd_xdma_0_pcie4_ip_gt_i/inst/gen_gtwizard_gtye4_top.bd_ab_bd_xdma_0_pcie4_ip_gt_gtwizard_gtye4_inst/gen_gtwizard_gtye4.gen_channel_container[1].gen_enabled_channel.gtye4_channel_wrapper_inst/channel_inst/gtye4_channel_gen.gen_gtye4_channel_inst[3].GTYE4_CHANNEL_PRIM_INST/TXOUTCLK
                         net (fo=7, routed)           0.078     4.078    bd_ab_i/bd_xdma/inst/pcie4_ip_i/inst/bd_ab_bd_xdma_0_pcie4_ip_gt_top_i/diablo_gt.diablo_gt_phy_wrapper/phy_clk_i/GT_TXOUTCLK[0]
    BUFG_GT_X0Y40        BUFG_GT (Prop_BUFG_GT_I_O)
                                                      0.114     4.192 r  bd_ab_i/bd_xdma/inst/pcie4_ip_i/inst/bd_ab_bd_xdma_0_pcie4_ip_gt_top_i/diablo_gt.diablo_gt_phy_wrapper/phy_clk_i/bufg_gt_pclk/O
    X2Y0 (CLOCK_ROOT)    net (fo=2246, routed)        1.685     5.877    bd_ab_i/bd_xdma/inst/pcie4_ip_i/inst/bd_ab_bd_xdma_0_pcie4_ip_gt_top_i/diablo_gt.diablo_gt_phy_wrapper/phy_lane[4].phy_rxeq_i/CLK_PCLK2_GT
    SLICE_X104Y61        FDRE                                         r  bd_ab_i/bd_xdma/inst/pcie4_ip_i/inst/bd_ab_bd_xdma_0_pcie4_ip_gt_top_i/diablo_gt.diablo_gt_phy_wrapper/phy_lane[4].phy_rxeq_i/adapt_cnt_reg[0]/C
                         clock pessimism              0.153     6.030    
                         clock uncertainty           -0.046     5.983    
    SLICE_X104Y61        FDRE (Setup_AFF_SLICEL_C_R)
                                                     -0.074     5.909    bd_ab_i/bd_xdma/inst/pcie4_ip_i/inst/bd_ab_bd_xdma_0_pcie4_ip_gt_top_i/diablo_gt.diablo_gt_phy_wrapper/phy_lane[4].phy_rxeq_i/adapt_cnt_reg[0]
  -------------------------------------------------------------------
                         required time                          5.909    
                         arrival time                          -4.379    
  -------------------------------------------------------------------
                         slack                                  1.531    





Min Delay Paths
--------------------------------------------------------------------------------------
Slack (MET) :             0.011ns  (arrival time - required time)
  Source:                 bd_ab_i/bd_xdma/inst/pcie4_ip_i/inst/bd_ab_bd_xdma_0_pcie4_ip_gt_top_i/phy_pipeline/per_lane_ff_chain[1].phy_rxdata_chain/with_ff_chain.ff_chain_gen[0].sync_rst.ff_chain_reg[1][15]/C
                            (rising edge-triggered cell FDRE clocked by pipe_clk  {rise@0.000ns fall@2.000ns period=4.000ns})
  Destination:            bd_ab_i/bd_xdma/inst/pcie4_ip_i/inst/bd_ab_bd_xdma_0_pcie4_ip_pcie_4_0_pipe_inst/pcie_4_0_e4_inst/PIPERX01DATA[15]
                            (rising edge-triggered cell PCIE40E4 clocked by pipe_clk  {rise@0.000ns fall@2.000ns period=4.000ns})
  Path Group:             pipe_clk
  Path Type:              Hold (Min at Slow Process Corner)
  Requirement:            0.000ns  (pipe_clk rise@0.000ns - pipe_clk rise@0.000ns)
  Data Path Delay:        0.529ns  (logic 0.057ns (10.775%)  route 0.472ns (89.225%))
  Logic Levels:           0  
  Clock Path Skew:        0.002ns (DCD - SCD - CPR)
    Destination Clock Delay (DCD):    1.968ns
    Source Clock Delay      (SCD):    1.861ns
    Clock Pessimism Removal (CPR):    0.105ns
  Clock Net Delay (Source):      1.669ns (routing 0.768ns, distribution 0.901ns)
  Clock Net Delay (Destination): 1.753ns (routing 0.850ns, distribution 0.903ns)

    Location             Delay type                Incr(ns)  Path(ns)    Netlist Resource(s)
  -------------------------------------------------------------------    -------------------
                         (clock pipe_clk rise edge)
                                                      0.000     0.000 r  
    GTYE4_CHANNEL_X0Y7   GTYE4_CHANNEL                0.000     0.000 r  bd_ab_i/bd_xdma/inst/pcie4_ip_i/inst/bd_ab_bd_xdma_0_pcie4_ip_gt_top_i/diablo_gt.diablo_gt_phy_wrapper/gt_wizard.gtwizard_top_i/bd_ab_bd_xdma_0_pcie4_ip_gt_i/inst/gen_gtwizard_gtye4_top.bd_ab_bd_xdma_0_pcie4_ip_gt_gtwizard_gtye4_inst/gen_gtwizard_gtye4.gen_channel_container[1].gen_enabled_channel.gtye4_channel_wrapper_inst/channel_inst/gtye4_channel_gen.gen_gtye4_channel_inst[3].GTYE4_CHANNEL_PRIM_INST/TXOUTCLK
                         net (fo=7, routed)           0.078     0.078    bd_ab_i/bd_xdma/inst/pcie4_ip_i/inst/bd_ab_bd_xdma_0_pcie4_ip_gt_top_i/diablo_gt.diablo_gt_phy_wrapper/phy_clk_i/GT_TXOUTCLK[0]
    BUFG_GT_X0Y40        BUFG_GT (Prop_BUFG_GT_I_O)
                                                      0.114     0.192 r  bd_ab_i/bd_xdma/inst/pcie4_ip_i/inst/bd_ab_bd_xdma_0_pcie4_ip_gt_top_i/diablo_gt.diablo_gt_phy_wrapper/phy_clk_i/bufg_gt_pclk/O
    X2Y0 (CLOCK_ROOT)    net (fo=2246, routed)        1.669     1.861    bd_ab_i/bd_xdma/inst/pcie4_ip_i/inst/bd_ab_bd_xdma_0_pcie4_ip_gt_top_i/phy_pipeline/per_lane_ff_chain[1].phy_rxdata_chain/CLK
    SLICE_X106Y86        FDRE                                         r  bd_ab_i/bd_xdma/inst/pcie4_ip_i/inst/bd_ab_bd_xdma_0_pcie4_ip_gt_top_i/phy_pipeline/per_lane_ff_chain[1].phy_rxdata_chain/with_ff_chain.ff_chain_gen[0].sync_rst.ff_chain_reg[1][15]/C
  -------------------------------------------------------------------    -------------------
    SLICE_X106Y86        FDRE (Prop_FFF_SLICEM_C_Q)
                                                      0.057     1.918 r  bd_ab_i/bd_xdma/inst/pcie4_ip_i/inst/bd_ab_bd_xdma_0_pcie4_ip_gt_top_i/phy_pipeline/per_lane_ff_chain[1].phy_rxdata_chain/with_ff_chain.ff_chain_gen[0].sync_rst.ff_chain_reg[1][15]/Q
                         net (fo=1, routed)           0.472     2.390    bd_ab_i/bd_xdma/inst/pcie4_ip_i/inst/bd_ab_bd_xdma_0_pcie4_ip_pcie_4_0_pipe_inst/PHY_RXDATA[47]
    PCIE40E4_X0Y0        PCIE40E4                                     r  bd_ab_i/bd_xdma/inst/pcie4_ip_i/inst/bd_ab_bd_xdma_0_pcie4_ip_pcie_4_0_pipe_inst/pcie_4_0_e4_inst/PIPERX01DATA[15]
  -------------------------------------------------------------------    -------------------

                         (clock pipe_clk rise edge)
                                                      0.000     0.000 r  
    GTYE4_CHANNEL_X0Y7   GTYE4_CHANNEL                0.000     0.000 r  bd_ab_i/bd_xdma/inst/pcie4_ip_i/inst/bd_ab_bd_xdma_0_pcie4_ip_gt_top_i/diablo_gt.diablo_gt_phy_wrapper/gt_wizard.gtwizard_top_i/bd_ab_bd_xdma_0_pcie4_ip_gt_i/inst/gen_gtwizard_gtye4_top.bd_ab_bd_xdma_0_pcie4_ip_gt_gtwizard_gtye4_inst/gen_gtwizard_gtye4.gen_channel_container[1].gen_enabled_channel.gtye4_channel_wrapper_inst/channel_inst/gtye4_channel_gen.gen_gtye4_channel_inst[3].GTYE4_CHANNEL_PRIM_INST/TXOUTCLK
                         net (fo=7, routed)           0.085     0.085    bd_ab_i/bd_xdma/inst/pcie4_ip_i/inst/bd_ab_bd_xdma_0_pcie4_ip_gt_top_i/diablo_gt.diablo_gt_phy_wrapper/phy_clk_i/GT_TXOUTCLK[0]
    BUFG_GT_X0Y40        BUFG_GT (Prop_BUFG_GT_I_O)
                                                      0.130     0.215 r  bd_ab_i/bd_xdma/inst/pcie4_ip_i/inst/bd_ab_bd_xdma_0_pcie4_ip_gt_top_i/diablo_gt.diablo_gt_phy_wrapper/phy_clk_i/bufg_gt_pclk/O
    X2Y0 (CLOCK_ROOT)    net (fo=2246, routed)        1.753     1.968    bd_ab_i/bd_xdma/inst/pcie4_ip_i/inst/bd_ab_bd_xdma_0_pcie4_ip_pcie_4_0_pipe_inst/PHY_PCLK
    PCIE40E4_X0Y0        PCIE40E4                                     r  bd_ab_i/bd_xdma/inst/pcie4_ip_i/inst/bd_ab_bd_xdma_0_pcie4_ip_pcie_4_0_pipe_inst/pcie_4_0_e4_inst/PIPECLK
                         clock pessimism             -0.105     1.863    
    PCIE40E4_X0Y0        PCIE40E4 (Hold_PCIE40E4_PIPECLK_PIPERX01DATA[15])
                                                      0.516     2.379    bd_ab_i/bd_xdma/inst/pcie4_ip_i/inst/bd_ab_bd_xdma_0_pcie4_ip_pcie_4_0_pipe_inst/pcie_4_0_e4_inst
  -------------------------------------------------------------------
                         required time                         -2.379    
                         arrival time                           2.390    
  -------------------------------------------------------------------
                         slack                                  0.011    





Pulse Width Checks
--------------------------------------------------------------------------------------
Clock Name:         pipe_clk
Waveform(ns):       { 0.000 2.000 }
Period(ns):         4.000
Sources:            { bd_ab_i/bd_xdma/inst/pcie4_ip_i/inst/bd_ab_bd_xdma_0_pcie4_ip_gt_top_i/diablo_gt.diablo_gt_phy_wrapper/phy_clk_i/bufg_gt_pclk/O }

Check Type        Corner  Lib Pin                 Reference Pin     Required(ns)  Actual(ns)  Slack(ns)  Location            Pin
Min Period        n/a     PCIE40E4/PIPECLK        n/a               4.000         4.000       0.000      PCIE40E4_X0Y0       bd_ab_i/bd_xdma/inst/pcie4_ip_i/inst/bd_ab_bd_xdma_0_pcie4_ip_pcie_4_0_pipe_inst/pcie_4_0_e4_inst/PIPECLK
Low Pulse Width   Slow    GTYE4_CHANNEL/RXUSRCLK  n/a               0.880         2.000       1.120      GTYE4_CHANNEL_X0Y0  bd_ab_i/bd_xdma/inst/pcie4_ip_i/inst/bd_ab_bd_xdma_0_pcie4_ip_gt_top_i/diablo_gt.diablo_gt_phy_wrapper/gt_wizard.gtwizard_top_i/bd_ab_bd_xdma_0_pcie4_ip_gt_i/inst/gen_gtwizard_gtye4_top.bd_ab_bd_xdma_0_pcie4_ip_gt_gtwizard_gtye4_inst/gen_gtwizard_gtye4.gen_channel_container[0].gen_enabled_channel.gtye4_channel_wrapper_inst/channel_inst/gtye4_channel_gen.gen_gtye4_channel_inst[0].GTYE4_CHANNEL_PRIM_INST/RXUSRCLK
High Pulse Width  Slow    GTYE4_CHANNEL/RXUSRCLK  n/a               0.880         2.000       1.120      GTYE4_CHANNEL_X0Y0  bd_ab_i/bd_xdma/inst/pcie4_ip_i/inst/bd_ab_bd_xdma_0_pcie4_ip_gt_top_i/diablo_gt.diablo_gt_phy_wrapper/gt_wizard.gtwizard_top_i/bd_ab_bd_xdma_0_pcie4_ip_gt_i/inst/gen_gtwizard_gtye4_top.bd_ab_bd_xdma_0_pcie4_ip_gt_gtwizard_gtye4_inst/gen_gtwizard_gtye4.gen_channel_container[0].gen_enabled_channel.gtye4_channel_wrapper_inst/channel_inst/gtye4_channel_gen.gen_gtye4_channel_inst[0].GTYE4_CHANNEL_PRIM_INST/RXUSRCLK
Max Skew          Fast    PCIE40E4/PIPECLK        PCIE40E4/CORECLK  0.357         0.143       0.214      PCIE40E4_X0Y0       bd_ab_i/bd_xdma/inst/pcie4_ip_i/inst/bd_ab_bd_xdma_0_pcie4_ip_pcie_4_0_pipe_inst/pcie_4_0_e4_inst/PIPECLK



---------------------------------------------------------------------------------------------------
From Clock:  sysclk_300
  To Clock:  sysclk_300

Setup :           NA  Failing Endpoints,  Worst Slack           NA  ,  Total Violation           NA
Hold  :           NA  Failing Endpoints,  Worst Slack           NA  ,  Total Violation           NA
PW    :            0  Failing Endpoints,  Worst Slack        0.500ns,  Total Violation        0.000ns
---------------------------------------------------------------------------------------------------


Pulse Width Checks
--------------------------------------------------------------------------------------
Clock Name:         sysclk_300
Waveform(ns):       { 0.000 1.666 }
Period(ns):         3.333
Sources:            { sysclk_300_clk_p }

Check Type        Corner  Lib Pin            Reference Pin  Required(ns)  Actual(ns)  Slack(ns)  Location   Pin
Min Period        n/a     MMCME4_ADV/CLKIN1  n/a            1.071         3.333       2.262      MMCM_X0Y2  bd_ab_i/bd_clk_tx/inst/mmcme4_adv_inst/CLKIN1
Max Period        n/a     MMCME4_ADV/CLKIN1  n/a            100.000       3.333       96.667     MMCM_X0Y2  bd_ab_i/bd_clk_tx/inst/mmcme4_adv_inst/CLKIN1
Low Pulse Width   Slow    MMCME4_ADV/CLKIN1  n/a            1.167         1.666       0.500      MMCM_X0Y2  bd_ab_i/bd_clk_tx/inst/mmcme4_adv_inst/CLKIN1
High Pulse Width  Slow    MMCME4_ADV/CLKIN1  n/a            1.167         1.667       0.500      MMCM_X0Y2  bd_ab_i/bd_clk_tx/inst/mmcme4_adv_inst/CLKIN1



---------------------------------------------------------------------------------------------------
From Clock:  clk_out1_bd_ab_bd_clk_tx_0_1
  To Clock:  clk_out1_bd_ab_bd_clk_tx_0_1

Setup :            0  Failing Endpoints,  Worst Slack        1.817ns,  Total Violation        0.000ns
Hold  :            0  Failing Endpoints,  Worst Slack        0.023ns,  Total Violation        0.000ns
PW    :            0  Failing Endpoints,  Worst Slack        1.068ns,  Total Violation        0.000ns
---------------------------------------------------------------------------------------------------


Max Delay Paths
--------------------------------------------------------------------------------------
Slack (MET) :             1.817ns  (required time - arrival time)
  Source:                 bd_ab_i/bd_ab_top/inst/u_ab/frame_count_reg[2]/C
                            (rising edge-triggered cell FDRE clocked by clk_out1_bd_ab_bd_clk_tx_0_1  {rise@0.000ns fall@1.600ns period=3.200ns})
  Destination:            bd_ab_i/bd_ab_top/inst/u_ab/frame_count_reg[17]/D
                            (rising edge-triggered cell FDRE clocked by clk_out1_bd_ab_bd_clk_tx_0_1  {rise@0.000ns fall@1.600ns period=3.200ns})
  Path Group:             clk_out1_bd_ab_bd_clk_tx_0_1
  Path Type:              Setup (Max at Slow Process Corner)
  Requirement:            3.200ns  (clk_out1_bd_ab_bd_clk_tx_0_1 rise@3.200ns - clk_out1_bd_ab_bd_clk_tx_0_1 rise@0.000ns)
  Data Path Delay:        1.195ns  (logic 0.326ns (27.280%)  route 0.869ns (72.720%))
  Logic Levels:           3  (CARRY8=3)
  Clock Path Skew:        -0.120ns (DCD - SCD + CPR)
    Destination Clock Delay (DCD):    3.726ns = ( 6.925 - 3.200 ) 
    Source Clock Delay      (SCD):    3.467ns
    Clock Pessimism Removal (CPR):    -0.378ns
  Clock Uncertainty:      0.093ns  ((TSJ^2 + DJ^2)^1/2) / 2 + PE
    Total System Jitter     (TSJ):    0.071ns
    Discrete Jitter          (DJ):    0.172ns
    Phase Error              (PE):    0.000ns
  Clock Net Delay (Source):      2.305ns (routing 1.467ns, distribution 0.838ns)
  Clock Net Delay (Destination): 2.020ns (routing 1.337ns, distribution 0.683ns)

    Location             Delay type                Incr(ns)  Path(ns)    Netlist Resource(s)
  -------------------------------------------------------------------    -------------------
                         (clock clk_out1_bd_ab_bd_clk_tx_0_1 rise edge)
                                                      0.000     0.000 r  
    K22                                               0.000     0.000 r  sysclk_300_clk_p (IN)
                         net (fo=0)                   0.100     0.100    bd_ab_i/bd_clk_tx/inst/clkin1_ibufds/I
    HPIOBDIFFINBUF_X0Y58 DIFFINBUF (Prop_DIFFINBUF_HPIOBDIFFINBUF_DIFF_IN_P_O)
                                                      0.469     0.569 r  bd_ab_i/bd_clk_tx/inst/clkin1_ibufds/DIFFINBUF_INST/O
                         net (fo=1, routed)           0.050     0.619    bd_ab_i/bd_clk_tx/inst/clkin1_ibufds/OUT
    K22                  IBUFCTRL (Prop_IBUFCTRL_HPIOB_M_I_O)
                                                      0.000     0.619 r  bd_ab_i/bd_clk_tx/inst/clkin1_ibufds/IBUFCTRL_INST/O
                         net (fo=1, routed)           0.397     1.016    bd_ab_i/bd_clk_tx/inst/clk_in1_bd_ab_bd_clk_tx_0
    MMCM_X0Y2            MMCME4_ADV (Prop_MMCM_CLKIN1_CLKOUT0)
                                                     -0.127     0.889 r  bd_ab_i/bd_clk_tx/inst/mmcme4_adv_inst/CLKOUT0
                         net (fo=1, routed)           0.245     1.134    bd_ab_i/bd_clk_tx/inst/clk_out1_bd_ab_bd_clk_tx_0
    BUFGCE_X0Y48         BUFGCE (Prop_BUFCE_BUFGCE_I_O)
                                                      0.028     1.162 r  bd_ab_i/bd_clk_tx/inst/clkout1_buf/O
    X3Y1 (CLOCK_ROOT)    net (fo=112, routed)         2.305     3.467    bd_ab_i/bd_ab_top/inst/u_ab/clk_tx
    SLICE_X97Y79         FDRE                                         r  bd_ab_i/bd_ab_top/inst/u_ab/frame_count_reg[2]/C
  -------------------------------------------------------------------    -------------------
    SLICE_X97Y79         FDRE (Prop_BFF2_SLICEL_C_Q)
                                                      0.080     3.547 r  bd_ab_i/bd_ab_top/inst/u_ab/frame_count_reg[2]/Q
                         net (fo=2, routed)           0.429     3.976    bd_ab_i/bd_ab_top/inst/u_ab/st_in[2]
    SLICE_X97Y79         CARRY8 (Prop_CARRY8_SLICEL_S[2]_CO[7])
                                                      0.155     4.131 r  bd_ab_i/bd_ab_top/inst/u_ab/frame_count_reg[0]_i_1/CO[7]
                         net (fo=1, routed)           0.026     4.157    bd_ab_i/bd_ab_top/inst/u_ab/frame_count_reg[0]_i_1_n_0
    SLICE_X97Y80         CARRY8 (Prop_CARRY8_SLICEL_CI_CO[7])
                                                      0.015     4.172 r  bd_ab_i/bd_ab_top/inst/u_ab/frame_count_reg[8]_i_1/CO[7]
                         net (fo=1, routed)           0.026     4.198    bd_ab_i/bd_ab_top/inst/u_ab/frame_count_reg[8]_i_1_n_0
    SLICE_X97Y81         CARRY8 (Prop_CARRY8_SLICEL_CI_O[1])
                                                      0.076     4.274 r  bd_ab_i/bd_ab_top/inst/u_ab/frame_count_reg[16]_i_1/O[1]
                         net (fo=1, routed)           0.388     4.662    bd_ab_i/bd_ab_top/inst/u_ab/frame_count_reg[16]_i_1_n_14
    SLICE_X94Y84         FDRE                                         r  bd_ab_i/bd_ab_top/inst/u_ab/frame_count_reg[17]/D
  -------------------------------------------------------------------    -------------------

                         (clock clk_out1_bd_ab_bd_clk_tx_0_1 rise edge)
                                                      3.200     3.200 r  
    K22                                               0.000     3.200 r  sysclk_300_clk_p (IN)
                         net (fo=0)                   0.079     3.279    bd_ab_i/bd_clk_tx/inst/clkin1_ibufds/I
    HPIOBDIFFINBUF_X0Y58 DIFFINBUF (Prop_DIFFINBUF_HPIOBDIFFINBUF_DIFF_IN_P_O)
                                                      0.374     3.652 r  bd_ab_i/bd_clk_tx/inst/clkin1_ibufds/DIFFINBUF_INST/O
                         net (fo=1, routed)           0.040     3.692    bd_ab_i/bd_clk_tx/inst/clkin1_ibufds/OUT
    K22                  IBUFCTRL (Prop_IBUFCTRL_HPIOB_M_I_O)
                                                      0.000     3.692 r  bd_ab_i/bd_clk_tx/inst/clkin1_ibufds/IBUFCTRL_INST/O
                         net (fo=1, routed)           0.344     4.036    bd_ab_i/bd_clk_tx/inst/clk_in1_bd_ab_bd_clk_tx_0
    MMCM_X0Y2            MMCME4_ADV (Prop_MMCM_CLKIN1_CLKOUT0)
                                                      0.630     4.666 r  bd_ab_i/bd_clk_tx/inst/mmcme4_adv_inst/CLKOUT0
                         net (fo=1, routed)           0.215     4.881    bd_ab_i/bd_clk_tx/inst/clk_out1_bd_ab_bd_clk_tx_0
    BUFGCE_X0Y48         BUFGCE (Prop_BUFCE_BUFGCE_I_O)
                                                      0.024     4.905 r  bd_ab_i/bd_clk_tx/inst/clkout1_buf/O
    X3Y1 (CLOCK_ROOT)    net (fo=112, routed)         2.020     6.925    bd_ab_i/bd_ab_top/inst/u_ab/clk_tx
    SLICE_X94Y84         FDRE                                         r  bd_ab_i/bd_ab_top/inst/u_ab/frame_count_reg[17]/C
                         clock pessimism             -0.378     6.547    
                         clock uncertainty           -0.093     6.455    
    SLICE_X94Y84         FDRE (Setup_BFF_SLICEL_C_D)
                                                      0.025     6.480    bd_ab_i/bd_ab_top/inst/u_ab/frame_count_reg[17]
  -------------------------------------------------------------------
                         required time                          6.480    
                         arrival time                          -4.662    
  -------------------------------------------------------------------
                         slack                                  1.817    





Min Delay Paths
--------------------------------------------------------------------------------------
Slack (MET) :             0.023ns  (arrival time - required time)
  Source:                 bd_ab_i/bd_ab_top/inst/u_ab/u_cdc_clr/sync2_reg/C
                            (rising edge-triggered cell FDRE clocked by clk_out1_bd_ab_bd_clk_tx_0_1  {rise@0.000ns fall@1.600ns period=3.200ns})
  Destination:            bd_ab_i/bd_ab_top/inst/u_ab/u_cdc_clr/sync2_d_reg/D
                            (rising edge-triggered cell FDRE clocked by clk_out1_bd_ab_bd_clk_tx_0_1  {rise@0.000ns fall@1.600ns period=3.200ns})
  Path Group:             clk_out1_bd_ab_bd_clk_tx_0_1
  Path Type:              Hold (Min at Fast Process Corner)
  Requirement:            0.000ns  (clk_out1_bd_ab_bd_clk_tx_0_1 rise@0.000ns - clk_out1_bd_ab_bd_clk_tx_0_1 rise@0.000ns)
  Data Path Delay:        0.076ns  (logic 0.039ns (51.419%)  route 0.037ns (48.581%))
  Logic Levels:           0  
  Clock Path Skew:        0.006ns (DCD - SCD - CPR)
    Destination Clock Delay (DCD):    2.012ns
    Source Clock Delay      (SCD):    2.201ns
    Clock Pessimism Removal (CPR):    -0.194ns
  Clock Net Delay (Source):      1.257ns (routing 0.794ns, distribution 0.463ns)
  Clock Net Delay (Destination): 1.416ns (routing 0.883ns, distribution 0.533ns)

    Location             Delay type                Incr(ns)  Path(ns)    Netlist Resource(s)
  -------------------------------------------------------------------    -------------------
                         (clock clk_out1_bd_ab_bd_clk_tx_0_1 rise edge)
                                                      0.000     0.000 r  
    K22                                               0.000     0.000 r  sysclk_300_clk_p (IN)
                         net (fo=0)                   0.079     0.079    bd_ab_i/bd_clk_tx/inst/clkin1_ibufds/I
    HPIOBDIFFINBUF_X0Y58 DIFFINBUF (Prop_DIFFINBUF_HPIOBDIFFINBUF_DIFF_IN_P_O)
                                                      0.229     0.308 r  bd_ab_i/bd_clk_tx/inst/clkin1_ibufds/DIFFINBUF_INST/O
                         net (fo=1, routed)           0.040     0.348    bd_ab_i/bd_clk_tx/inst/clkin1_ibufds/OUT
    K22                  IBUFCTRL (Prop_IBUFCTRL_HPIOB_M_I_O)
                                                      0.000     0.348 r  bd_ab_i/bd_clk_tx/inst/clkin1_ibufds/IBUFCTRL_INST/O
                         net (fo=1, routed)           0.203     0.551    bd_ab_i/bd_clk_tx/inst/clk_in1_bd_ab_bd_clk_tx_0
    MMCM_X0Y2            MMCME4_ADV (Prop_MMCM_CLKIN1_CLKOUT0)
                                                      0.230     0.781 r  bd_ab_i/bd_clk_tx/inst/mmcme4_adv_inst/CLKOUT0
                         net (fo=1, routed)           0.146     0.927    bd_ab_i/bd_clk_tx/inst/clk_out1_bd_ab_bd_clk_tx_0
    BUFGCE_X0Y48         BUFGCE (Prop_BUFCE_BUFGCE_I_O)
                                                      0.017     0.944 r  bd_ab_i/bd_clk_tx/inst/clkout1_buf/O
    X3Y1 (CLOCK_ROOT)    net (fo=112, routed)         1.257     2.201    bd_ab_i/bd_ab_top/inst/u_ab/u_cdc_clr/clk_tx
    SLICE_X91Y90         FDRE                                         r  bd_ab_i/bd_ab_top/inst/u_ab/u_cdc_clr/sync2_reg/C
  -------------------------------------------------------------------    -------------------
    SLICE_X91Y90         FDRE (Prop_FFF_SLICEL_C_Q)
                                                      0.039     2.240 r  bd_ab_i/bd_ab_top/inst/u_ab/u_cdc_clr/sync2_reg/Q
                         net (fo=2, routed)           0.037     2.276    bd_ab_i/bd_ab_top/inst/u_ab/u_cdc_clr/sync2
    SLICE_X91Y90         FDRE                                         r  bd_ab_i/bd_ab_top/inst/u_ab/u_cdc_clr/sync2_d_reg/D
  -------------------------------------------------------------------    -------------------

                         (clock clk_out1_bd_ab_bd_clk_tx_0_1 rise edge)
                                                      0.000     0.000 r  
    K22                                               0.000     0.000 r  sysclk_300_clk_p (IN)
                         net (fo=0)                   0.100     0.100    bd_ab_i/bd_clk_tx/inst/clkin1_ibufds/I
    HPIOBDIFFINBUF_X0Y58 DIFFINBUF (Prop_DIFFINBUF_HPIOBDIFFINBUF_DIFF_IN_P_O)
                                                      0.326     0.426 r  bd_ab_i/bd_clk_tx/inst/clkin1_ibufds/DIFFINBUF_INST/O
                         net (fo=1, routed)           0.050     0.476    bd_ab_i/bd_clk_tx/inst/clkin1_ibufds/OUT
    K22                  IBUFCTRL (Prop_IBUFCTRL_HPIOB_M_I_O)
                                                      0.000     0.476 r  bd_ab_i/bd_clk_tx/inst/clkin1_ibufds/IBUFCTRL_INST/O
                         net (fo=1, routed)           0.230     0.706    bd_ab_i/bd_clk_tx/inst/clk_in1_bd_ab_bd_clk_tx_0
    MMCM_X0Y2            MMCME4_ADV (Prop_MMCM_CLKIN1_CLKOUT0)
                                                     -0.295     0.411 r  bd_ab_i/bd_clk_tx/inst/mmcme4_adv_inst/CLKOUT0
                         net (fo=1, routed)           0.166     0.577    bd_ab_i/bd_clk_tx/inst/clk_out1_bd_ab_bd_clk_tx_0
    BUFGCE_X0Y48         BUFGCE (Prop_BUFCE_BUFGCE_I_O)
                                                      0.019     0.596 r  bd_ab_i/bd_clk_tx/inst/clkout1_buf/O
    X3Y1 (CLOCK_ROOT)    net (fo=112, routed)         1.416     2.012    bd_ab_i/bd_ab_top/inst/u_ab/u_cdc_clr/clk_tx
    SLICE_X91Y90         FDRE                                         r  bd_ab_i/bd_ab_top/inst/u_ab/u_cdc_clr/sync2_d_reg/C
                         clock pessimism              0.194     2.207    
    SLICE_X91Y90         FDRE (Hold_EFF2_SLICEL_C_D)
                                                      0.047     2.254    bd_ab_i/bd_ab_top/inst/u_ab/u_cdc_clr/sync2_d_reg
  -------------------------------------------------------------------
                         required time                         -2.254    
                         arrival time                           2.276    
  -------------------------------------------------------------------
                         slack                                  0.023    





Pulse Width Checks
--------------------------------------------------------------------------------------
Clock Name:         clk_out1_bd_ab_bd_clk_tx_0_1
Waveform(ns):       { 0.000 1.600 }
Period(ns):         3.200
Sources:            { bd_ab_i/bd_clk_tx/inst/mmcme4_adv_inst/CLKOUT0 }

Check Type        Corner  Lib Pin     Reference Pin  Required(ns)  Actual(ns)  Slack(ns)  Location      Pin
Min Period        n/a     BUFGCE/I    n/a            1.290         3.200       1.910      BUFGCE_X0Y48  bd_ab_i/bd_clk_tx/inst/clkout1_buf/I
Low Pulse Width   Slow    SRL16E/CLK  n/a            0.532         1.600       1.068      SLICE_X93Y88  bd_ab_i/bd_ab_top/inst/u_ab/u_txdp/fp_e3_reg_srl4/CLK
High Pulse Width  Slow    SRL16E/CLK  n/a            0.532         1.600       1.068      SLICE_X93Y88  bd_ab_i/bd_ab_top/inst/u_ab/u_txdp/fp_e3_reg_srl4/CLK



---------------------------------------------------------------------------------------------------
From Clock:  bd_xdma_axi_aclk
  To Clock:  GTYE4_CHANNEL_TXOUTCLK[3]_1

Setup :            0  Failing Endpoints,  Worst Slack        0.496ns,  Total Violation        0.000ns
Hold  :            0  Failing Endpoints,  Worst Slack        0.037ns,  Total Violation        0.000ns
---------------------------------------------------------------------------------------------------


Max Delay Paths
--------------------------------------------------------------------------------------
Slack (MET) :             0.496ns  (required time - arrival time)
  Source:                 bd_ab_i/bd_xdma/inst/pcie4_ip_i/inst/bd_ab_bd_xdma_0_pcie4_ip_pcie_4_0_pipe_inst/pcie_4_0_init_ctrl_inst/reset_n_o_reg/C
                            (rising edge-triggered cell FDCE clocked by bd_xdma_axi_aclk  {rise@0.000ns fall@2.000ns period=4.000ns})
  Destination:            bd_ab_i/bd_xdma/inst/pcie4_ip_i/inst/bd_ab_bd_xdma_0_pcie4_ip_pcie_4_0_pipe_inst/pcie_4_0_init_ctrl_inst/reset_n_core_clk_r_reg[2]/D
                            (rising edge-triggered cell FDRE clocked by GTYE4_CHANNEL_TXOUTCLK[3]_1  {rise@0.000ns fall@1.000ns period=2.000ns})
  Path Group:             GTYE4_CHANNEL_TXOUTCLK[3]_1
  Path Type:              Setup (Max at Slow Process Corner)
  Requirement:            2.000ns  (GTYE4_CHANNEL_TXOUTCLK[3]_1 rise@2.000ns - bd_xdma_axi_aclk rise@0.000ns)
  Data Path Delay:        1.339ns  (logic 0.180ns (13.439%)  route 1.159ns (86.561%))
  Logic Levels:           1  (LUT2=1)
  Clock Path Skew:        -0.143ns (DCD - SCD + CPR)
    Destination Clock Delay (DCD):    1.830ns = ( 3.830 - 2.000 ) 
    Source Clock Delay      (SCD):    1.974ns
    Clock Pessimism Removal (CPR):    0.001ns
  Clock Uncertainty:      0.046ns  ((TSJ^2 + DJ^2)^1/2) / 2 + PE
    Total System Jitter     (TSJ):    0.071ns
    Discrete Jitter          (DJ):    0.060ns
    Phase Error              (PE):    0.000ns
  Clock Net Delay (Source):      1.759ns (routing 0.849ns, distribution 0.910ns)
  Clock Net Delay (Destination): 1.638ns (routing 0.771ns, distribution 0.867ns)

    Location             Delay type                Incr(ns)  Path(ns)    Netlist Resource(s)
  -------------------------------------------------------------------    -------------------
                         (clock bd_xdma_axi_aclk rise edge)
                                                      0.000     0.000 r  
    GTYE4_CHANNEL_X0Y7   GTYE4_CHANNEL                0.000     0.000 r  bd_ab_i/bd_xdma/inst/pcie4_ip_i/inst/bd_ab_bd_xdma_0_pcie4_ip_gt_top_i/diablo_gt.diablo_gt_phy_wrapper/gt_wizard.gtwizard_top_i/bd_ab_bd_xdma_0_pcie4_ip_gt_i/inst/gen_gtwizard_gtye4_top.bd_ab_bd_xdma_0_pcie4_ip_gt_gtwizard_gtye4_inst/gen_gtwizard_gtye4.gen_channel_container[1].gen_enabled_channel.gtye4_channel_wrapper_inst/channel_inst/gtye4_channel_gen.gen_gtye4_channel_inst[3].GTYE4_CHANNEL_PRIM_INST/TXOUTCLK
                         net (fo=7, routed)           0.085     0.085    bd_ab_i/bd_xdma/inst/pcie4_ip_i/inst/bd_ab_bd_xdma_0_pcie4_ip_gt_top_i/diablo_gt.diablo_gt_phy_wrapper/phy_clk_i/GT_TXOUTCLK[0]
    BUFG_GT_X0Y39        BUFG_GT (Prop_BUFG_GT_I_O)
                                                      0.130     0.215 r  bd_ab_i/bd_xdma/inst/pcie4_ip_i/inst/bd_ab_bd_xdma_0_pcie4_ip_gt_top_i/diablo_gt.diablo_gt_phy_wrapper/phy_clk_i/bufg_gt_userclk/O
    X2Y0 (CLOCK_ROOT)    net (fo=19796, routed)       1.759     1.974    bd_ab_i/bd_xdma/inst/pcie4_ip_i/inst/bd_ab_bd_xdma_0_pcie4_ip_pcie_4_0_pipe_inst/pcie_4_0_init_ctrl_inst/PHY_USERCLK
    SLICE_X95Y30         FDCE                                         r  bd_ab_i/bd_xdma/inst/pcie4_ip_i/inst/bd_ab_bd_xdma_0_pcie4_ip_pcie_4_0_pipe_inst/pcie_4_0_init_ctrl_inst/reset_n_o_reg/C
  -------------------------------------------------------------------    -------------------
    SLICE_X95Y30         FDCE (Prop_FFF2_SLICEM_C_Q)
                                                      0.079     2.053 r  bd_ab_i/bd_xdma/inst/pcie4_ip_i/inst/bd_ab_bd_xdma_0_pcie4_ip_pcie_4_0_pipe_inst/pcie_4_0_init_ctrl_inst/reset_n_o_reg/Q
                         net (fo=115, routed)         1.101     3.154    bd_ab_i/bd_xdma/inst/pcie4_ip_i/inst/bd_ab_bd_xdma_0_pcie4_ip_pcie_4_0_pipe_inst/pcie_4_0_init_ctrl_inst/reset_n
    SLICE_X106Y9         LUT2 (Prop_H6LUT_SLICEM_I0_O)
                                                      0.101     3.255 r  bd_ab_i/bd_xdma/inst/pcie4_ip_i/inst/bd_ab_bd_xdma_0_pcie4_ip_pcie_4_0_pipe_inst/pcie_4_0_init_ctrl_inst/reset_n_core_clk_r[2]_i_1/O
                         net (fo=1, routed)           0.058     3.313    bd_ab_i/bd_xdma/inst/pcie4_ip_i/inst/bd_ab_bd_xdma_0_pcie4_ip_pcie_4_0_pipe_inst/pcie_4_0_init_ctrl_inst/reset_n_core_clk_r[2]_i_1_n_0
    SLICE_X106Y9         FDRE                                         r  bd_ab_i/bd_xdma/inst/pcie4_ip_i/inst/bd_ab_bd_xdma_0_pcie4_ip_pcie_4_0_pipe_inst/pcie_4_0_init_ctrl_inst/reset_n_core_clk_r_reg[2]/D
  -------------------------------------------------------------------    -------------------

                         (clock GTYE4_CHANNEL_TXOUTCLK[3]_1 rise edge)
                                                      2.000     2.000 r  
    GTYE4_CHANNEL_X0Y7   GTYE4_CHANNEL                0.000     2.000 r  bd_ab_i/bd_xdma/inst/pcie4_ip_i/inst/bd_ab_bd_xdma_0_pcie4_ip_gt_top_i/diablo_gt.diablo_gt_phy_wrapper/gt_wizard.gtwizard_top_i/bd_ab_bd_xdma_0_pcie4_ip_gt_i/inst/gen_gtwizard_gtye4_top.bd_ab_bd_xdma_0_pcie4_ip_gt_gtwizard_gtye4_inst/gen_gtwizard_gtye4.gen_channel_container[1].gen_enabled_channel.gtye4_channel_wrapper_inst/channel_inst/gtye4_channel_gen.gen_gtye4_channel_inst[3].GTYE4_CHANNEL_PRIM_INST/TXOUTCLK
                         net (fo=7, routed)           0.078     2.078    bd_ab_i/bd_xdma/inst/pcie4_ip_i/inst/bd_ab_bd_xdma_0_pcie4_ip_gt_top_i/diablo_gt.diablo_gt_phy_wrapper/phy_clk_i/GT_TXOUTCLK[0]
    BUFG_GT_X0Y43        BUFG_GT (Prop_BUFG_GT_I_O)
                                                      0.114     2.192 r  bd_ab_i/bd_xdma/inst/pcie4_ip_i/inst/bd_ab_bd_xdma_0_pcie4_ip_gt_top_i/diablo_gt.diablo_gt_phy_wrapper/phy_clk_i/bufg_gt_coreclk/O
    X2Y0 (CLOCK_ROOT)    net (fo=1960, routed)        1.638     3.830    bd_ab_i/bd_xdma/inst/pcie4_ip_i/inst/bd_ab_bd_xdma_0_pcie4_ip_pcie_4_0_pipe_inst/pcie_4_0_init_ctrl_inst/CLK
    SLICE_X106Y9         FDRE                                         r  bd_ab_i/bd_xdma/inst/pcie4_ip_i/inst/bd_ab_bd_xdma_0_pcie4_ip_pcie_4_0_pipe_inst/pcie_4_0_init_ctrl_inst/reset_n_core_clk_r_reg[2]/C
                         clock pessimism              0.001     3.831    
                         clock uncertainty           -0.046     3.785    
    SLICE_X106Y9         FDRE (Setup_HFF_SLICEM_C_D)
                                                      0.025     3.810    bd_ab_i/bd_xdma/inst/pcie4_ip_i/inst/bd_ab_bd_xdma_0_pcie4_ip_pcie_4_0_pipe_inst/pcie_4_0_init_ctrl_inst/reset_n_core_clk_r_reg[2]
  -------------------------------------------------------------------
                         required time                          3.810    
                         arrival time                          -3.313    
  -------------------------------------------------------------------
                         slack                                  0.496    





Min Delay Paths
--------------------------------------------------------------------------------------
Slack (MET) :             0.037ns  (arrival time - required time)
  Source:                 <hidden>
                            (rising edge-triggered cell FDRE clocked by bd_xdma_axi_aclk  {rise@0.000ns fall@2.000ns period=4.000ns})
  Destination:            bd_ab_i/bd_xdma/inst/pcie4_ip_i/inst/bd_ab_bd_xdma_0_pcie4_ip_pcie_4_0_pipe_inst/pcie_4_0_e4_inst/SAXISCCTDATA[215]
                            (rising edge-triggered cell PCIE40E4 clocked by GTYE4_CHANNEL_TXOUTCLK[3]_1  {rise@0.000ns fall@1.000ns period=2.000ns})
  Path Group:             GTYE4_CHANNEL_TXOUTCLK[3]_1
  Path Type:              Hold (Min at Fast Process Corner)
  Requirement:            0.000ns  (GTYE4_CHANNEL_TXOUTCLK[3]_1 rise@0.000ns - bd_xdma_axi_aclk rise@0.000ns)
  Data Path Delay:        0.494ns  (logic 0.041ns (8.300%)  route 0.453ns (91.700%))
  Logic Levels:           0  
  Clock Path Skew:        0.105ns (DCD - SCD - CPR)
    Destination Clock Delay (DCD):    1.238ns
    Source Clock Delay      (SCD):    1.133ns
    Clock Pessimism Removal (CPR):    0.001ns
  Clock Net Delay (Source):      1.008ns (routing 0.460ns, distribution 0.548ns)
  Clock Net Delay (Destination): 1.099ns (routing 0.514ns, distribution 0.585ns)
  Timing Exception:       MultiCycle Path   Setup -end   2    Hold  -end   1

    Location             Delay type                Incr(ns)  Path(ns)    Netlist Resource(s)
  -------------------------------------------------------------------    -------------------
                         (clock bd_xdma_axi_aclk rise edge)
                                                      0.000     0.000 r  
    GTYE4_CHANNEL_X0Y7   GTYE4_CHANNEL                0.000     0.000 r  bd_ab_i/bd_xdma/inst/pcie4_ip_i/inst/bd_ab_bd_xdma_0_pcie4_ip_gt_top_i/diablo_gt.diablo_gt_phy_wrapper/gt_wizard.gtwizard_top_i/bd_ab_bd_xdma_0_pcie4_ip_gt_i/inst/gen_gtwizard_gtye4_top.bd_ab_bd_xdma_0_pcie4_ip_gt_gtwizard_gtye4_inst/gen_gtwizard_gtye4.gen_channel_container[1].gen_enabled_channel.gtye4_channel_wrapper_inst/channel_inst/gtye4_channel_gen.gen_gtye4_channel_inst[3].GTYE4_CHANNEL_PRIM_INST/TXOUTCLK
                         net (fo=7, routed)           0.052     0.052    bd_ab_i/bd_xdma/inst/pcie4_ip_i/inst/bd_ab_bd_xdma_0_pcie4_ip_gt_top_i/diablo_gt.diablo_gt_phy_wrapper/phy_clk_i/GT_TXOUTCLK[0]
    BUFG_GT_X0Y39        BUFG_GT (Prop_BUFG_GT_I_O)
                                                      0.073     0.125 r  bd_ab_i/bd_xdma/inst/pcie4_ip_i/inst/bd_ab_bd_xdma_0_pcie4_ip_gt_top_i/diablo_gt.diablo_gt_phy_wrapper/phy_clk_i/bufg_gt_userclk/O
    X2Y0 (CLOCK_ROOT)    net (fo=19796, routed)       1.008     1.133    <hidden>
    SLICE_X102Y43        FDRE                                         r  <hidden>
  -------------------------------------------------------------------    -------------------
    SLICE_X102Y43        FDRE (Prop_DFF2_SLICEL_C_Q)
                                                      0.041     1.174 r  <hidden>
                         net (fo=1, routed)           0.453     1.627    bd_ab_i/bd_xdma/inst/pcie4_ip_i/inst/bd_ab_bd_xdma_0_pcie4_ip_pcie_4_0_pipe_inst/s_axis_cc_tdata[215]
    PCIE40E4_X0Y0        PCIE40E4                                     r  bd_ab_i/bd_xdma/inst/pcie4_ip_i/inst/bd_ab_bd_xdma_0_pcie4_ip_pcie_4_0_pipe_inst/pcie_4_0_e4_inst/SAXISCCTDATA[215]
  -------------------------------------------------------------------    -------------------

                         (clock GTYE4_CHANNEL_TXOUTCLK[3]_1 rise edge)
                                                      0.000     0.000 r  
    GTYE4_CHANNEL_X0Y7   GTYE4_CHANNEL                0.000     0.000 r  bd_ab_i/bd_xdma/inst/pcie4_ip_i/inst/bd_ab_bd_xdma_0_pcie4_ip_gt_top_i/diablo_gt.diablo_gt_phy_wrapper/gt_wizard.gtwizard_top_i/bd_ab_bd_xdma_0_pcie4_ip_gt_i/inst/gen_gtwizard_gtye4_top.bd_ab_bd_xdma_0_pcie4_ip_gt_gtwizard_gtye4_inst/gen_gtwizard_gtye4.gen_channel_container[1].gen_enabled_channel.gtye4_channel_wrapper_inst/channel_inst/gtye4_channel_gen.gen_gtye4_channel_inst[3].GTYE4_CHANNEL_PRIM_INST/TXOUTCLK
                         net (fo=7, routed)           0.057     0.057    bd_ab_i/bd_xdma/inst/pcie4_ip_i/inst/bd_ab_bd_xdma_0_pcie4_ip_gt_top_i/diablo_gt.diablo_gt_phy_wrapper/phy_clk_i/GT_TXOUTCLK[0]
    BUFG_GT_X0Y43        BUFG_GT (Prop_BUFG_GT_I_O)
                                                      0.082     0.139 r  bd_ab_i/bd_xdma/inst/pcie4_ip_i/inst/bd_ab_bd_xdma_0_pcie4_ip_gt_top_i/diablo_gt.diablo_gt_phy_wrapper/phy_clk_i/bufg_gt_coreclk/O
    X2Y0 (CLOCK_ROOT)    net (fo=1960, routed)        1.099     1.238    bd_ab_i/bd_xdma/inst/pcie4_ip_i/inst/bd_ab_bd_xdma_0_pcie4_ip_pcie_4_0_pipe_inst/CLK
    PCIE40E4_X0Y0        PCIE40E4                                     r  bd_ab_i/bd_xdma/inst/pcie4_ip_i/inst/bd_ab_bd_xdma_0_pcie4_ip_pcie_4_0_pipe_inst/pcie_4_0_e4_inst/CORECLK
                         clock pessimism             -0.001     1.237    
    PCIE40E4_X0Y0        PCIE40E4 (Hold_PCIE40E4_CORECLK_SAXISCCTDATA[215])
                                                      0.352     1.589    bd_ab_i/bd_xdma/inst/pcie4_ip_i/inst/bd_ab_bd_xdma_0_pcie4_ip_pcie_4_0_pipe_inst/pcie_4_0_e4_inst
  -------------------------------------------------------------------
                         required time                         -1.589    
                         arrival time                           1.627    
  -------------------------------------------------------------------
                         slack                                  0.037    





---------------------------------------------------------------------------------------------------
From Clock:  GTYE4_CHANNEL_TXOUTCLK[3]_1
  To Clock:  bd_xdma_axi_aclk

Setup :            0  Failing Endpoints,  Worst Slack        0.430ns,  Total Violation        0.000ns
Hold  :            0  Failing Endpoints,  Worst Slack        0.042ns,  Total Violation        0.000ns
---------------------------------------------------------------------------------------------------


Max Delay Paths
--------------------------------------------------------------------------------------
Slack (MET) :             0.430ns  (required time - arrival time)
  Source:                 bd_ab_i/bd_xdma/inst/pcie4_ip_i/inst/bd_ab_bd_xdma_0_pcie4_ip_pcie_4_0_pipe_inst/pcie_4_0_e4_inst/CORECLK
                            (rising edge-triggered cell PCIE40E4 clocked by GTYE4_CHANNEL_TXOUTCLK[3]_1  {rise@0.000ns fall@1.000ns period=2.000ns})
  Destination:            <hidden>
                            (rising edge-triggered cell FDRE clocked by bd_xdma_axi_aclk  {rise@0.000ns fall@2.000ns period=4.000ns})
  Path Group:             bd_xdma_axi_aclk
  Path Type:              Setup (Max at Slow Process Corner)
  Requirement:            4.000ns  (bd_xdma_axi_aclk rise@4.000ns - GTYE4_CHANNEL_TXOUTCLK[3]_1 rise@0.000ns)
  Data Path Delay:        3.260ns  (logic 0.974ns (29.880%)  route 2.286ns (70.120%))
  Logic Levels:           4  (LUT4=1 LUT6=3)
  Clock Path Skew:        -0.203ns (DCD - SCD + CPR)
    Destination Clock Delay (DCD):    1.780ns = ( 5.780 - 4.000 ) 
    Source Clock Delay      (SCD):    1.984ns = ( 3.984 - 2.000 ) 
    Clock Pessimism Removal (CPR):    0.001ns
  Clock Uncertainty:      0.046ns  ((TSJ^2 + DJ^2)^1/2) / 2 + PE
    Total System Jitter     (TSJ):    0.071ns
    Discrete Jitter          (DJ):    0.060ns
    Phase Error              (PE):    0.000ns
  Clock Net Delay (Source):      1.769ns (routing 0.850ns, distribution 0.919ns)
  Clock Net Delay (Destination): 1.588ns (routing 0.767ns, distribution 0.821ns)
  Timing Exception:       MultiCycle Path   Setup -start 2

    Location             Delay type                Incr(ns)  Path(ns)    Netlist Resource(s)
  -------------------------------------------------------------------    -------------------
                         (clock GTYE4_CHANNEL_TXOUTCLK[3]_1 rise edge)
                                                      0.000     0.000 r  
    GTYE4_CHANNEL_X0Y7   GTYE4_CHANNEL                0.000     0.000 r  bd_ab_i/bd_xdma/inst/pcie4_ip_i/inst/bd_ab_bd_xdma_0_pcie4_ip_gt_top_i/diablo_gt.diablo_gt_phy_wrapper/gt_wizard.gtwizard_top_i/bd_ab_bd_xdma_0_pcie4_ip_gt_i/inst/gen_gtwizard_gtye4_top.bd_ab_bd_xdma_0_pcie4_ip_gt_gtwizard_gtye4_inst/gen_gtwizard_gtye4.gen_channel_container[1].gen_enabled_channel.gtye4_channel_wrapper_inst/channel_inst/gtye4_channel_gen.gen_gtye4_channel_inst[3].GTYE4_CHANNEL_PRIM_INST/TXOUTCLK
                         net (fo=7, routed)           0.085     0.085    bd_ab_i/bd_xdma/inst/pcie4_ip_i/inst/bd_ab_bd_xdma_0_pcie4_ip_gt_top_i/diablo_gt.diablo_gt_phy_wrapper/phy_clk_i/GT_TXOUTCLK[0]
    BUFG_GT_X0Y43        BUFG_GT (Prop_BUFG_GT_I_O)
                                                      0.130     0.215 r  bd_ab_i/bd_xdma/inst/pcie4_ip_i/inst/bd_ab_bd_xdma_0_pcie4_ip_gt_top_i/diablo_gt.diablo_gt_phy_wrapper/phy_clk_i/bufg_gt_coreclk/O
    X2Y0 (CLOCK_ROOT)    net (fo=1960, routed)        1.769     1.984    bd_ab_i/bd_xdma/inst/pcie4_ip_i/inst/bd_ab_bd_xdma_0_pcie4_ip_pcie_4_0_pipe_inst/CLK
    PCIE40E4_X0Y0        PCIE40E4                                     r  bd_ab_i/bd_xdma/inst/pcie4_ip_i/inst/bd_ab_bd_xdma_0_pcie4_ip_pcie_4_0_pipe_inst/pcie_4_0_e4_inst/CORECLK
  -------------------------------------------------------------------    -------------------
    PCIE40E4_X0Y0        PCIE40E4 (Prop_PCIE40E4_CORECLK_SAXISCCTREADY[0])
                                                      0.681     2.665 r  bd_ab_i/bd_xdma/inst/pcie4_ip_i/inst/bd_ab_bd_xdma_0_pcie4_ip_pcie_4_0_pipe_inst/pcie_4_0_e4_inst/SAXISCCTREADY[0]
                         net (fo=13, routed)          0.487     3.153    <hidden>
    SLICE_X102Y52        LUT6 (Prop_H6LUT_SLICEL_I1_O)
                                                      0.051     3.204 r  <hidden>
                         net (fo=11, routed)          0.533     3.737    <hidden>
    SLICE_X101Y54        LUT6 (Prop_G6LUT_SLICEM_I1_O)
                                                      0.052     3.789 r  <hidden>
                         net (fo=4, routed)           0.063     3.851    <hidden>
    SLICE_X101Y54        LUT4 (Prop_A5LUT_SLICEM_I1_O)
                                                      0.139     3.990 r  <hidden>
                         net (fo=6, routed)           0.474     4.465    <hidden>
    SLICE_X102Y53        LUT6 (Prop_H6LUT_SLICEL_I5_O)
                                                      0.051     4.516 r  <hidden>
                         net (fo=63, routed)          0.729     5.244    <hidden>
    SLICE_X99Y50         FDRE                                         r  <hidden>
  -------------------------------------------------------------------    -------------------

                         (clock bd_xdma_axi_aclk rise edge)
                                                      4.000     4.000 r  
    GTYE4_CHANNEL_X0Y7   GTYE4_CHANNEL                0.000     4.000 r  bd_ab_i/bd_xdma/inst/pcie4_ip_i/inst/bd_ab_bd_xdma_0_pcie4_ip_gt_top_i/diablo_gt.diablo_gt_phy_wrapper/gt_wizard.gtwizard_top_i/bd_ab_bd_xdma_0_pcie4_ip_gt_i/inst/gen_gtwizard_gtye4_top.bd_ab_bd_xdma_0_pcie4_ip_gt_gtwizard_gtye4_inst/gen_gtwizard_gtye4.gen_channel_container[1].gen_enabled_channel.gtye4_channel_wrapper_inst/channel_inst/gtye4_channel_gen.gen_gtye4_channel_inst[3].GTYE4_CHANNEL_PRIM_INST/TXOUTCLK
                         net (fo=7, routed)           0.078     4.078    bd_ab_i/bd_xdma/inst/pcie4_ip_i/inst/bd_ab_bd_xdma_0_pcie4_ip_gt_top_i/diablo_gt.diablo_gt_phy_wrapper/phy_clk_i/GT_TXOUTCLK[0]
    BUFG_GT_X0Y39        BUFG_GT (Prop_BUFG_GT_I_O)
                                                      0.114     4.192 r  bd_ab_i/bd_xdma/inst/pcie4_ip_i/inst/bd_ab_bd_xdma_0_pcie4_ip_gt_top_i/diablo_gt.diablo_gt_phy_wrapper/phy_clk_i/bufg_gt_userclk/O
    X2Y0 (CLOCK_ROOT)    net (fo=19796, routed)       1.588     5.780    <hidden>
    SLICE_X99Y50         FDRE                                         r  <hidden>
                         clock pessimism              0.001     5.781    
                         clock uncertainty           -0.046     5.734    
    SLICE_X99Y50         FDRE (Setup_HFF_SLICEL_C_CE)
                                                     -0.060     5.674    <hidden>
  -------------------------------------------------------------------
                         required time                          5.674    
                         arrival time                          -5.244    
  -------------------------------------------------------------------
                         slack                                  0.430    





Min Delay Paths
--------------------------------------------------------------------------------------
Slack (MET) :             0.042ns  (arrival time - required time)
  Source:                 bd_ab_i/bd_xdma/inst/pcie4_ip_i/inst/bd_ab_bd_xdma_0_pcie4_ip_pcie_4_0_pipe_inst/seqnum_fifo.seq_fifo_0/reg_ram_reg[6][6]/C
                            (rising edge-triggered cell FDCE clocked by GTYE4_CHANNEL_TXOUTCLK[3]_1  {rise@0.000ns fall@1.000ns period=2.000ns})
  Destination:            bd_ab_i/bd_xdma/inst/pcie4_ip_i/inst/bd_ab_bd_xdma_0_pcie4_ip_pcie_4_0_pipe_inst/seqnum_fifo.seq_fifo_0/reg_out_data_reg[6]/D
                            (rising edge-triggered cell FDCE clocked by bd_xdma_axi_aclk  {rise@0.000ns fall@2.000ns period=4.000ns})
  Path Group:             bd_xdma_axi_aclk
  Path Type:              Hold (Min at Slow Process Corner)
  Requirement:            0.000ns  (bd_xdma_axi_aclk rise@0.000ns - GTYE4_CHANNEL_TXOUTCLK[3]_1 rise@0.000ns)
  Data Path Delay:        0.338ns  (logic 0.136ns (40.237%)  route 0.202ns (59.763%))
  Logic Levels:           3  (LUT6=2 MUXF7=1)
  Clock Path Skew:        0.236ns (DCD - SCD - CPR)
    Destination Clock Delay (DCD):    2.064ns
    Source Clock Delay      (SCD):    1.827ns
    Clock Pessimism Removal (CPR):    0.001ns
  Clock Net Delay (Source):      1.635ns (routing 0.771ns, distribution 0.864ns)
  Clock Net Delay (Destination): 1.849ns (routing 0.849ns, distribution 1.000ns)

    Location             Delay type                Incr(ns)  Path(ns)    Netlist Resource(s)
  -------------------------------------------------------------------    -------------------
                         (clock GTYE4_CHANNEL_TXOUTCLK[3]_1 rise edge)
                                                      0.000     0.000 r  
    GTYE4_CHANNEL_X0Y7   GTYE4_CHANNEL                0.000     0.000 r  bd_ab_i/bd_xdma/inst/pcie4_ip_i/inst/bd_ab_bd_xdma_0_pcie4_ip_gt_top_i/diablo_gt.diablo_gt_phy_wrapper/gt_wizard.gtwizard_top_i/bd_ab_bd_xdma_0_pcie4_ip_gt_i/inst/gen_gtwizard_gtye4_top.bd_ab_bd_xdma_0_pcie4_ip_gt_gtwizard_gtye4_inst/gen_gtwizard_gtye4.gen_channel_container[1].gen_enabled_channel.gtye4_channel_wrapper_inst/channel_inst/gtye4_channel_gen.gen_gtye4_channel_inst[3].GTYE4_CHANNEL_PRIM_INST/TXOUTCLK
                         net (fo=7, routed)           0.078     0.078    bd_ab_i/bd_xdma/inst/pcie4_ip_i/inst/bd_ab_bd_xdma_0_pcie4_ip_gt_top_i/diablo_gt.diablo_gt_phy_wrapper/phy_clk_i/GT_TXOUTCLK[0]
    BUFG_GT_X0Y43        BUFG_GT (Prop_BUFG_GT_I_O)
                                                      0.114     0.192 r  bd_ab_i/bd_xdma/inst/pcie4_ip_i/inst/bd_ab_bd_xdma_0_pcie4_ip_gt_top_i/diablo_gt.diablo_gt_phy_wrapper/phy_clk_i/bufg_gt_coreclk/O
    X2Y0 (CLOCK_ROOT)    net (fo=1960, routed)        1.635     1.827    bd_ab_i/bd_xdma/inst/pcie4_ip_i/inst/bd_ab_bd_xdma_0_pcie4_ip_pcie_4_0_pipe_inst/seqnum_fifo.seq_fifo_0/CLK
    SLICE_X111Y20        FDCE                                         r  bd_ab_i/bd_xdma/inst/pcie4_ip_i/inst/bd_ab_bd_xdma_0_pcie4_ip_pcie_4_0_pipe_inst/seqnum_fifo.seq_fifo_0/reg_ram_reg[6][6]/C
  -------------------------------------------------------------------    -------------------
    SLICE_X111Y20        FDCE (Prop_GFF2_SLICEL_C_Q)
                                                      0.060     1.887 r  bd_ab_i/bd_xdma/inst/pcie4_ip_i/inst/bd_ab_bd_xdma_0_pcie4_ip_pcie_4_0_pipe_inst/seqnum_fifo.seq_fifo_0/reg_ram_reg[6][6]/Q
                         net (fo=1, routed)           0.091     1.978    bd_ab_i/bd_xdma/inst/pcie4_ip_i/inst/bd_ab_bd_xdma_0_pcie4_ip_pcie_4_0_pipe_inst/seqnum_fifo.seq_fifo_0/reg_ram_reg[6]_9[6]
    SLICE_X111Y21        LUT6 (Prop_G6LUT_SLICEL_I1_O)
                                                      0.022     2.000 r  bd_ab_i/bd_xdma/inst/pcie4_ip_i/inst/bd_ab_bd_xdma_0_pcie4_ip_pcie_4_0_pipe_inst/seqnum_fifo.seq_fifo_0/reg_out_data[6]_i_6/O
                         net (fo=1, routed)           0.009     2.009    bd_ab_i/bd_xdma/inst/pcie4_ip_i/inst/bd_ab_bd_xdma_0_pcie4_ip_pcie_4_0_pipe_inst/seqnum_fifo.seq_fifo_0/reg_out_data[6]_i_6_n_0
    SLICE_X111Y21        MUXF7 (Prop_F7MUX_GH_SLICEL_I1_O)
                                                      0.019     2.028 r  bd_ab_i/bd_xdma/inst/pcie4_ip_i/inst/bd_ab_bd_xdma_0_pcie4_ip_pcie_4_0_pipe_inst/seqnum_fifo.seq_fifo_0/reg_out_data_reg[6]_i_2/O
                         net (fo=1, routed)           0.078     2.106    bd_ab_i/bd_xdma/inst/pcie4_ip_i/inst/bd_ab_bd_xdma_0_pcie4_ip_pcie_4_0_pipe_inst/seqnum_fifo.seq_fifo_0/reg_out_data_reg[6]_i_2_n_0
    SLICE_X111Y20        LUT6 (Prop_C6LUT_SLICEL_I1_O)
                                                      0.035     2.141 r  bd_ab_i/bd_xdma/inst/pcie4_ip_i/inst/bd_ab_bd_xdma_0_pcie4_ip_pcie_4_0_pipe_inst/seqnum_fifo.seq_fifo_0/reg_out_data[6]_i_1/O
                         net (fo=1, routed)           0.024     2.165    bd_ab_i/bd_xdma/inst/pcie4_ip_i/inst/bd_ab_bd_xdma_0_pcie4_ip_pcie_4_0_pipe_inst/seqnum_fifo.seq_fifo_0/reg_out_data[6]_i_1_n_0
    SLICE_X111Y20        FDCE                                         r  bd_ab_i/bd_xdma/inst/pcie4_ip_i/inst/bd_ab_bd_xdma_0_pcie4_ip_pcie_4_0_pipe_inst/seqnum_fifo.seq_fifo_0/reg_out_data_reg[6]/D
  -------------------------------------------------------------------    -------------------

                         (clock bd_xdma_axi_aclk rise edge)
                                                      0.000     0.000 r  
    GTYE4_CHANNEL_X0Y7   GTYE4_CHANNEL                0.000     0.000 r  bd_ab_i/bd_xdma/inst/pcie4_ip_i/inst/bd_ab_bd_xdma_0_pcie4_ip_gt_top_i/diablo_gt.diablo_gt_phy_wrapper/gt_wizard.gtwizard_top_i/bd_ab_bd_xdma_0_pcie4_ip_gt_i/inst/gen_gtwizard_gtye4_top.bd_ab_bd_xdma_0_pcie4_ip_gt_gtwizard_gtye4_inst/gen_gtwizard_gtye4.gen_channel_container[1].gen_enabled_channel.gtye4_channel_wrapper_inst/channel_inst/gtye4_channel_gen.gen_gtye4_channel_inst[3].GTYE4_CHANNEL_PRIM_INST/TXOUTCLK
                         net (fo=7, routed)           0.085     0.085    bd_ab_i/bd_xdma/inst/pcie4_ip_i/inst/bd_ab_bd_xdma_0_pcie4_ip_gt_top_i/diablo_gt.diablo_gt_phy_wrapper/phy_clk_i/GT_TXOUTCLK[0]
    BUFG_GT_X0Y39        BUFG_GT (Prop_BUFG_GT_I_O)
                                                      0.130     0.215 r  bd_ab_i/bd_xdma/inst/pcie4_ip_i/inst/bd_ab_bd_xdma_0_pcie4_ip_gt_top_i/diablo_gt.diablo_gt_phy_wrapper/phy_clk_i/bufg_gt_userclk/O
    X2Y0 (CLOCK_ROOT)    net (fo=19796, routed)       1.849     2.064    bd_ab_i/bd_xdma/inst/pcie4_ip_i/inst/bd_ab_bd_xdma_0_pcie4_ip_pcie_4_0_pipe_inst/seqnum_fifo.seq_fifo_0/PHY_USERCLK
    SLICE_X111Y20        FDCE                                         r  bd_ab_i/bd_xdma/inst/pcie4_ip_i/inst/bd_ab_bd_xdma_0_pcie4_ip_pcie_4_0_pipe_inst/seqnum_fifo.seq_fifo_0/reg_out_data_reg[6]/C
                         clock pessimism             -0.001     2.063    
    SLICE_X111Y20        FDCE (Hold_CFF_SLICEL_C_D)
                                                      0.060     2.123    bd_ab_i/bd_xdma/inst/pcie4_ip_i/inst/bd_ab_bd_xdma_0_pcie4_ip_pcie_4_0_pipe_inst/seqnum_fifo.seq_fifo_0/reg_out_data_reg[6]
  -------------------------------------------------------------------
                         required time                         -2.123    
                         arrival time                           2.165    
  -------------------------------------------------------------------
                         slack                                  0.042    





---------------------------------------------------------------------------------------------------
From Clock:  pipe_clk
  To Clock:  bd_xdma_axi_aclk

Setup :            0  Failing Endpoints,  Worst Slack        1.710ns,  Total Violation        0.000ns
Hold  :            0  Failing Endpoints,  Worst Slack        0.488ns,  Total Violation        0.000ns
---------------------------------------------------------------------------------------------------


Max Delay Paths
--------------------------------------------------------------------------------------
Slack (MET) :             1.710ns  (required time - arrival time)
  Source:                 bd_ab_i/bd_xdma/inst/pcie4_ip_i/inst/bd_ab_bd_xdma_0_pcie4_ip_gt_top_i/diablo_gt.diablo_gt_phy_wrapper/rst_psrst_n_r_rep_reg/C
                            (rising edge-triggered cell FDRE clocked by pipe_clk  {rise@0.000ns fall@2.000ns period=4.000ns})
  Destination:            bd_ab_i/bd_xdma/inst/pcie4_ip_i/inst/bd_ab_bd_xdma_0_pcie4_ip_pcie_4_0_pipe_inst/pcie_4_0_init_ctrl_inst/reg_phy_rdy_reg[0]/D
                            (rising edge-triggered cell FDRE clocked by bd_xdma_axi_aclk  {rise@0.000ns fall@2.000ns period=4.000ns})
  Path Group:             bd_xdma_axi_aclk
  Path Type:              Setup (Max at Slow Process Corner)
  Requirement:            4.000ns  (bd_xdma_axi_aclk rise@4.000ns - pipe_clk rise@0.000ns)
  Data Path Delay:        1.956ns  (logic 0.076ns (3.886%)  route 1.880ns (96.114%))
  Logic Levels:           0  
  Clock Path Skew:        -0.312ns (DCD - SCD + CPR)
    Destination Clock Delay (DCD):    1.750ns = ( 5.750 - 4.000 ) 
    Source Clock Delay      (SCD):    2.063ns
    Clock Pessimism Removal (CPR):    0.001ns
  Clock Uncertainty:      0.046ns  ((TSJ^2 + DJ^2)^1/2) / 2 + PE
    Total System Jitter     (TSJ):    0.071ns
    Discrete Jitter          (DJ):    0.060ns
    Phase Error              (PE):    0.000ns
  Clock Net Delay (Source):      1.848ns (routing 0.850ns, distribution 0.998ns)
  Clock Net Delay (Destination): 1.558ns (routing 0.767ns, distribution 0.791ns)

    Location             Delay type                Incr(ns)  Path(ns)    Netlist Resource(s)
  -------------------------------------------------------------------    -------------------
                         (clock pipe_clk rise edge)
                                                      0.000     0.000 r  
    GTYE4_CHANNEL_X0Y7   GTYE4_CHANNEL                0.000     0.000 r  bd_ab_i/bd_xdma/inst/pcie4_ip_i/inst/bd_ab_bd_xdma_0_pcie4_ip_gt_top_i/diablo_gt.diablo_gt_phy_wrapper/gt_wizard.gtwizard_top_i/bd_ab_bd_xdma_0_pcie4_ip_gt_i/inst/gen_gtwizard_gtye4_top.bd_ab_bd_xdma_0_pcie4_ip_gt_gtwizard_gtye4_inst/gen_gtwizard_gtye4.gen_channel_container[1].gen_enabled_channel.gtye4_channel_wrapper_inst/channel_inst/gtye4_channel_gen.gen_gtye4_channel_inst[3].GTYE4_CHANNEL_PRIM_INST/TXOUTCLK
                         net (fo=7, routed)           0.085     0.085    bd_ab_i/bd_xdma/inst/pcie4_ip_i/inst/bd_ab_bd_xdma_0_pcie4_ip_gt_top_i/diablo_gt.diablo_gt_phy_wrapper/phy_clk_i/GT_TXOUTCLK[0]
    BUFG_GT_X0Y40        BUFG_GT (Prop_BUFG_GT_I_O)
                                                      0.130     0.215 r  bd_ab_i/bd_xdma/inst/pcie4_ip_i/inst/bd_ab_bd_xdma_0_pcie4_ip_gt_top_i/diablo_gt.diablo_gt_phy_wrapper/phy_clk_i/bufg_gt_pclk/O
    X2Y0 (CLOCK_ROOT)    net (fo=2246, routed)        1.848     2.063    bd_ab_i/bd_xdma/inst/pcie4_ip_i/inst/bd_ab_bd_xdma_0_pcie4_ip_gt_top_i/diablo_gt.diablo_gt_phy_wrapper/CLK_PCLK2
    SLICE_X106Y43        FDRE                                         r  bd_ab_i/bd_xdma/inst/pcie4_ip_i/inst/bd_ab_bd_xdma_0_pcie4_ip_gt_top_i/diablo_gt.diablo_gt_phy_wrapper/rst_psrst_n_r_rep_reg/C
  -------------------------------------------------------------------    -------------------
    SLICE_X106Y43        FDRE (Prop_EFF_SLICEM_C_Q)
                                                      0.076     2.139 r  bd_ab_i/bd_xdma/inst/pcie4_ip_i/inst/bd_ab_bd_xdma_0_pcie4_ip_gt_top_i/diablo_gt.diablo_gt_phy_wrapper/rst_psrst_n_r_rep_reg/Q
                         net (fo=357, routed)         1.880     4.019    bd_ab_i/bd_xdma/inst/pcie4_ip_i/inst/bd_ab_bd_xdma_0_pcie4_ip_pcie_4_0_pipe_inst/pcie_4_0_init_ctrl_inst/reg_phy_rdy_reg[0]_0[0]
    SLICE_X95Y35         FDRE                                         r  bd_ab_i/bd_xdma/inst/pcie4_ip_i/inst/bd_ab_bd_xdma_0_pcie4_ip_pcie_4_0_pipe_inst/pcie_4_0_init_ctrl_inst/reg_phy_rdy_reg[0]/D
  -------------------------------------------------------------------    -------------------

                         (clock bd_xdma_axi_aclk rise edge)
                                                      4.000     4.000 r  
    GTYE4_CHANNEL_X0Y7   GTYE4_CHANNEL                0.000     4.000 r  bd_ab_i/bd_xdma/inst/pcie4_ip_i/inst/bd_ab_bd_xdma_0_pcie4_ip_gt_top_i/diablo_gt.diablo_gt_phy_wrapper/gt_wizard.gtwizard_top_i/bd_ab_bd_xdma_0_pcie4_ip_gt_i/inst/gen_gtwizard_gtye4_top.bd_ab_bd_xdma_0_pcie4_ip_gt_gtwizard_gtye4_inst/gen_gtwizard_gtye4.gen_channel_container[1].gen_enabled_channel.gtye4_channel_wrapper_inst/channel_inst/gtye4_channel_gen.gen_gtye4_channel_inst[3].GTYE4_CHANNEL_PRIM_INST/TXOUTCLK
                         net (fo=7, routed)           0.078     4.078    bd_ab_i/bd_xdma/inst/pcie4_ip_i/inst/bd_ab_bd_xdma_0_pcie4_ip_gt_top_i/diablo_gt.diablo_gt_phy_wrapper/phy_clk_i/GT_TXOUTCLK[0]
    BUFG_GT_X0Y39        BUFG_GT (Prop_BUFG_GT_I_O)
                                                      0.114     4.192 r  bd_ab_i/bd_xdma/inst/pcie4_ip_i/inst/bd_ab_bd_xdma_0_pcie4_ip_gt_top_i/diablo_gt.diablo_gt_phy_wrapper/phy_clk_i/bufg_gt_userclk/O
    X2Y0 (CLOCK_ROOT)    net (fo=19796, routed)       1.558     5.750    bd_ab_i/bd_xdma/inst/pcie4_ip_i/inst/bd_ab_bd_xdma_0_pcie4_ip_pcie_4_0_pipe_inst/pcie_4_0_init_ctrl_inst/PHY_USERCLK
    SLICE_X95Y35         FDRE                                         r  bd_ab_i/bd_xdma/inst/pcie4_ip_i/inst/bd_ab_bd_xdma_0_pcie4_ip_pcie_4_0_pipe_inst/pcie_4_0_init_ctrl_inst/reg_phy_rdy_reg[0]/C
                         clock pessimism              0.001     5.751    
                         clock uncertainty           -0.046     5.704    
    SLICE_X95Y35         FDRE (Setup_DFF2_SLICEM_C_D)
                                                      0.025     5.729    bd_ab_i/bd_xdma/inst/pcie4_ip_i/inst/bd_ab_bd_xdma_0_pcie4_ip_pcie_4_0_pipe_inst/pcie_4_0_init_ctrl_inst/reg_phy_rdy_reg[0]
  -------------------------------------------------------------------
                         required time                          5.729    
                         arrival time                          -4.019    
  -------------------------------------------------------------------
                         slack                                  1.710    





Min Delay Paths
--------------------------------------------------------------------------------------
Slack (MET) :             0.488ns  (arrival time - required time)
  Source:                 bd_ab_i/bd_xdma/inst/pcie4_ip_i/inst/bd_ab_bd_xdma_0_pcie4_ip_gt_top_i/diablo_gt.diablo_gt_phy_wrapper/rst_psrst_n_r_rep_reg/C
                            (rising edge-triggered cell FDRE clocked by pipe_clk  {rise@0.000ns fall@2.000ns period=4.000ns})
  Destination:            bd_ab_i/bd_xdma/inst/pcie4_ip_i/inst/bd_ab_bd_xdma_0_pcie4_ip_pcie_4_0_pipe_inst/pcie_4_0_init_ctrl_inst/reg_reset_timer_reg[0]/R
                            (rising edge-triggered cell FDRE clocked by bd_xdma_axi_aclk  {rise@0.000ns fall@2.000ns period=4.000ns})
  Path Group:             bd_xdma_axi_aclk
  Path Type:              Hold (Min at Fast Process Corner)
  Requirement:            0.000ns  (bd_xdma_axi_aclk rise@0.000ns - pipe_clk rise@0.000ns)
  Data Path Delay:        0.589ns  (logic 0.038ns (6.457%)  route 0.551ns (93.543%))
  Logic Levels:           0  
  Clock Path Skew:        0.110ns (DCD - SCD - CPR)
    Destination Clock Delay (DCD):    1.250ns
    Source Clock Delay      (SCD):    1.139ns
    Clock Pessimism Removal (CPR):    0.001ns
  Clock Net Delay (Source):      1.014ns (routing 0.461ns, distribution 0.553ns)
  Clock Net Delay (Destination): 1.111ns (routing 0.513ns, distribution 0.598ns)

    Location             Delay type                Incr(ns)  Path(ns)    Netlist Resource(s)
  -------------------------------------------------------------------    -------------------
                         (clock pipe_clk rise edge)
                                                      0.000     0.000 r  
    GTYE4_CHANNEL_X0Y7   GTYE4_CHANNEL                0.000     0.000 r  bd_ab_i/bd_xdma/inst/pcie4_ip_i/inst/bd_ab_bd_xdma_0_pcie4_ip_gt_top_i/diablo_gt.diablo_gt_phy_wrapper/gt_wizard.gtwizard_top_i/bd_ab_bd_xdma_0_pcie4_ip_gt_i/inst/gen_gtwizard_gtye4_top.bd_ab_bd_xdma_0_pcie4_ip_gt_gtwizard_gtye4_inst/gen_gtwizard_gtye4.gen_channel_container[1].gen_enabled_channel.gtye4_channel_wrapper_inst/channel_inst/gtye4_channel_gen.gen_gtye4_channel_inst[3].GTYE4_CHANNEL_PRIM_INST/TXOUTCLK
                         net (fo=7, routed)           0.052     0.052    bd_ab_i/bd_xdma/inst/pcie4_ip_i/inst/bd_ab_bd_xdma_0_pcie4_ip_gt_top_i/diablo_gt.diablo_gt_phy_wrapper/phy_clk_i/GT_TXOUTCLK[0]
    BUFG_GT_X0Y40        BUFG_GT (Prop_BUFG_GT_I_O)
                                                      0.073     0.125 r  bd_ab_i/bd_xdma/inst/pcie4_ip_i/inst/bd_ab_bd_xdma_0_pcie4_ip_gt_top_i/diablo_gt.diablo_gt_phy_wrapper/phy_clk_i/bufg_gt_pclk/O
    X2Y0 (CLOCK_ROOT)    net (fo=2246, routed)        1.014     1.139    bd_ab_i/bd_xdma/inst/pcie4_ip_i/inst/bd_ab_bd_xdma_0_pcie4_ip_gt_top_i/diablo_gt.diablo_gt_phy_wrapper/CLK_PCLK2
    SLICE_X106Y43        FDRE                                         r  bd_ab_i/bd_xdma/inst/pcie4_ip_i/inst/bd_ab_bd_xdma_0_pcie4_ip_gt_top_i/diablo_gt.diablo_gt_phy_wrapper/rst_psrst_n_r_rep_reg/C
  -------------------------------------------------------------------    -------------------
    SLICE_X106Y43        FDRE (Prop_EFF_SLICEM_C_Q)
                                                      0.038     1.177 f  bd_ab_i/bd_xdma/inst/pcie4_ip_i/inst/bd_ab_bd_xdma_0_pcie4_ip_gt_top_i/diablo_gt.diablo_gt_phy_wrapper/rst_psrst_n_r_rep_reg/Q
                         net (fo=357, routed)         0.551     1.727    bd_ab_i/bd_xdma/inst/pcie4_ip_i/inst/bd_ab_bd_xdma_0_pcie4_ip_pcie_4_0_pipe_inst/pcie_4_0_init_ctrl_inst/reg_phy_rdy_reg[0]_0[0]
    SLICE_X96Y34         FDRE                                         r  bd_ab_i/bd_xdma/inst/pcie4_ip_i/inst/bd_ab_bd_xdma_0_pcie4_ip_pcie_4_0_pipe_inst/pcie_4_0_init_ctrl_inst/reg_reset_timer_reg[0]/R  (IS_INVERTED)
  -------------------------------------------------------------------    -------------------

                         (clock bd_xdma_axi_aclk rise edge)
                                                      0.000     0.000 r  
    GTYE4_CHANNEL_X0Y7   GTYE4_CHANNEL                0.000     0.000 r  bd_ab_i/bd_xdma/inst/pcie4_ip_i/inst/bd_ab_bd_xdma_0_pcie4_ip_gt_top_i/diablo_gt.diablo_gt_phy_wrapper/gt_wizard.gtwizard_top_i/bd_ab_bd_xdma_0_pcie4_ip_gt_i/inst/gen_gtwizard_gtye4_top.bd_ab_bd_xdma_0_pcie4_ip_gt_gtwizard_gtye4_inst/gen_gtwizard_gtye4.gen_channel_container[1].gen_enabled_channel.gtye4_channel_wrapper_inst/channel_inst/gtye4_channel_gen.gen_gtye4_channel_inst[3].GTYE4_CHANNEL_PRIM_INST/TXOUTCLK
                         net (fo=7, routed)           0.057     0.057    bd_ab_i/bd_xdma/inst/pcie4_ip_i/inst/bd_ab_bd_xdma_0_pcie4_ip_gt_top_i/diablo_gt.diablo_gt_phy_wrapper/phy_clk_i/GT_TXOUTCLK[0]
    BUFG_GT_X0Y39        BUFG_GT (Prop_BUFG_GT_I_O)
                                                      0.082     0.139 r  bd_ab_i/bd_xdma/inst/pcie4_ip_i/inst/bd_ab_bd_xdma_0_pcie4_ip_gt_top_i/diablo_gt.diablo_gt_phy_wrapper/phy_clk_i/bufg_gt_userclk/O
    X2Y0 (CLOCK_ROOT)    net (fo=19796, routed)       1.111     1.250    bd_ab_i/bd_xdma/inst/pcie4_ip_i/inst/bd_ab_bd_xdma_0_pcie4_ip_pcie_4_0_pipe_inst/pcie_4_0_init_ctrl_inst/PHY_USERCLK
    SLICE_X96Y34         FDRE                                         r  bd_ab_i/bd_xdma/inst/pcie4_ip_i/inst/bd_ab_bd_xdma_0_pcie4_ip_pcie_4_0_pipe_inst/pcie_4_0_init_ctrl_inst/reg_reset_timer_reg[0]/C
                         clock pessimism             -0.001     1.249    
    SLICE_X96Y34         FDRE (Hold_HFF_SLICEM_C_R)
                                                     -0.010     1.239    bd_ab_i/bd_xdma/inst/pcie4_ip_i/inst/bd_ab_bd_xdma_0_pcie4_ip_pcie_4_0_pipe_inst/pcie_4_0_init_ctrl_inst/reg_reset_timer_reg[0]
  -------------------------------------------------------------------
                         required time                         -1.239    
                         arrival time                           1.727    
  -------------------------------------------------------------------
                         slack                                  0.488    





---------------------------------------------------------------------------------------------------
From Clock:  clk_out1_bd_ab_bd_clk_tx_0_1
  To Clock:  bd_xdma_axi_aclk

Setup :           64  Failing Endpoints,  Worst Slack       -2.565ns,  Total Violation     -155.461ns
Hold  :            0  Failing Endpoints,  Worst Slack        0.525ns,  Total Violation        0.000ns
---------------------------------------------------------------------------------------------------


Max Delay Paths
--------------------------------------------------------------------------------------
Slack (VIOLATED) :        -2.565ns  (required time - arrival time)
  Source:                 bd_ab_i/bd_ab_top/inst/u_ab/frame_count_reg[5]/C
                            (rising edge-triggered cell FDRE clocked by clk_out1_bd_ab_bd_clk_tx_0_1  {rise@0.000ns fall@1.600ns period=3.200ns})
  Destination:            bd_ab_i/bd_ab_top/inst/u_ab/u_regs/rd_data_reg[5]/D
                            (rising edge-triggered cell FDRE clocked by bd_xdma_axi_aclk  {rise@0.000ns fall@2.000ns period=4.000ns})
  Path Group:             bd_xdma_axi_aclk
  Path Type:              Setup (Max at Slow Process Corner)
  Requirement:            0.002ns  (bd_xdma_axi_aclk rise@16.000ns - clk_out1_bd_ab_bd_clk_tx_0_1 rise@15.998ns)
  Data Path Delay:        0.593ns  (logic 0.309ns (52.083%)  route 0.284ns (47.917%))
  Logic Levels:           3  (LUT4=2 LUT6=1)
  Clock Path Skew:        -1.557ns (DCD - SCD + CPR)
    Destination Clock Delay (DCD):    1.915ns = ( 17.915 - 16.000 ) 
    Source Clock Delay      (SCD):    3.472ns = ( 19.471 - 15.998 ) 
    Clock Pessimism Removal (CPR):    0.000ns
  Clock Uncertainty:      0.441ns  ((TSJ^2 + DJ^2)^1/2) / 2 + PE
    Total System Jitter     (TSJ):    0.071ns
    Discrete Jitter          (DJ):    0.172ns
    Phase Error              (PE):    0.348ns
  Clock Net Delay (Source):      2.310ns (routing 1.467ns, distribution 0.843ns)
  Clock Net Delay (Destination): 1.723ns (routing 0.767ns, distribution 0.956ns)
  Clock Domain Crossing:  Inter clock paths are considered valid unless explicitly excluded by timing constraints such as set_clock_groups or set_false_path.

    Location             Delay type                Incr(ns)  Path(ns)    Netlist Resource(s)
  -------------------------------------------------------------------    -------------------
                         (clock clk_out1_bd_ab_bd_clk_tx_0_1 rise edge)
                                                     15.998    15.998 r  
    K22                                               0.000    15.998 r  sysclk_300_clk_p (IN)
                         net (fo=0)                   0.100    16.098    bd_ab_i/bd_clk_tx/inst/clkin1_ibufds/I
    HPIOBDIFFINBUF_X0Y58 DIFFINBUF (Prop_DIFFINBUF_HPIOBDIFFINBUF_DIFF_IN_P_O)
                                                      0.469    16.568 r  bd_ab_i/bd_clk_tx/inst/clkin1_ibufds/DIFFINBUF_INST/O
                         net (fo=1, routed)           0.050    16.618    bd_ab_i/bd_clk_tx/inst/clkin1_ibufds/OUT
    K22                  IBUFCTRL (Prop_IBUFCTRL_HPIOB_M_I_O)
                                                      0.000    16.618 r  bd_ab_i/bd_clk_tx/inst/clkin1_ibufds/IBUFCTRL_INST/O
                         net (fo=1, routed)           0.397    17.015    bd_ab_i/bd_clk_tx/inst/clk_in1_bd_ab_bd_clk_tx_0
    MMCM_X0Y2            MMCME4_ADV (Prop_MMCM_CLKIN1_CLKOUT0)
                                                     -0.127    16.888 r  bd_ab_i/bd_clk_tx/inst/mmcme4_adv_inst/CLKOUT0
                         net (fo=1, routed)           0.245    17.133    bd_ab_i/bd_clk_tx/inst/clk_out1_bd_ab_bd_clk_tx_0
    BUFGCE_X0Y48         BUFGCE (Prop_BUFCE_BUFGCE_I_O)
                                                      0.028    17.161 r  bd_ab_i/bd_clk_tx/inst/clkout1_buf/O
    X3Y1 (CLOCK_ROOT)    net (fo=112, routed)         2.310    19.471    bd_ab_i/bd_ab_top/inst/u_ab/clk_tx
    SLICE_X97Y79         FDRE                                         r  bd_ab_i/bd_ab_top/inst/u_ab/frame_count_reg[5]/C
  -------------------------------------------------------------------    -------------------
    SLICE_X97Y79         FDRE (Prop_EFF_SLICEL_C_Q)
                                                      0.079    19.550 r  bd_ab_i/bd_ab_top/inst/u_ab/frame_count_reg[5]/Q
                         net (fo=2, routed)           0.100    19.650    bd_ab_i/bd_ab_top/inst/u_axil/st_in[5]
    SLICE_X97Y78         LUT6 (Prop_B6LUT_SLICEL_I3_O)
                                                      0.090    19.740 r  bd_ab_i/bd_ab_top/inst/u_axil/rd_data[5]_i_4/O
                         net (fo=1, routed)           0.094    19.834    bd_ab_i/bd_ab_top/inst/u_axil/rd_data[5]_i_4_n_0
    SLICE_X97Y76         LUT4 (Prop_A6LUT_SLICEL_I2_O)
                                                      0.050    19.884 r  bd_ab_i/bd_ab_top/inst/u_axil/rd_data[5]_i_2/O
                         net (fo=1, routed)           0.041    19.925    bd_ab_i/bd_ab_top/inst/u_axil/rd_data[5]_i_2_n_0
    SLICE_X97Y76         LUT4 (Prop_B6LUT_SLICEL_I0_O)
                                                      0.090    20.015 r  bd_ab_i/bd_ab_top/inst/u_axil/rd_data[5]_i_1/O
                         net (fo=1, routed)           0.049    20.064    bd_ab_i/bd_ab_top/inst/u_ab/u_regs/rd_data_reg[5]_0
    SLICE_X97Y76         FDRE                                         r  bd_ab_i/bd_ab_top/inst/u_ab/u_regs/rd_data_reg[5]/D
  -------------------------------------------------------------------    -------------------

                         (clock bd_xdma_axi_aclk rise edge)
                                                     16.000    16.000 r  
    GTYE4_CHANNEL_X0Y7   GTYE4_CHANNEL                0.000    16.000 r  bd_ab_i/bd_xdma/inst/pcie4_ip_i/inst/bd_ab_bd_xdma_0_pcie4_ip_gt_top_i/diablo_gt.diablo_gt_phy_wrapper/gt_wizard.gtwizard_top_i/bd_ab_bd_xdma_0_pcie4_ip_gt_i/inst/gen_gtwizard_gtye4_top.bd_ab_bd_xdma_0_pcie4_ip_gt_gtwizard_gtye4_inst/gen_gtwizard_gtye4.gen_channel_container[1].gen_enabled_channel.gtye4_channel_wrapper_inst/channel_inst/gtye4_channel_gen.gen_gtye4_channel_inst[3].GTYE4_CHANNEL_PRIM_INST/TXOUTCLK
                         net (fo=7, routed)           0.078    16.078    bd_ab_i/bd_xdma/inst/pcie4_ip_i/inst/bd_ab_bd_xdma_0_pcie4_ip_gt_top_i/diablo_gt.diablo_gt_phy_wrapper/phy_clk_i/GT_TXOUTCLK[0]
    BUFG_GT_X0Y39        BUFG_GT (Prop_BUFG_GT_I_O)
                                                      0.114    16.192 r  bd_ab_i/bd_xdma/inst/pcie4_ip_i/inst/bd_ab_bd_xdma_0_pcie4_ip_gt_top_i/diablo_gt.diablo_gt_phy_wrapper/phy_clk_i/bufg_gt_userclk/O
    X2Y0 (CLOCK_ROOT)    net (fo=19796, routed)       1.723    17.915    bd_ab_i/bd_ab_top/inst/u_ab/u_regs/axi_aclk
    SLICE_X97Y76         FDRE                                         r  bd_ab_i/bd_ab_top/inst/u_ab/u_regs/rd_data_reg[5]/C
                         clock pessimism              0.000    17.915    
                         clock uncertainty           -0.441    17.474    
    SLICE_X97Y76         FDRE (Setup_BFF_SLICEL_C_D)
                                                      0.025    17.499    bd_ab_i/bd_ab_top/inst/u_ab/u_regs/rd_data_reg[5]
  -------------------------------------------------------------------
                         required time                         17.499    
                         arrival time                         -20.064    
  -------------------------------------------------------------------
                         slack                                 -2.565    





Min Delay Paths
--------------------------------------------------------------------------------------
Slack (MET) :             0.525ns  (arrival time - required time)
  Source:                 bd_ab_i/bd_ab_top/inst/u_ab/u_cc/cnt_gray_reg[31]/C
                            (rising edge-triggered cell FDRE clocked by clk_out1_bd_ab_bd_clk_tx_0_1  {rise@0.000ns fall@1.600ns period=3.200ns})
  Destination:            bd_ab_i/bd_ab_top/inst/u_ab/u_cc/g_s1_reg[31]/D
                            (rising edge-triggered cell FDRE clocked by bd_xdma_axi_aclk  {rise@0.000ns fall@2.000ns period=4.000ns})
  Path Group:             bd_xdma_axi_aclk
  Path Type:              Hold (Min at Fast Process Corner)
  Requirement:            0.000ns  (bd_xdma_axi_aclk rise@0.000ns - clk_out1_bd_ab_bd_clk_tx_0_1 rise@0.000ns)
  Data Path Delay:        0.104ns  (logic 0.038ns (36.538%)  route 0.066ns (63.461%))
  Logic Levels:           0  
  Clock Path Skew:        -0.909ns (DCD - SCD - CPR)
    Destination Clock Delay (DCD):    1.274ns
    Source Clock Delay      (SCD):    2.184ns
    Clock Pessimism Removal (CPR):    -0.000ns
  Clock Uncertainty:      0.441ns  ((TSJ^2 + DJ^2)^1/2) / 2 + PE
    Total System Jitter     (TSJ):    0.071ns
    Discrete Jitter          (DJ):    0.172ns
    Phase Error              (PE):    0.348ns
  Clock Net Delay (Source):      1.240ns (routing 0.794ns, distribution 0.446ns)
  Clock Net Delay (Destination): 1.135ns (routing 0.513ns, distribution 0.622ns)
  Clock Domain Crossing:  Inter clock paths are considered valid unless explicitly excluded by timing constraints such as set_clock_groups or set_false_path.

    Location             Delay type                Incr(ns)  Path(ns)    Netlist Resource(s)
  -------------------------------------------------------------------    -------------------
                         (clock clk_out1_bd_ab_bd_clk_tx_0_1 rise edge)
                                                      0.000     0.000 r  
    K22                                               0.000     0.000 r  sysclk_300_clk_p (IN)
                         net (fo=0)                   0.079     0.079    bd_ab_i/bd_clk_tx/inst/clkin1_ibufds/I
    HPIOBDIFFINBUF_X0Y58 DIFFINBUF (Prop_DIFFINBUF_HPIOBDIFFINBUF_DIFF_IN_P_O)
                                                      0.229     0.308 r  bd_ab_i/bd_clk_tx/inst/clkin1_ibufds/DIFFINBUF_INST/O
                         net (fo=1, routed)           0.040     0.348    bd_ab_i/bd_clk_tx/inst/clkin1_ibufds/OUT
    K22                  IBUFCTRL (Prop_IBUFCTRL_HPIOB_M_I_O)
                                                      0.000     0.348 r  bd_ab_i/bd_clk_tx/inst/clkin1_ibufds/IBUFCTRL_INST/O
                         net (fo=1, routed)           0.203     0.551    bd_ab_i/bd_clk_tx/inst/clk_in1_bd_ab_bd_clk_tx_0
    MMCM_X0Y2            MMCME4_ADV (Prop_MMCM_CLKIN1_CLKOUT0)
                                                      0.230     0.781 r  bd_ab_i/bd_clk_tx/inst/mmcme4_adv_inst/CLKOUT0
                         net (fo=1, routed)           0.146     0.927    bd_ab_i/bd_clk_tx/inst/clk_out1_bd_ab_bd_clk_tx_0
    BUFGCE_X0Y48         BUFGCE (Prop_BUFCE_BUFGCE_I_O)
                                                      0.017     0.944 r  bd_ab_i/bd_clk_tx/inst/clkout1_buf/O
    X3Y1 (CLOCK_ROOT)    net (fo=112, routed)         1.240     2.184    bd_ab_i/bd_ab_top/inst/u_ab/u_cc/clk_tx
    SLICE_X95Y83         FDRE                                         r  bd_ab_i/bd_ab_top/inst/u_ab/u_cc/cnt_gray_reg[31]/C
  -------------------------------------------------------------------    -------------------
    SLICE_X95Y83         FDRE (Prop_EFF_SLICEM_C_Q)
                                                      0.038     2.222 r  bd_ab_i/bd_ab_top/inst/u_ab/u_cc/cnt_gray_reg[31]/Q
                         net (fo=1, routed)           0.066     2.288    bd_ab_i/bd_ab_top/inst/u_ab/u_cc/cnt_gray[31]
    SLICE_X95Y82         FDRE                                         r  bd_ab_i/bd_ab_top/inst/u_ab/u_cc/g_s1_reg[31]/D
  -------------------------------------------------------------------    -------------------

                         (clock bd_xdma_axi_aclk rise edge)
                                                      0.000     0.000 r  
    GTYE4_CHANNEL_X0Y7   GTYE4_CHANNEL                0.000     0.000 r  bd_ab_i/bd_xdma/inst/pcie4_ip_i/inst/bd_ab_bd_xdma_0_pcie4_ip_gt_top_i/diablo_gt.diablo_gt_phy_wrapper/gt_wizard.gtwizard_top_i/bd_ab_bd_xdma_0_pcie4_ip_gt_i/inst/gen_gtwizard_gtye4_top.bd_ab_bd_xdma_0_pcie4_ip_gt_gtwizard_gtye4_inst/gen_gtwizard_gtye4.gen_channel_container[1].gen_enabled_channel.gtye4_channel_wrapper_inst/channel_inst/gtye4_channel_gen.gen_gtye4_channel_inst[3].GTYE4_CHANNEL_PRIM_INST/TXOUTCLK
                         net (fo=7, routed)           0.057     0.057    bd_ab_i/bd_xdma/inst/pcie4_ip_i/inst/bd_ab_bd_xdma_0_pcie4_ip_gt_top_i/diablo_gt.diablo_gt_phy_wrapper/phy_clk_i/GT_TXOUTCLK[0]
    BUFG_GT_X0Y39        BUFG_GT (Prop_BUFG_GT_I_O)
                                                      0.082     0.139 r  bd_ab_i/bd_xdma/inst/pcie4_ip_i/inst/bd_ab_bd_xdma_0_pcie4_ip_gt_top_i/diablo_gt.diablo_gt_phy_wrapper/phy_clk_i/bufg_gt_userclk/O
    X2Y0 (CLOCK_ROOT)    net (fo=19796, routed)       1.135     1.274    bd_ab_i/bd_ab_top/inst/u_ab/u_cc/axi_aclk
    SLICE_X95Y82         FDRE                                         r  bd_ab_i/bd_ab_top/inst/u_ab/u_cc/g_s1_reg[31]/C
                         clock pessimism              0.000     1.274    
                         clock uncertainty            0.441     1.715    
    SLICE_X95Y82         FDRE (Hold_HFF2_SLICEM_C_D)
                                                      0.047     1.762    bd_ab_i/bd_ab_top/inst/u_ab/u_cc/g_s1_reg[31]
  -------------------------------------------------------------------
                         required time                         -1.762    
                         arrival time                           2.288    
  -------------------------------------------------------------------
                         slack                                  0.525    





---------------------------------------------------------------------------------------------------
From Clock:  bd_xdma_axi_aclk
  To Clock:  pipe_clk

Setup :            0  Failing Endpoints,  Worst Slack        2.998ns,  Total Violation        0.000ns
Hold  :            0  Failing Endpoints,  Worst Slack        0.180ns,  Total Violation        0.000ns
---------------------------------------------------------------------------------------------------


Max Delay Paths
--------------------------------------------------------------------------------------
Slack (MET) :             2.998ns  (required time - arrival time)
  Source:                 bd_ab_i/bd_xdma/inst/pcie4_ip_i/inst/as_mac_in_detect_user_reg/C
                            (rising edge-triggered cell FDPE clocked by bd_xdma_axi_aclk  {rise@0.000ns fall@2.000ns period=4.000ns})
  Destination:            bd_ab_i/bd_xdma/inst/pcie4_ip_i/inst/as_mac_in_detect_ff_reg/D
                            (rising edge-triggered cell FDPE clocked by pipe_clk  {rise@0.000ns fall@2.000ns period=4.000ns})
  Path Group:             pipe_clk
  Path Type:              Setup (Max at Slow Process Corner)
  Requirement:            4.000ns  (pipe_clk rise@4.000ns - bd_xdma_axi_aclk rise@0.000ns)
  Data Path Delay:        0.685ns  (logic 0.080ns (11.679%)  route 0.605ns (88.321%))
  Logic Levels:           0  
  Clock Path Skew:        -0.296ns (DCD - SCD + CPR)
    Destination Clock Delay (DCD):    1.761ns = ( 5.761 - 4.000 ) 
    Source Clock Delay      (SCD):    2.058ns
    Clock Pessimism Removal (CPR):    0.001ns
  Clock Uncertainty:      0.046ns  ((TSJ^2 + DJ^2)^1/2) / 2 + PE
    Total System Jitter     (TSJ):    0.071ns
    Discrete Jitter          (DJ):    0.060ns
    Phase Error              (PE):    0.000ns
  Clock Net Delay (Source):      1.843ns (routing 0.849ns, distribution 0.994ns)
  Clock Net Delay (Destination): 1.569ns (routing 0.768ns, distribution 0.801ns)

    Location             Delay type                Incr(ns)  Path(ns)    Netlist Resource(s)
  -------------------------------------------------------------------    -------------------
                         (clock bd_xdma_axi_aclk rise edge)
                                                      0.000     0.000 r  
    GTYE4_CHANNEL_X0Y7   GTYE4_CHANNEL                0.000     0.000 r  bd_ab_i/bd_xdma/inst/pcie4_ip_i/inst/bd_ab_bd_xdma_0_pcie4_ip_gt_top_i/diablo_gt.diablo_gt_phy_wrapper/gt_wizard.gtwizard_top_i/bd_ab_bd_xdma_0_pcie4_ip_gt_i/inst/gen_gtwizard_gtye4_top.bd_ab_bd_xdma_0_pcie4_ip_gt_gtwizard_gtye4_inst/gen_gtwizard_gtye4.gen_channel_container[1].gen_enabled_channel.gtye4_channel_wrapper_inst/channel_inst/gtye4_channel_gen.gen_gtye4_channel_inst[3].GTYE4_CHANNEL_PRIM_INST/TXOUTCLK
                         net (fo=7, routed)           0.085     0.085    bd_ab_i/bd_xdma/inst/pcie4_ip_i/inst/bd_ab_bd_xdma_0_pcie4_ip_gt_top_i/diablo_gt.diablo_gt_phy_wrapper/phy_clk_i/GT_TXOUTCLK[0]
    BUFG_GT_X0Y39        BUFG_GT (Prop_BUFG_GT_I_O)
                                                      0.130     0.215 r  bd_ab_i/bd_xdma/inst/pcie4_ip_i/inst/bd_ab_bd_xdma_0_pcie4_ip_gt_top_i/diablo_gt.diablo_gt_phy_wrapper/phy_clk_i/bufg_gt_userclk/O
    X2Y0 (CLOCK_ROOT)    net (fo=19796, routed)       1.843     2.058    bd_ab_i/bd_xdma/inst/pcie4_ip_i/inst/user_clk
    SLICE_X102Y18        FDPE                                         r  bd_ab_i/bd_xdma/inst/pcie4_ip_i/inst/as_mac_in_detect_user_reg/C
  -------------------------------------------------------------------    -------------------
    SLICE_X102Y18        FDPE (Prop_HFF2_SLICEL_C_Q)
                                                      0.080     2.138 r  bd_ab_i/bd_xdma/inst/pcie4_ip_i/inst/as_mac_in_detect_user_reg/Q
                         net (fo=1, routed)           0.605     2.743    bd_ab_i/bd_xdma/inst/pcie4_ip_i/inst/as_mac_in_detect_user
    SLICE_X100Y29        FDPE                                         r  bd_ab_i/bd_xdma/inst/pcie4_ip_i/inst/as_mac_in_detect_ff_reg/D
  -------------------------------------------------------------------    -------------------

                         (clock pipe_clk rise edge)
                                                      4.000     4.000 r  
    GTYE4_CHANNEL_X0Y7   GTYE4_CHANNEL                0.000     4.000 r  bd_ab_i/bd_xdma/inst/pcie4_ip_i/inst/bd_ab_bd_xdma_0_pcie4_ip_gt_top_i/diablo_gt.diablo_gt_phy_wrapper/gt_wizard.gtwizard_top_i/bd_ab_bd_xdma_0_pcie4_ip_gt_i/inst/gen_gtwizard_gtye4_top.bd_ab_bd_xdma_0_pcie4_ip_gt_gtwizard_gtye4_inst/gen_gtwizard_gtye4.gen_channel_container[1].gen_enabled_channel.gtye4_channel_wrapper_inst/channel_inst/gtye4_channel_gen.gen_gtye4_channel_inst[3].GTYE4_CHANNEL_PRIM_INST/TXOUTCLK
                         net (fo=7, routed)           0.078     4.078    bd_ab_i/bd_xdma/inst/pcie4_ip_i/inst/bd_ab_bd_xdma_0_pcie4_ip_gt_top_i/diablo_gt.diablo_gt_phy_wrapper/phy_clk_i/GT_TXOUTCLK[0]
    BUFG_GT_X0Y40        BUFG_GT (Prop_BUFG_GT_I_O)
                                                      0.114     4.192 r  bd_ab_i/bd_xdma/inst/pcie4_ip_i/inst/bd_ab_bd_xdma_0_pcie4_ip_gt_top_i/diablo_gt.diablo_gt_phy_wrapper/phy_clk_i/bufg_gt_pclk/O
    X2Y0 (CLOCK_ROOT)    net (fo=2246, routed)        1.569     5.761    bd_ab_i/bd_xdma/inst/pcie4_ip_i/inst/pipe_clk
    SLICE_X100Y29        FDPE                                         r  bd_ab_i/bd_xdma/inst/pcie4_ip_i/inst/as_mac_in_detect_ff_reg/C
                         clock pessimism              0.001     5.762    
                         clock uncertainty           -0.046     5.716    
    SLICE_X100Y29        FDPE (Setup_EFF2_SLICEL_C_D)
                                                      0.025     5.741    bd_ab_i/bd_xdma/inst/pcie4_ip_i/inst/as_mac_in_detect_ff_reg
  -------------------------------------------------------------------
                         required time                          5.741    
                         arrival time                          -2.743    
  -------------------------------------------------------------------
                         slack                                  2.998    





Min Delay Paths
--------------------------------------------------------------------------------------
Slack (MET) :             0.180ns  (arrival time - required time)
  Source:                 bd_ab_i/bd_xdma/inst/pcie4_ip_i/inst/as_mac_in_detect_user_reg/C
                            (rising edge-triggered cell FDPE clocked by bd_xdma_axi_aclk  {rise@0.000ns fall@2.000ns period=4.000ns})
  Destination:            bd_ab_i/bd_xdma/inst/pcie4_ip_i/inst/as_mac_in_detect_ff_reg/D
                            (rising edge-triggered cell FDPE clocked by pipe_clk  {rise@0.000ns fall@2.000ns period=4.000ns})
  Path Group:             pipe_clk
  Path Type:              Hold (Min at Fast Process Corner)
  Requirement:            0.000ns  (pipe_clk rise@0.000ns - bd_xdma_axi_aclk rise@0.000ns)
  Data Path Delay:        0.337ns  (logic 0.039ns (11.573%)  route 0.298ns (88.427%))
  Logic Levels:           0  
  Clock Path Skew:        0.110ns (DCD - SCD - CPR)
    Destination Clock Delay (DCD):    1.249ns
    Source Clock Delay      (SCD):    1.138ns
    Clock Pessimism Removal (CPR):    0.001ns
  Clock Net Delay (Source):      1.013ns (routing 0.460ns, distribution 0.553ns)
  Clock Net Delay (Destination): 1.110ns (routing 0.515ns, distribution 0.595ns)

    Location             Delay type                Incr(ns)  Path(ns)    Netlist Resource(s)
  -------------------------------------------------------------------    -------------------
                         (clock bd_xdma_axi_aclk rise edge)
                                                      0.000     0.000 r  
    GTYE4_CHANNEL_X0Y7   GTYE4_CHANNEL                0.000     0.000 r  bd_ab_i/bd_xdma/inst/pcie4_ip_i/inst/bd_ab_bd_xdma_0_pcie4_ip_gt_top_i/diablo_gt.diablo_gt_phy_wrapper/gt_wizard.gtwizard_top_i/bd_ab_bd_xdma_0_pcie4_ip_gt_i/inst/gen_gtwizard_gtye4_top.bd_ab_bd_xdma_0_pcie4_ip_gt_gtwizard_gtye4_inst/gen_gtwizard_gtye4.gen_channel_container[1].gen_enabled_channel.gtye4_channel_wrapper_inst/channel_inst/gtye4_channel_gen.gen_gtye4_channel_inst[3].GTYE4_CHANNEL_PRIM_INST/TXOUTCLK
                         net (fo=7, routed)           0.052     0.052    bd_ab_i/bd_xdma/inst/pcie4_ip_i/inst/bd_ab_bd_xdma_0_pcie4_ip_gt_top_i/diablo_gt.diablo_gt_phy_wrapper/phy_clk_i/GT_TXOUTCLK[0]
    BUFG_GT_X0Y39        BUFG_GT (Prop_BUFG_GT_I_O)
                                                      0.073     0.125 r  bd_ab_i/bd_xdma/inst/pcie4_ip_i/inst/bd_ab_bd_xdma_0_pcie4_ip_gt_top_i/diablo_gt.diablo_gt_phy_wrapper/phy_clk_i/bufg_gt_userclk/O
    X2Y0 (CLOCK_ROOT)    net (fo=19796, routed)       1.013     1.138    bd_ab_i/bd_xdma/inst/pcie4_ip_i/inst/user_clk
    SLICE_X102Y18        FDPE                                         r  bd_ab_i/bd_xdma/inst/pcie4_ip_i/inst/as_mac_in_detect_user_reg/C
  -------------------------------------------------------------------    -------------------
    SLICE_X102Y18        FDPE (Prop_HFF2_SLICEL_C_Q)
                                                      0.039     1.177 r  bd_ab_i/bd_xdma/inst/pcie4_ip_i/inst/as_mac_in_detect_user_reg/Q
                         net (fo=1, routed)           0.298     1.475    bd_ab_i/bd_xdma/inst/pcie4_ip_i/inst/as_mac_in_detect_user
    SLICE_X100Y29        FDPE                                         r  bd_ab_i/bd_xdma/inst/pcie4_ip_i/inst/as_mac_in_detect_ff_reg/D
  -------------------------------------------------------------------    -------------------

                         (clock pipe_clk rise edge)
                                                      0.000     0.000 r  
    GTYE4_CHANNEL_X0Y7   GTYE4_CHANNEL                0.000     0.000 r  bd_ab_i/bd_xdma/inst/pcie4_ip_i/inst/bd_ab_bd_xdma_0_pcie4_ip_gt_top_i/diablo_gt.diablo_gt_phy_wrapper/gt_wizard.gtwizard_top_i/bd_ab_bd_xdma_0_pcie4_ip_gt_i/inst/gen_gtwizard_gtye4_top.bd_ab_bd_xdma_0_pcie4_ip_gt_gtwizard_gtye4_inst/gen_gtwizard_gtye4.gen_channel_container[1].gen_enabled_channel.gtye4_channel_wrapper_inst/channel_inst/gtye4_channel_gen.gen_gtye4_channel_inst[3].GTYE4_CHANNEL_PRIM_INST/TXOUTCLK
                         net (fo=7, routed)           0.057     0.057    bd_ab_i/bd_xdma/inst/pcie4_ip_i/inst/bd_ab_bd_xdma_0_pcie4_ip_gt_top_i/diablo_gt.diablo_gt_phy_wrapper/phy_clk_i/GT_TXOUTCLK[0]
    BUFG_GT_X0Y40        BUFG_GT (Prop_BUFG_GT_I_O)
                                                      0.082     0.139 r  bd_ab_i/bd_xdma/inst/pcie4_ip_i/inst/bd_ab_bd_xdma_0_pcie4_ip_gt_top_i/diablo_gt.diablo_gt_phy_wrapper/phy_clk_i/bufg_gt_pclk/O
    X2Y0 (CLOCK_ROOT)    net (fo=2246, routed)        1.110     1.249    bd_ab_i/bd_xdma/inst/pcie4_ip_i/inst/pipe_clk
    SLICE_X100Y29        FDPE                                         r  bd_ab_i/bd_xdma/inst/pcie4_ip_i/inst/as_mac_in_detect_ff_reg/C
                         clock pessimism             -0.001     1.248    
    SLICE_X100Y29        FDPE (Hold_EFF2_SLICEL_C_D)
                                                      0.047     1.295    bd_ab_i/bd_xdma/inst/pcie4_ip_i/inst/as_mac_in_detect_ff_reg
  -------------------------------------------------------------------
                         required time                         -1.295    
                         arrival time                           1.475    
  -------------------------------------------------------------------
                         slack                                  0.180    





---------------------------------------------------------------------------------------------------
From Clock:  bd_xdma_axi_aclk
  To Clock:  clk_out1_bd_ab_bd_clk_tx_0_1

Setup :            2  Failing Endpoints,  Worst Slack       -1.444ns,  Total Violation       -2.866ns
Hold  :            0  Failing Endpoints,  Worst Slack        0.021ns,  Total Violation        0.000ns
---------------------------------------------------------------------------------------------------


Max Delay Paths
--------------------------------------------------------------------------------------
Slack (VIOLATED) :        -1.444ns  (required time - arrival time)
  Source:                 bd_ab_i/bd_ab_top/inst/u_ab/u_cdc_clr/tgl_reg/C
                            (rising edge-triggered cell FDRE clocked by bd_xdma_axi_aclk  {rise@0.000ns fall@2.000ns period=4.000ns})
  Destination:            bd_ab_i/bd_ab_top/inst/u_ab/u_cdc_clr/sync1_reg/D
                            (rising edge-triggered cell FDRE clocked by clk_out1_bd_ab_bd_clk_tx_0_1  {rise@0.000ns fall@1.600ns period=3.200ns})
  Path Group:             clk_out1_bd_ab_bd_clk_tx_0_1
  Path Type:              Setup (Max at Slow Process Corner)
  Requirement:            0.480ns  (clk_out1_bd_ab_bd_clk_tx_0_1 rise@3196.480ns - bd_xdma_axi_aclk rise@3196.000ns)
  Data Path Delay:        3.251ns  (logic 0.079ns (2.430%)  route 3.172ns (97.570%))
  Logic Levels:           0  
  Clock Path Skew:        1.744ns (DCD - SCD + CPR)
    Destination Clock Delay (DCD):    3.763ns = ( 3200.243 - 3196.480 ) 
    Source Clock Delay      (SCD):    2.019ns = ( 3198.019 - 3196.000 ) 
    Clock Pessimism Removal (CPR):    0.000ns
  Clock Uncertainty:      0.441ns  ((TSJ^2 + DJ^2)^1/2) / 2 + PE
    Total System Jitter     (TSJ):    0.071ns
    Discrete Jitter          (DJ):    0.172ns
    Phase Error              (PE):    0.348ns
  Clock Net Delay (Source):      1.804ns (routing 0.849ns, distribution 0.955ns)
  Clock Net Delay (Destination): 2.057ns (routing 1.337ns, distribution 0.720ns)
  Clock Domain Crossing:  Inter clock paths are considered valid unless explicitly excluded by timing constraints such as set_clock_groups or set_false_path.

    Location             Delay type                Incr(ns)  Path(ns)    Netlist Resource(s)
  -------------------------------------------------------------------    -------------------
                         (clock bd_xdma_axi_aclk rise edge)
                                                   3196.000  3196.000 r  
    GTYE4_CHANNEL_X0Y7   GTYE4_CHANNEL                0.000  3196.000 r  bd_ab_i/bd_xdma/inst/pcie4_ip_i/inst/bd_ab_bd_xdma_0_pcie4_ip_gt_top_i/diablo_gt.diablo_gt_phy_wrapper/gt_wizard.gtwizard_top_i/bd_ab_bd_xdma_0_pcie4_ip_gt_i/inst/gen_gtwizard_gtye4_top.bd_ab_bd_xdma_0_pcie4_ip_gt_gtwizard_gtye4_inst/gen_gtwizard_gtye4.gen_channel_container[1].gen_enabled_channel.gtye4_channel_wrapper_inst/channel_inst/gtye4_channel_gen.gen_gtye4_channel_inst[3].GTYE4_CHANNEL_PRIM_INST/TXOUTCLK
                         net (fo=7, routed)           0.085  3196.085    bd_ab_i/bd_xdma/inst/pcie4_ip_i/inst/bd_ab_bd_xdma_0_pcie4_ip_gt_top_i/diablo_gt.diablo_gt_phy_wrapper/phy_clk_i/GT_TXOUTCLK[0]
    BUFG_GT_X0Y39        BUFG_GT (Prop_BUFG_GT_I_O)
                                                      0.130  3196.215 r  bd_ab_i/bd_xdma/inst/pcie4_ip_i/inst/bd_ab_bd_xdma_0_pcie4_ip_gt_top_i/diablo_gt.diablo_gt_phy_wrapper/phy_clk_i/bufg_gt_userclk/O
    X2Y0 (CLOCK_ROOT)    net (fo=19796, routed)       1.804  3198.019    bd_ab_i/bd_ab_top/inst/u_ab/u_cdc_clr/axi_aclk
    SLICE_X91Y90         FDRE                                         r  bd_ab_i/bd_ab_top/inst/u_ab/u_cdc_clr/tgl_reg/C
  -------------------------------------------------------------------    -------------------
    SLICE_X91Y90         FDRE (Prop_DFF_SLICEL_C_Q)
                                                      0.079  3198.098 r  bd_ab_i/bd_ab_top/inst/u_ab/u_cdc_clr/tgl_reg/Q
                         net (fo=2, routed)           3.172  3201.270    bd_ab_i/bd_ab_top/inst/u_ab/u_cdc_clr/tgl
    SLICE_X91Y90         FDRE                                         r  bd_ab_i/bd_ab_top/inst/u_ab/u_cdc_clr/sync1_reg/D
  -------------------------------------------------------------------    -------------------

                         (clock clk_out1_bd_ab_bd_clk_tx_0_1 rise edge)
                                                   3196.480  3196.480 r  
    K22                                               0.000  3196.480 r  sysclk_300_clk_p (IN)
                         net (fo=0)                   0.079  3196.559    bd_ab_i/bd_clk_tx/inst/clkin1_ibufds/I
    HPIOBDIFFINBUF_X0Y58 DIFFINBUF (Prop_DIFFINBUF_HPIOBDIFFINBUF_DIFF_IN_P_O)
                                                      0.374  3196.933 r  bd_ab_i/bd_clk_tx/inst/clkin1_ibufds/DIFFINBUF_INST/O
                         net (fo=1, routed)           0.040  3196.973    bd_ab_i/bd_clk_tx/inst/clkin1_ibufds/OUT
    K22                  IBUFCTRL (Prop_IBUFCTRL_HPIOB_M_I_O)
                                                      0.000  3196.973 r  bd_ab_i/bd_clk_tx/inst/clkin1_ibufds/IBUFCTRL_INST/O
                         net (fo=1, routed)           0.344  3197.317    bd_ab_i/bd_clk_tx/inst/clk_in1_bd_ab_bd_clk_tx_0
    MMCM_X0Y2            MMCME4_ADV (Prop_MMCM_CLKIN1_CLKOUT0)
                                                      0.630  3197.947 r  bd_ab_i/bd_clk_tx/inst/mmcme4_adv_inst/CLKOUT0
                         net (fo=1, routed)           0.215  3198.162    bd_ab_i/bd_clk_tx/inst/clk_out1_bd_ab_bd_clk_tx_0
    BUFGCE_X0Y48         BUFGCE (Prop_BUFCE_BUFGCE_I_O)
                                                      0.024  3198.186 r  bd_ab_i/bd_clk_tx/inst/clkout1_buf/O
    X3Y1 (CLOCK_ROOT)    net (fo=112, routed)         2.057  3200.242    bd_ab_i/bd_ab_top/inst/u_ab/u_cdc_clr/clk_tx
    SLICE_X91Y90         FDRE                                         r  bd_ab_i/bd_ab_top/inst/u_ab/u_cdc_clr/sync1_reg/C
                         clock pessimism              0.000  3200.242    
                         clock uncertainty           -0.441  3199.801    
    SLICE_X91Y90         FDRE (Setup_EFF_SLICEL_C_D)
                                                      0.025  3199.826    bd_ab_i/bd_ab_top/inst/u_ab/u_cdc_clr/sync1_reg
  -------------------------------------------------------------------
                         required time                       3199.827    
                         arrival time                       -3201.270    
  -------------------------------------------------------------------
                         slack                                 -1.444    





Min Delay Paths
--------------------------------------------------------------------------------------
Slack (MET) :             0.021ns  (arrival time - required time)
  Source:                 bd_ab_i/bd_ab_top/inst/u_ab/u_cdc_clr/tgl_reg/C
                            (rising edge-triggered cell FDRE clocked by bd_xdma_axi_aclk  {rise@0.000ns fall@2.000ns period=4.000ns})
  Destination:            bd_ab_i/bd_ab_top/inst/u_ab/u_cdc_clr/sync1_reg/D
                            (rising edge-triggered cell FDRE clocked by clk_out1_bd_ab_bd_clk_tx_0_1  {rise@0.000ns fall@1.600ns period=3.200ns})
  Path Group:             clk_out1_bd_ab_bd_clk_tx_0_1
  Path Type:              Hold (Min at Slow Process Corner)
  Requirement:            0.000ns  (clk_out1_bd_ab_bd_clk_tx_0_1 rise@0.000ns - bd_xdma_axi_aclk rise@0.000ns)
  Data Path Delay:        2.209ns  (logic 0.059ns (2.670%)  route 2.150ns (97.330%))
  Logic Levels:           0  
  Clock Path Skew:        1.687ns (DCD - SCD - CPR)
    Destination Clock Delay (DCD):    3.466ns
    Source Clock Delay      (SCD):    1.779ns
    Clock Pessimism Removal (CPR):    -0.000ns
  Clock Uncertainty:      0.441ns  ((TSJ^2 + DJ^2)^1/2) / 2 + PE
    Total System Jitter     (TSJ):    0.071ns
    Discrete Jitter          (DJ):    0.172ns
    Phase Error              (PE):    0.348ns
  Clock Net Delay (Source):      1.587ns (routing 0.767ns, distribution 0.820ns)
  Clock Net Delay (Destination): 2.304ns (routing 1.467ns, distribution 0.837ns)
  Clock Domain Crossing:  Inter clock paths are considered valid unless explicitly excluded by timing constraints such as set_clock_groups or set_false_path.

    Location             Delay type                Incr(ns)  Path(ns)    Netlist Resource(s)
  -------------------------------------------------------------------    -------------------
                         (clock bd_xdma_axi_aclk rise edge)
                                                      0.000     0.000 r  
    GTYE4_CHANNEL_X0Y7   GTYE4_CHANNEL                0.000     0.000 r  bd_ab_i/bd_xdma/inst/pcie4_ip_i/inst/bd_ab_bd_xdma_0_pcie4_ip_gt_top_i/diablo_gt.diablo_gt_phy_wrapper/gt_wizard.gtwizard_top_i/bd_ab_bd_xdma_0_pcie4_ip_gt_i/inst/gen_gtwizard_gtye4_top.bd_ab_bd_xdma_0_pcie4_ip_gt_gtwizard_gtye4_inst/gen_gtwizard_gtye4.gen_channel_container[1].gen_enabled_channel.gtye4_channel_wrapper_inst/channel_inst/gtye4_channel_gen.gen_gtye4_channel_inst[3].GTYE4_CHANNEL_PRIM_INST/TXOUTCLK
                         net (fo=7, routed)           0.078     0.078    bd_ab_i/bd_xdma/inst/pcie4_ip_i/inst/bd_ab_bd_xdma_0_pcie4_ip_gt_top_i/diablo_gt.diablo_gt_phy_wrapper/phy_clk_i/GT_TXOUTCLK[0]
    BUFG_GT_X0Y39        BUFG_GT (Prop_BUFG_GT_I_O)
                                                      0.114     0.192 r  bd_ab_i/bd_xdma/inst/pcie4_ip_i/inst/bd_ab_bd_xdma_0_pcie4_ip_gt_top_i/diablo_gt.diablo_gt_phy_wrapper/phy_clk_i/bufg_gt_userclk/O
    X2Y0 (CLOCK_ROOT)    net (fo=19796, routed)       1.587     1.779    bd_ab_i/bd_ab_top/inst/u_ab/u_cdc_clr/axi_aclk
    SLICE_X91Y90         FDRE                                         r  bd_ab_i/bd_ab_top/inst/u_ab/u_cdc_clr/tgl_reg/C
  -------------------------------------------------------------------    -------------------
    SLICE_X91Y90         FDRE (Prop_DFF_SLICEL_C_Q)
                                                      0.059     1.838 r  bd_ab_i/bd_ab_top/inst/u_ab/u_cdc_clr/tgl_reg/Q
                         net (fo=2, routed)           2.150     3.989    bd_ab_i/bd_ab_top/inst/u_ab/u_cdc_clr/tgl
    SLICE_X91Y90         FDRE                                         r  bd_ab_i/bd_ab_top/inst/u_ab/u_cdc_clr/sync1_reg/D
  -------------------------------------------------------------------    -------------------

                         (clock clk_out1_bd_ab_bd_clk_tx_0_1 rise edge)
                                                      0.000     0.000 r  
    K22                                               0.000     0.000 r  sysclk_300_clk_p (IN)
                         net (fo=0)                   0.100     0.100    bd_ab_i/bd_clk_tx/inst/clkin1_ibufds/I
    HPIOBDIFFINBUF_X0Y58 DIFFINBUF (Prop_DIFFINBUF_HPIOBDIFFINBUF_DIFF_IN_P_O)
                                                      0.469     0.569 r  bd_ab_i/bd_clk_tx/inst/clkin1_ibufds/DIFFINBUF_INST/O
                         net (fo=1, routed)           0.050     0.619    bd_ab_i/bd_clk_tx/inst/clkin1_ibufds/OUT
    K22                  IBUFCTRL (Prop_IBUFCTRL_HPIOB_M_I_O)
                                                      0.000     0.619 r  bd_ab_i/bd_clk_tx/inst/clkin1_ibufds/IBUFCTRL_INST/O
                         net (fo=1, routed)           0.397     1.016    bd_ab_i/bd_clk_tx/inst/clk_in1_bd_ab_bd_clk_tx_0
    MMCM_X0Y2            MMCME4_ADV (Prop_MMCM_CLKIN1_CLKOUT0)
                                                     -0.127     0.889 r  bd_ab_i/bd_clk_tx/inst/mmcme4_adv_inst/CLKOUT0
                         net (fo=1, routed)           0.245     1.134    bd_ab_i/bd_clk_tx/inst/clk_out1_bd_ab_bd_clk_tx_0
    BUFGCE_X0Y48         BUFGCE (Prop_BUFCE_BUFGCE_I_O)
                                                      0.028     1.162 r  bd_ab_i/bd_clk_tx/inst/clkout1_buf/O
    X3Y1 (CLOCK_ROOT)    net (fo=112, routed)         2.304     3.466    bd_ab_i/bd_ab_top/inst/u_ab/u_cdc_clr/clk_tx
    SLICE_X91Y90         FDRE                                         r  bd_ab_i/bd_ab_top/inst/u_ab/u_cdc_clr/sync1_reg/C
                         clock pessimism              0.000     3.466    
                         clock uncertainty            0.441     3.907    
    SLICE_X91Y90         FDRE (Hold_EFF_SLICEL_C_D)
                                                      0.060     3.967    bd_ab_i/bd_ab_top/inst/u_ab/u_cdc_clr/sync1_reg
  -------------------------------------------------------------------
                         required time                         -3.967    
                         arrival time                           3.989    
  -------------------------------------------------------------------
                         slack                                  0.021    





---------------------------------------------------------------------------------------------------
Path Group:  **async_default**
From Clock:  bd_xdma_axi_aclk
  To Clock:  GTYE4_CHANNEL_TXOUTCLK[3]_1

Setup :            0  Failing Endpoints,  Worst Slack        0.564ns,  Total Violation        0.000ns
Hold  :            0  Failing Endpoints,  Worst Slack        0.056ns,  Total Violation        0.000ns
---------------------------------------------------------------------------------------------------


Max Delay Paths
--------------------------------------------------------------------------------------
Slack (MET) :             0.564ns  (required time - arrival time)
  Source:                 bd_ab_i/bd_xdma/inst/pcie4_ip_i/inst/bd_ab_bd_xdma_0_pcie4_ip_pcie_4_0_pipe_inst/pcie_4_0_init_ctrl_inst/reset_n_o_reg/C
                            (rising edge-triggered cell FDCE clocked by bd_xdma_axi_aclk  {rise@0.000ns fall@2.000ns period=4.000ns})
  Destination:            bd_ab_i/bd_xdma/inst/pcie4_ip_i/inst/bd_ab_bd_xdma_0_pcie4_ip_pcie_4_0_pipe_inst/seqnum_fifo.seq_fifo_0/write_addr_reg[0]/CLR
                            (recovery check against rising-edge clock GTYE4_CHANNEL_TXOUTCLK[3]_1  {rise@0.000ns fall@1.000ns period=2.000ns})
  Path Group:             **async_default**
  Path Type:              Recovery (Max at Slow Process Corner)
  Requirement:            2.000ns  (GTYE4_CHANNEL_TXOUTCLK[3]_1 rise@2.000ns - bd_xdma_axi_aclk rise@0.000ns)
  Data Path Delay:        1.165ns  (logic 0.079ns (6.782%)  route 1.086ns (93.218%))
  Logic Levels:           0  
  Clock Path Skew:        -0.159ns (DCD - SCD + CPR)
    Destination Clock Delay (DCD):    1.814ns = ( 3.814 - 2.000 ) 
    Source Clock Delay      (SCD):    1.974ns
    Clock Pessimism Removal (CPR):    0.001ns
  Clock Uncertainty:      0.046ns  ((TSJ^2 + DJ^2)^1/2) / 2 + PE
    Total System Jitter     (TSJ):    0.071ns
    Discrete Jitter          (DJ):    0.060ns
    Phase Error              (PE):    0.000ns
  Clock Net Delay (Source):      1.759ns (routing 0.849ns, distribution 0.910ns)
  Clock Net Delay (Destination): 1.622ns (routing 0.771ns, distribution 0.851ns)

    Location             Delay type                Incr(ns)  Path(ns)    Netlist Resource(s)
  -------------------------------------------------------------------    -------------------
                         (clock bd_xdma_axi_aclk rise edge)
                                                      0.000     0.000 r  
    GTYE4_CHANNEL_X0Y7   GTYE4_CHANNEL                0.000     0.000 r  bd_ab_i/bd_xdma/inst/pcie4_ip_i/inst/bd_ab_bd_xdma_0_pcie4_ip_gt_top_i/diablo_gt.diablo_gt_phy_wrapper/gt_wizard.gtwizard_top_i/bd_ab_bd_xdma_0_pcie4_ip_gt_i/inst/gen_gtwizard_gtye4_top.bd_ab_bd_xdma_0_pcie4_ip_gt_gtwizard_gtye4_inst/gen_gtwizard_gtye4.gen_channel_container[1].gen_enabled_channel.gtye4_channel_wrapper_inst/channel_inst/gtye4_channel_gen.gen_gtye4_channel_inst[3].GTYE4_CHANNEL_PRIM_INST/TXOUTCLK
                         net (fo=7, routed)           0.085     0.085    bd_ab_i/bd_xdma/inst/pcie4_ip_i/inst/bd_ab_bd_xdma_0_pcie4_ip_gt_top_i/diablo_gt.diablo_gt_phy_wrapper/phy_clk_i/GT_TXOUTCLK[0]
    BUFG_GT_X0Y39        BUFG_GT (Prop_BUFG_GT_I_O)
                                                      0.130     0.215 r  bd_ab_i/bd_xdma/inst/pcie4_ip_i/inst/bd_ab_bd_xdma_0_pcie4_ip_gt_top_i/diablo_gt.diablo_gt_phy_wrapper/phy_clk_i/bufg_gt_userclk/O
    X2Y0 (CLOCK_ROOT)    net (fo=19796, routed)       1.759     1.974    bd_ab_i/bd_xdma/inst/pcie4_ip_i/inst/bd_ab_bd_xdma_0_pcie4_ip_pcie_4_0_pipe_inst/pcie_4_0_init_ctrl_inst/PHY_USERCLK
    SLICE_X95Y30         FDCE                                         r  bd_ab_i/bd_xdma/inst/pcie4_ip_i/inst/bd_ab_bd_xdma_0_pcie4_ip_pcie_4_0_pipe_inst/pcie_4_0_init_ctrl_inst/reset_n_o_reg/C
  -------------------------------------------------------------------    -------------------
    SLICE_X95Y30         FDCE (Prop_FFF2_SLICEM_C_Q)
                                                      0.079     2.053 r  bd_ab_i/bd_xdma/inst/pcie4_ip_i/inst/bd_ab_bd_xdma_0_pcie4_ip_pcie_4_0_pipe_inst/pcie_4_0_init_ctrl_inst/reset_n_o_reg/Q
                         net (fo=115, routed)         1.086     3.139    bd_ab_i/bd_xdma/inst/pcie4_ip_i/inst/bd_ab_bd_xdma_0_pcie4_ip_pcie_4_0_pipe_inst/seqnum_fifo.seq_fifo_0/reg_out_data_reg[6]_1
    SLICE_X111Y25        FDCE                                         f  bd_ab_i/bd_xdma/inst/pcie4_ip_i/inst/bd_ab_bd_xdma_0_pcie4_ip_pcie_4_0_pipe_inst/seqnum_fifo.seq_fifo_0/write_addr_reg[0]/CLR  (IS_INVERTED)
  -------------------------------------------------------------------    -------------------

                         (clock GTYE4_CHANNEL_TXOUTCLK[3]_1 rise edge)
                                                      2.000     2.000 r  
    GTYE4_CHANNEL_X0Y7   GTYE4_CHANNEL                0.000     2.000 r  bd_ab_i/bd_xdma/inst/pcie4_ip_i/inst/bd_ab_bd_xdma_0_pcie4_ip_gt_top_i/diablo_gt.diablo_gt_phy_wrapper/gt_wizard.gtwizard_top_i/bd_ab_bd_xdma_0_pcie4_ip_gt_i/inst/gen_gtwizard_gtye4_top.bd_ab_bd_xdma_0_pcie4_ip_gt_gtwizard_gtye4_inst/gen_gtwizard_gtye4.gen_channel_container[1].gen_enabled_channel.gtye4_channel_wrapper_inst/channel_inst/gtye4_channel_gen.gen_gtye4_channel_inst[3].GTYE4_CHANNEL_PRIM_INST/TXOUTCLK
                         net (fo=7, routed)           0.078     2.078    bd_ab_i/bd_xdma/inst/pcie4_ip_i/inst/bd_ab_bd_xdma_0_pcie4_ip_gt_top_i/diablo_gt.diablo_gt_phy_wrapper/phy_clk_i/GT_TXOUTCLK[0]
    BUFG_GT_X0Y43        BUFG_GT (Prop_BUFG_GT_I_O)
                                                      0.114     2.192 r  bd_ab_i/bd_xdma/inst/pcie4_ip_i/inst/bd_ab_bd_xdma_0_pcie4_ip_gt_top_i/diablo_gt.diablo_gt_phy_wrapper/phy_clk_i/bufg_gt_coreclk/O
    X2Y0 (CLOCK_ROOT)    net (fo=1960, routed)        1.622     3.814    bd_ab_i/bd_xdma/inst/pcie4_ip_i/inst/bd_ab_bd_xdma_0_pcie4_ip_pcie_4_0_pipe_inst/seqnum_fifo.seq_fifo_0/CLK
    SLICE_X111Y25        FDCE                                         r  bd_ab_i/bd_xdma/inst/pcie4_ip_i/inst/bd_ab_bd_xdma_0_pcie4_ip_pcie_4_0_pipe_inst/seqnum_fifo.seq_fifo_0/write_addr_reg[0]/C
                         clock pessimism              0.001     3.815    
                         clock uncertainty           -0.046     3.769    
    SLICE_X111Y25        FDCE (Recov_BFF2_SLICEL_C_CLR)
                                                     -0.066     3.703    bd_ab_i/bd_xdma/inst/pcie4_ip_i/inst/bd_ab_bd_xdma_0_pcie4_ip_pcie_4_0_pipe_inst/seqnum_fifo.seq_fifo_0/write_addr_reg[0]
  -------------------------------------------------------------------
                         required time                          3.703    
                         arrival time                          -3.139    
  -------------------------------------------------------------------
                         slack                                  0.564    





Min Delay Paths
--------------------------------------------------------------------------------------
Slack (MET) :             0.056ns  (arrival time - required time)
  Source:                 bd_ab_i/bd_xdma/inst/pcie4_ip_i/inst/bd_ab_bd_xdma_0_pcie4_ip_pcie_4_0_pipe_inst/pcie_4_0_init_ctrl_inst/mgmt_reset_n_o_reg/C
                            (rising edge-triggered cell FDCE clocked by bd_xdma_axi_aclk  {rise@0.000ns fall@2.000ns period=4.000ns})
  Destination:            bd_ab_i/bd_xdma/inst/pcie4_ip_i/inst/bd_ab_bd_xdma_0_pcie4_ip_pcie_4_0_pipe_inst/pcie_4_0_init_ctrl_inst/counter_reg[0]/CLR
                            (removal check against rising-edge clock GTYE4_CHANNEL_TXOUTCLK[3]_1  {rise@0.000ns fall@1.000ns period=2.000ns})
  Path Group:             **async_default**
  Path Type:              Removal (Min at Slow Process Corner)
  Requirement:            0.000ns  (GTYE4_CHANNEL_TXOUTCLK[3]_1 rise@0.000ns - bd_xdma_axi_aclk rise@0.000ns)
  Data Path Delay:        0.242ns  (logic 0.058ns (23.927%)  route 0.184ns (76.073%))
  Logic Levels:           0  
  Clock Path Skew:        0.218ns (DCD - SCD - CPR)
    Destination Clock Delay (DCD):    1.962ns
    Source Clock Delay      (SCD):    1.743ns
    Clock Pessimism Removal (CPR):    0.001ns
  Clock Net Delay (Source):      1.551ns (routing 0.767ns, distribution 0.784ns)
  Clock Net Delay (Destination): 1.747ns (routing 0.850ns, distribution 0.897ns)

    Location             Delay type                Incr(ns)  Path(ns)    Netlist Resource(s)
  -------------------------------------------------------------------    -------------------
                         (clock bd_xdma_axi_aclk rise edge)
                                                      0.000     0.000 r  
    GTYE4_CHANNEL_X0Y7   GTYE4_CHANNEL                0.000     0.000 r  bd_ab_i/bd_xdma/inst/pcie4_ip_i/inst/bd_ab_bd_xdma_0_pcie4_ip_gt_top_i/diablo_gt.diablo_gt_phy_wrapper/gt_wizard.gtwizard_top_i/bd_ab_bd_xdma_0_pcie4_ip_gt_i/inst/gen_gtwizard_gtye4_top.bd_ab_bd_xdma_0_pcie4_ip_gt_gtwizard_gtye4_inst/gen_gtwizard_gtye4.gen_channel_container[1].gen_enabled_channel.gtye4_channel_wrapper_inst/channel_inst/gtye4_channel_gen.gen_gtye4_channel_inst[3].GTYE4_CHANNEL_PRIM_INST/TXOUTCLK
                         net (fo=7, routed)           0.078     0.078    bd_ab_i/bd_xdma/inst/pcie4_ip_i/inst/bd_ab_bd_xdma_0_pcie4_ip_gt_top_i/diablo_gt.diablo_gt_phy_wrapper/phy_clk_i/GT_TXOUTCLK[0]
    BUFG_GT_X0Y39        BUFG_GT (Prop_BUFG_GT_I_O)
                                                      0.114     0.192 r  bd_ab_i/bd_xdma/inst/pcie4_ip_i/inst/bd_ab_bd_xdma_0_pcie4_ip_gt_top_i/diablo_gt.diablo_gt_phy_wrapper/phy_clk_i/bufg_gt_userclk/O
    X2Y0 (CLOCK_ROOT)    net (fo=19796, routed)       1.551     1.743    bd_ab_i/bd_xdma/inst/pcie4_ip_i/inst/bd_ab_bd_xdma_0_pcie4_ip_pcie_4_0_pipe_inst/pcie_4_0_init_ctrl_inst/PHY_USERCLK
    SLICE_X95Y30         FDCE                                         r  bd_ab_i/bd_xdma/inst/pcie4_ip_i/inst/bd_ab_bd_xdma_0_pcie4_ip_pcie_4_0_pipe_inst/pcie_4_0_init_ctrl_inst/mgmt_reset_n_o_reg/C
  -------------------------------------------------------------------    -------------------
    SLICE_X95Y30         FDCE (Prop_EFF_SLICEM_C_Q)
                                                      0.058     1.801 r  bd_ab_i/bd_xdma/inst/pcie4_ip_i/inst/bd_ab_bd_xdma_0_pcie4_ip_pcie_4_0_pipe_inst/pcie_4_0_init_ctrl_inst/mgmt_reset_n_o_reg/Q
                         net (fo=3, routed)           0.184     1.985    bd_ab_i/bd_xdma/inst/pcie4_ip_i/inst/bd_ab_bd_xdma_0_pcie4_ip_pcie_4_0_pipe_inst/pcie_4_0_init_ctrl_inst/mgmt_reset_n_o_reg_0
    SLICE_X97Y29         FDCE                                         f  bd_ab_i/bd_xdma/inst/pcie4_ip_i/inst/bd_ab_bd_xdma_0_pcie4_ip_pcie_4_0_pipe_inst/pcie_4_0_init_ctrl_inst/counter_reg[0]/CLR  (IS_INVERTED)
  -------------------------------------------------------------------    -------------------

                         (clock GTYE4_CHANNEL_TXOUTCLK[3]_1 rise edge)
                                                      0.000     0.000 r  
    GTYE4_CHANNEL_X0Y7   GTYE4_CHANNEL                0.000     0.000 r  bd_ab_i/bd_xdma/inst/pcie4_ip_i/inst/bd_ab_bd_xdma_0_pcie4_ip_gt_top_i/diablo_gt.diablo_gt_phy_wrapper/gt_wizard.gtwizard_top_i/bd_ab_bd_xdma_0_pcie4_ip_gt_i/inst/gen_gtwizard_gtye4_top.bd_ab_bd_xdma_0_pcie4_ip_gt_gtwizard_gtye4_inst/gen_gtwizard_gtye4.gen_channel_container[1].gen_enabled_channel.gtye4_channel_wrapper_inst/channel_inst/gtye4_channel_gen.gen_gtye4_channel_inst[3].GTYE4_CHANNEL_PRIM_INST/TXOUTCLK
                         net (fo=7, routed)           0.085     0.085    bd_ab_i/bd_xdma/inst/pcie4_ip_i/inst/bd_ab_bd_xdma_0_pcie4_ip_gt_top_i/diablo_gt.diablo_gt_phy_wrapper/phy_clk_i/GT_TXOUTCLK[0]
    BUFG_GT_X0Y43        BUFG_GT (Prop_BUFG_GT_I_O)
                                                      0.130     0.215 r  bd_ab_i/bd_xdma/inst/pcie4_ip_i/inst/bd_ab_bd_xdma_0_pcie4_ip_gt_top_i/diablo_gt.diablo_gt_phy_wrapper/phy_clk_i/bufg_gt_coreclk/O
    X2Y0 (CLOCK_ROOT)    net (fo=1960, routed)        1.747     1.962    bd_ab_i/bd_xdma/inst/pcie4_ip_i/inst/bd_ab_bd_xdma_0_pcie4_ip_pcie_4_0_pipe_inst/pcie_4_0_init_ctrl_inst/CLK
    SLICE_X97Y29         FDCE                                         r  bd_ab_i/bd_xdma/inst/pcie4_ip_i/inst/bd_ab_bd_xdma_0_pcie4_ip_pcie_4_0_pipe_inst/pcie_4_0_init_ctrl_inst/counter_reg[0]/C
                         clock pessimism             -0.001     1.961    
    SLICE_X97Y29         FDCE (Remov_HFF2_SLICEL_C_CLR)
                                                     -0.032     1.929    bd_ab_i/bd_xdma/inst/pcie4_ip_i/inst/bd_ab_bd_xdma_0_pcie4_ip_pcie_4_0_pipe_inst/pcie_4_0_init_ctrl_inst/counter_reg[0]
  -------------------------------------------------------------------
                         required time                         -1.929    
                         arrival time                           1.985    
  -------------------------------------------------------------------
                         slack                                  0.056    





---------------------------------------------------------------------------------------------------
Path Group:  **async_default**
From Clock:  bd_ab_i/bd_xdma/inst/pcie4_ip_i/inst/bd_ab_bd_xdma_0_pcie4_ip_gt_top_i/diablo_gt.diablo_gt_phy_wrapper/gt_wizard.gtwizard_top_i/bd_ab_bd_xdma_0_pcie4_ip_gt_i/inst/gen_gtwizard_gtye4_top.bd_ab_bd_xdma_0_pcie4_ip_gt_gtwizard_gtye4_inst/gen_gtwizard_gtye4.gen_cpll_cal_gtye4.gen_cpll_cal_inst[0].gen_inst_cpll_cal.gtwizard_ultrascale_v1_7_20_gtye4_cpll_cal_inst/gtwizard_ultrascale_v1_7_20_gtye4_cpll_cal_tx_i/bufg_gt_txoutclkmon_inst/O
  To Clock:  bd_ab_i/bd_xdma/inst/pcie4_ip_i/inst/bd_ab_bd_xdma_0_pcie4_ip_gt_top_i/diablo_gt.diablo_gt_phy_wrapper/gt_wizard.gtwizard_top_i/bd_ab_bd_xdma_0_pcie4_ip_gt_i/inst/gen_gtwizard_gtye4_top.bd_ab_bd_xdma_0_pcie4_ip_gt_gtwizard_gtye4_inst/gen_gtwizard_gtye4.gen_cpll_cal_gtye4.gen_cpll_cal_inst[0].gen_inst_cpll_cal.gtwizard_ultrascale_v1_7_20_gtye4_cpll_cal_inst/gtwizard_ultrascale_v1_7_20_gtye4_cpll_cal_tx_i/bufg_gt_txoutclkmon_inst/O

Setup :            0  Failing Endpoints,  Worst Slack        7.192ns,  Total Violation        0.000ns
Hold  :            0  Failing Endpoints,  Worst Slack        0.185ns,  Total Violation        0.000ns
---------------------------------------------------------------------------------------------------


Max Delay Paths
--------------------------------------------------------------------------------------
Slack (MET) :             7.192ns  (required time - arrival time)
  Source:                 bd_ab_i/bd_xdma/inst/pcie4_ip_i/inst/bd_ab_bd_xdma_0_pcie4_ip_gt_top_i/diablo_gt.diablo_gt_phy_wrapper/gt_wizard.gtwizard_top_i/bd_ab_bd_xdma_0_pcie4_ip_gt_i/inst/gen_gtwizard_gtye4_top.bd_ab_bd_xdma_0_pcie4_ip_gt_gtwizard_gtye4_inst/gen_gtwizard_gtye4.gen_cpll_cal_gtye4.gen_cpll_cal_inst[0].gen_inst_cpll_cal.gtwizard_ultrascale_v1_7_20_gtye4_cpll_cal_inst/gtwizard_ultrascale_v1_7_20_gtye4_cpll_cal_tx_i/U_TXOUTCLK_FREQ_COUNTER/reset_synchronizer_testclk_rst_inst/rst_in_out_reg/C
                            (rising edge-triggered cell FDPE clocked by bd_ab_i/bd_xdma/inst/pcie4_ip_i/inst/bd_ab_bd_xdma_0_pcie4_ip_gt_top_i/diablo_gt.diablo_gt_phy_wrapper/gt_wizard.gtwizard_top_i/bd_ab_bd_xdma_0_pcie4_ip_gt_i/inst/gen_gtwizard_gtye4_top.bd_ab_bd_xdma_0_pcie4_ip_gt_gtwizard_gtye4_inst/gen_gtwizard_gtye4.gen_cpll_cal_gtye4.gen_cpll_cal_inst[0].gen_inst_cpll_cal.gtwizard_ultrascale_v1_7_20_gtye4_cpll_cal_inst/gtwizard_ultrascale_v1_7_20_gtye4_cpll_cal_tx_i/bufg_gt_txoutclkmon_inst/O  {rise@0.000ns fall@4.000ns period=8.000ns})
  Destination:            bd_ab_i/bd_xdma/inst/pcie4_ip_i/inst/bd_ab_bd_xdma_0_pcie4_ip_gt_top_i/diablo_gt.diablo_gt_phy_wrapper/gt_wizard.gtwizard_top_i/bd_ab_bd_xdma_0_pcie4_ip_gt_i/inst/gen_gtwizard_gtye4_top.bd_ab_bd_xdma_0_pcie4_ip_gt_gtwizard_gtye4_inst/gen_gtwizard_gtye4.gen_cpll_cal_gtye4.gen_cpll_cal_inst[0].gen_inst_cpll_cal.gtwizard_ultrascale_v1_7_20_gtye4_cpll_cal_inst/gtwizard_ultrascale_v1_7_20_gtye4_cpll_cal_tx_i/U_TXOUTCLK_FREQ_COUNTER/testclk_cnt_reg[10]/CLR
                            (recovery check against rising-edge clock bd_ab_i/bd_xdma/inst/pcie4_ip_i/inst/bd_ab_bd_xdma_0_pcie4_ip_gt_top_i/diablo_gt.diablo_gt_phy_wrapper/gt_wizard.gtwizard_top_i/bd_ab_bd_xdma_0_pcie4_ip_gt_i/inst/gen_gtwizard_gtye4_top.bd_ab_bd_xdma_0_pcie4_ip_gt_gtwizard_gtye4_inst/gen_gtwizard_gtye4.gen_cpll_cal_gtye4.gen_cpll_cal_inst[0].gen_inst_cpll_cal.gtwizard_ultrascale_v1_7_20_gtye4_cpll_cal_inst/gtwizard_ultrascale_v1_7_20_gtye4_cpll_cal_tx_i/bufg_gt_txoutclkmon_inst/O  {rise@0.000ns fall@4.000ns period=8.000ns})
  Path Group:             **async_default**
  Path Type:              Recovery (Max at Slow Process Corner)
  Requirement:            8.000ns  (bd_ab_i/bd_xdma/inst/pcie4_ip_i/inst/bd_ab_bd_xdma_0_pcie4_ip_gt_top_i/diablo_gt.diablo_gt_phy_wrapper/gt_wizard.gtwizard_top_i/bd_ab_bd_xdma_0_pcie4_ip_gt_i/inst/gen_gtwizard_gtye4_top.bd_ab_bd_xdma_0_pcie4_ip_gt_gtwizard_gtye4_inst/gen_gtwizard_gtye4.gen_cpll_cal_gtye4.gen_cpll_cal_inst[0].gen_inst_cpll_cal.gtwizard_ultrascale_v1_7_20_gtye4_cpll_cal_inst/gtwizard_ultrascale_v1_7_20_gtye4_cpll_cal_tx_i/bufg_gt_txoutclkmon_inst/O rise@8.000ns - bd_ab_i/bd_xdma/inst/pcie4_ip_i/inst/bd_ab_bd_xdma_0_pcie4_ip_gt_top_i/diablo_gt.diablo_gt_phy_wrapper/gt_wizard.gtwizard_top_i/bd_ab_bd_xdma_0_pcie4_ip_gt_i/inst/gen_gtwizard_gtye4_top.bd_ab_bd_xdma_0_pcie4_ip_gt_gtwizard_gtye4_inst/gen_gtwizard_gtye4.gen_cpll_cal_gtye4.gen_cpll_cal_inst[0].gen_inst_cpll_cal.gtwizard_ultrascale_v1_7_20_gtye4_cpll_cal_inst/gtwizard_ultrascale_v1_7_20_gtye4_cpll_cal_tx_i/bufg_gt_txoutclkmon_inst/O rise@0.000ns)
  Data Path Delay:        0.654ns  (logic 0.079ns (12.076%)  route 0.575ns (87.924%))
  Logic Levels:           0  
  Clock Path Skew:        -0.042ns (DCD - SCD + CPR)
    Destination Clock Delay (DCD):    0.485ns = ( 8.485 - 8.000 ) 
    Source Clock Delay      (SCD):    0.576ns
    Clock Pessimism Removal (CPR):    0.049ns
  Clock Uncertainty:      0.046ns  ((TSJ^2 + DJ^2)^1/2) / 2 + PE
    Total System Jitter     (TSJ):    0.071ns
    Discrete Jitter          (DJ):    0.060ns
    Phase Error              (PE):    0.000ns
  Clock Net Delay (Source):      0.576ns (routing 0.002ns, distribution 0.574ns)
  Clock Net Delay (Destination): 0.485ns (routing 0.001ns, distribution 0.484ns)

    Location             Delay type                Incr(ns)  Path(ns)    Netlist Resource(s)
  -------------------------------------------------------------------    -------------------
                         (clock bd_ab_i/bd_xdma/inst/pcie4_ip_i/inst/bd_ab_bd_xdma_0_pcie4_ip_gt_top_i/diablo_gt.diablo_gt_phy_wrapper/gt_wizard.gtwizard_top_i/bd_ab_bd_xdma_0_pcie4_ip_gt_i/inst/gen_gtwizard_gtye4_top.bd_ab_bd_xdma_0_pcie4_ip_gt_gtwizard_gtye4_inst/gen_gtwizard_gtye4.gen_cpll_cal_gtye4.gen_cpll_cal_inst[0].gen_inst_cpll_cal.gtwizard_ultrascale_v1_7_20_gtye4_cpll_cal_inst/gtwizard_ultrascale_v1_7_20_gtye4_cpll_cal_tx_i/bufg_gt_txoutclkmon_inst/O rise edge)
                                                      0.000     0.000 r  
    BUFG_GT_X0Y6         BUFG_GT                      0.000     0.000 r  bd_ab_i/bd_xdma/inst/pcie4_ip_i/inst/bd_ab_bd_xdma_0_pcie4_ip_gt_top_i/diablo_gt.diablo_gt_phy_wrapper/gt_wizard.gtwizard_top_i/bd_ab_bd_xdma_0_pcie4_ip_gt_i/inst/gen_gtwizard_gtye4_top.bd_ab_bd_xdma_0_pcie4_ip_gt_gtwizard_gtye4_inst/gen_gtwizard_gtye4.gen_cpll_cal_gtye4.gen_cpll_cal_inst[0].gen_inst_cpll_cal.gtwizard_ultrascale_v1_7_20_gtye4_cpll_cal_inst/gtwizard_ultrascale_v1_7_20_gtye4_cpll_cal_tx_i/bufg_gt_txoutclkmon_inst/O
    X3Y0 (CLOCK_ROOT)    net (fo=31, routed)          0.576     0.576    bd_ab_i/bd_xdma/inst/pcie4_ip_i/inst/bd_ab_bd_xdma_0_pcie4_ip_gt_top_i/diablo_gt.diablo_gt_phy_wrapper/gt_wizard.gtwizard_top_i/bd_ab_bd_xdma_0_pcie4_ip_gt_i/inst/gen_gtwizard_gtye4_top.bd_ab_bd_xdma_0_pcie4_ip_gt_gtwizard_gtye4_inst/gen_gtwizard_gtye4.gen_cpll_cal_gtye4.gen_cpll_cal_inst[0].gen_inst_cpll_cal.gtwizard_ultrascale_v1_7_20_gtye4_cpll_cal_inst/gtwizard_ultrascale_v1_7_20_gtye4_cpll_cal_tx_i/U_TXOUTCLK_FREQ_COUNTER/reset_synchronizer_testclk_rst_inst/txoutclkmon
    SLICE_X111Y9         FDPE                                         r  bd_ab_i/bd_xdma/inst/pcie4_ip_i/inst/bd_ab_bd_xdma_0_pcie4_ip_gt_top_i/diablo_gt.diablo_gt_phy_wrapper/gt_wizard.gtwizard_top_i/bd_ab_bd_xdma_0_pcie4_ip_gt_i/inst/gen_gtwizard_gtye4_top.bd_ab_bd_xdma_0_pcie4_ip_gt_gtwizard_gtye4_inst/gen_gtwizard_gtye4.gen_cpll_cal_gtye4.gen_cpll_cal_inst[0].gen_inst_cpll_cal.gtwizard_ultrascale_v1_7_20_gtye4_cpll_cal_inst/gtwizard_ultrascale_v1_7_20_gtye4_cpll_cal_tx_i/U_TXOUTCLK_FREQ_COUNTER/reset_synchronizer_testclk_rst_inst/rst_in_out_reg/C
  -------------------------------------------------------------------    -------------------
    SLICE_X111Y9         FDPE (Prop_EFF_SLICEL_C_Q)
                                                      0.079     0.655 f  bd_ab_i/bd_xdma/inst/pcie4_ip_i/inst/bd_ab_bd_xdma_0_pcie4_ip_gt_top_i/diablo_gt.diablo_gt_phy_wrapper/gt_wizard.gtwizard_top_i/bd_ab_bd_xdma_0_pcie4_ip_gt_i/inst/gen_gtwizard_gtye4_top.bd_ab_bd_xdma_0_pcie4_ip_gt_gtwizard_gtye4_inst/gen_gtwizard_gtye4.gen_cpll_cal_gtye4.gen_cpll_cal_inst[0].gen_inst_cpll_cal.gtwizard_ultrascale_v1_7_20_gtye4_cpll_cal_inst/gtwizard_ultrascale_v1_7_20_gtye4_cpll_cal_tx_i/U_TXOUTCLK_FREQ_COUNTER/reset_synchronizer_testclk_rst_inst/rst_in_out_reg/Q
                         net (fo=18, routed)          0.575     1.230    bd_ab_i/bd_xdma/inst/pcie4_ip_i/inst/bd_ab_bd_xdma_0_pcie4_ip_gt_top_i/diablo_gt.diablo_gt_phy_wrapper/gt_wizard.gtwizard_top_i/bd_ab_bd_xdma_0_pcie4_ip_gt_i/inst/gen_gtwizard_gtye4_top.bd_ab_bd_xdma_0_pcie4_ip_gt_gtwizard_gtye4_inst/gen_gtwizard_gtye4.gen_cpll_cal_gtye4.gen_cpll_cal_inst[0].gen_inst_cpll_cal.gtwizard_ultrascale_v1_7_20_gtye4_cpll_cal_inst/gtwizard_ultrascale_v1_7_20_gtye4_cpll_cal_tx_i/U_TXOUTCLK_FREQ_COUNTER/rst_in_out
    SLICE_X110Y10        FDCE                                         f  bd_ab_i/bd_xdma/inst/pcie4_ip_i/inst/bd_ab_bd_xdma_0_pcie4_ip_gt_top_i/diablo_gt.diablo_gt_phy_wrapper/gt_wizard.gtwizard_top_i/bd_ab_bd_xdma_0_pcie4_ip_gt_i/inst/gen_gtwizard_gtye4_top.bd_ab_bd_xdma_0_pcie4_ip_gt_gtwizard_gtye4_inst/gen_gtwizard_gtye4.gen_cpll_cal_gtye4.gen_cpll_cal_inst[0].gen_inst_cpll_cal.gtwizard_ultrascale_v1_7_20_gtye4_cpll_cal_inst/gtwizard_ultrascale_v1_7_20_gtye4_cpll_cal_tx_i/U_TXOUTCLK_FREQ_COUNTER/testclk_cnt_reg[10]/CLR
  -------------------------------------------------------------------    -------------------

                         (clock bd_ab_i/bd_xdma/inst/pcie4_ip_i/inst/bd_ab_bd_xdma_0_pcie4_ip_gt_top_i/diablo_gt.diablo_gt_phy_wrapper/gt_wizard.gtwizard_top_i/bd_ab_bd_xdma_0_pcie4_ip_gt_i/inst/gen_gtwizard_gtye4_top.bd_ab_bd_xdma_0_pcie4_ip_gt_gtwizard_gtye4_inst/gen_gtwizard_gtye4.gen_cpll_cal_gtye4.gen_cpll_cal_inst[0].gen_inst_cpll_cal.gtwizard_ultrascale_v1_7_20_gtye4_cpll_cal_inst/gtwizard_ultrascale_v1_7_20_gtye4_cpll_cal_tx_i/bufg_gt_txoutclkmon_inst/O rise edge)
                                                      8.000     8.000 r  
    BUFG_GT_X0Y6         BUFG_GT                      0.000     8.000 r  bd_ab_i/bd_xdma/inst/pcie4_ip_i/inst/bd_ab_bd_xdma_0_pcie4_ip_gt_top_i/diablo_gt.diablo_gt_phy_wrapper/gt_wizard.gtwizard_top_i/bd_ab_bd_xdma_0_pcie4_ip_gt_i/inst/gen_gtwizard_gtye4_top.bd_ab_bd_xdma_0_pcie4_ip_gt_gtwizard_gtye4_inst/gen_gtwizard_gtye4.gen_cpll_cal_gtye4.gen_cpll_cal_inst[0].gen_inst_cpll_cal.gtwizard_ultrascale_v1_7_20_gtye4_cpll_cal_inst/gtwizard_ultrascale_v1_7_20_gtye4_cpll_cal_tx_i/bufg_gt_txoutclkmon_inst/O
    X3Y0 (CLOCK_ROOT)    net (fo=31, routed)          0.485     8.485    bd_ab_i/bd_xdma/inst/pcie4_ip_i/inst/bd_ab_bd_xdma_0_pcie4_ip_gt_top_i/diablo_gt.diablo_gt_phy_wrapper/gt_wizard.gtwizard_top_i/bd_ab_bd_xdma_0_pcie4_ip_gt_i/inst/gen_gtwizard_gtye4_top.bd_ab_bd_xdma_0_pcie4_ip_gt_gtwizard_gtye4_inst/gen_gtwizard_gtye4.gen_cpll_cal_gtye4.gen_cpll_cal_inst[0].gen_inst_cpll_cal.gtwizard_ultrascale_v1_7_20_gtye4_cpll_cal_inst/gtwizard_ultrascale_v1_7_20_gtye4_cpll_cal_tx_i/U_TXOUTCLK_FREQ_COUNTER/txoutclkmon
    SLICE_X110Y10        FDCE                                         r  bd_ab_i/bd_xdma/inst/pcie4_ip_i/inst/bd_ab_bd_xdma_0_pcie4_ip_gt_top_i/diablo_gt.diablo_gt_phy_wrapper/gt_wizard.gtwizard_top_i/bd_ab_bd_xdma_0_pcie4_ip_gt_i/inst/gen_gtwizard_gtye4_top.bd_ab_bd_xdma_0_pcie4_ip_gt_gtwizard_gtye4_inst/gen_gtwizard_gtye4.gen_cpll_cal_gtye4.gen_cpll_cal_inst[0].gen_inst_cpll_cal.gtwizard_ultrascale_v1_7_20_gtye4_cpll_cal_inst/gtwizard_ultrascale_v1_7_20_gtye4_cpll_cal_tx_i/U_TXOUTCLK_FREQ_COUNTER/testclk_cnt_reg[10]/C
                         clock pessimism              0.049     8.534    
                         clock uncertainty           -0.046     8.488    
    SLICE_X110Y10        FDCE (Recov_CFF_SLICEM_C_CLR)
                                                     -0.066     8.422    bd_ab_i/bd_xdma/inst/pcie4_ip_i/inst/bd_ab_bd_xdma_0_pcie4_ip_gt_top_i/diablo_gt.diablo_gt_phy_wrapper/gt_wizard.gtwizard_top_i/bd_ab_bd_xdma_0_pcie4_ip_gt_i/inst/gen_gtwizard_gtye4_top.bd_ab_bd_xdma_0_pcie4_ip_gt_gtwizard_gtye4_inst/gen_gtwizard_gtye4.gen_cpll_cal_gtye4.gen_cpll_cal_inst[0].gen_inst_cpll_cal.gtwizard_ultrascale_v1_7_20_gtye4_cpll_cal_inst/gtwizard_ultrascale_v1_7_20_gtye4_cpll_cal_tx_i/U_TXOUTCLK_FREQ_COUNTER/testclk_cnt_reg[10]
  -------------------------------------------------------------------
                         required time                          8.422    
                         arrival time                          -1.230    
  -------------------------------------------------------------------
                         slack                                  7.192    





Min Delay Paths
--------------------------------------------------------------------------------------
Slack (MET) :             0.185ns  (arrival time - required time)
  Source:                 bd_ab_i/bd_xdma/inst/pcie4_ip_i/inst/bd_ab_bd_xdma_0_pcie4_ip_gt_top_i/diablo_gt.diablo_gt_phy_wrapper/gt_wizard.gtwizard_top_i/bd_ab_bd_xdma_0_pcie4_ip_gt_i/inst/gen_gtwizard_gtye4_top.bd_ab_bd_xdma_0_pcie4_ip_gt_gtwizard_gtye4_inst/gen_gtwizard_gtye4.gen_cpll_cal_gtye4.gen_cpll_cal_inst[0].gen_inst_cpll_cal.gtwizard_ultrascale_v1_7_20_gtye4_cpll_cal_inst/gtwizard_ultrascale_v1_7_20_gtye4_cpll_cal_tx_i/U_TXOUTCLK_FREQ_COUNTER/reset_synchronizer_testclk_rst_inst/rst_in_out_reg/C
                            (rising edge-triggered cell FDPE clocked by bd_ab_i/bd_xdma/inst/pcie4_ip_i/inst/bd_ab_bd_xdma_0_pcie4_ip_gt_top_i/diablo_gt.diablo_gt_phy_wrapper/gt_wizard.gtwizard_top_i/bd_ab_bd_xdma_0_pcie4_ip_gt_i/inst/gen_gtwizard_gtye4_top.bd_ab_bd_xdma_0_pcie4_ip_gt_gtwizard_gtye4_inst/gen_gtwizard_gtye4.gen_cpll_cal_gtye4.gen_cpll_cal_inst[0].gen_inst_cpll_cal.gtwizard_ultrascale_v1_7_20_gtye4_cpll_cal_inst/gtwizard_ultrascale_v1_7_20_gtye4_cpll_cal_tx_i/bufg_gt_txoutclkmon_inst/O  {rise@0.000ns fall@4.000ns period=8.000ns})
  Destination:            bd_ab_i/bd_xdma/inst/pcie4_ip_i/inst/bd_ab_bd_xdma_0_pcie4_ip_gt_top_i/diablo_gt.diablo_gt_phy_wrapper/gt_wizard.gtwizard_top_i/bd_ab_bd_xdma_0_pcie4_ip_gt_i/inst/gen_gtwizard_gtye4_top.bd_ab_bd_xdma_0_pcie4_ip_gt_gtwizard_gtye4_inst/gen_gtwizard_gtye4.gen_cpll_cal_gtye4.gen_cpll_cal_inst[0].gen_inst_cpll_cal.gtwizard_ultrascale_v1_7_20_gtye4_cpll_cal_inst/gtwizard_ultrascale_v1_7_20_gtye4_cpll_cal_tx_i/U_TXOUTCLK_FREQ_COUNTER/testclk_cnt_reg[0]/CLR
                            (removal check against rising-edge clock bd_ab_i/bd_xdma/inst/pcie4_ip_i/inst/bd_ab_bd_xdma_0_pcie4_ip_gt_top_i/diablo_gt.diablo_gt_phy_wrapper/gt_wizard.gtwizard_top_i/bd_ab_bd_xdma_0_pcie4_ip_gt_i/inst/gen_gtwizard_gtye4_top.bd_ab_bd_xdma_0_pcie4_ip_gt_gtwizard_gtye4_inst/gen_gtwizard_gtye4.gen_cpll_cal_gtye4.gen_cpll_cal_inst[0].gen_inst_cpll_cal.gtwizard_ultrascale_v1_7_20_gtye4_cpll_cal_inst/gtwizard_ultrascale_v1_7_20_gtye4_cpll_cal_tx_i/bufg_gt_txoutclkmon_inst/O  {rise@0.000ns fall@4.000ns period=8.000ns})
  Path Group:             **async_default**
  Path Type:              Removal (Min at Fast Process Corner)
  Requirement:            0.000ns  (bd_ab_i/bd_xdma/inst/pcie4_ip_i/inst/bd_ab_bd_xdma_0_pcie4_ip_gt_top_i/diablo_gt.diablo_gt_phy_wrapper/gt_wizard.gtwizard_top_i/bd_ab_bd_xdma_0_pcie4_ip_gt_i/inst/gen_gtwizard_gtye4_top.bd_ab_bd_xdma_0_pcie4_ip_gt_gtwizard_gtye4_inst/gen_gtwizard_gtye4.gen_cpll_cal_gtye4.gen_cpll_cal_inst[0].gen_inst_cpll_cal.gtwizard_ultrascale_v1_7_20_gtye4_cpll_cal_inst/gtwizard_ultrascale_v1_7_20_gtye4_cpll_cal_tx_i/bufg_gt_txoutclkmon_inst/O rise@0.000ns - bd_ab_i/bd_xdma/inst/pcie4_ip_i/inst/bd_ab_bd_xdma_0_pcie4_ip_gt_top_i/diablo_gt.diablo_gt_phy_wrapper/gt_wizard.gtwizard_top_i/bd_ab_bd_xdma_0_pcie4_ip_gt_i/inst/gen_gtwizard_gtye4_top.bd_ab_bd_xdma_0_pcie4_ip_gt_gtwizard_gtye4_inst/gen_gtwizard_gtye4.gen_cpll_cal_gtye4.gen_cpll_cal_inst[0].gen_inst_cpll_cal.gtwizard_ultrascale_v1_7_20_gtye4_cpll_cal_inst/gtwizard_ultrascale_v1_7_20_gtye4_cpll_cal_tx_i/bufg_gt_txoutclkmon_inst/O rise@0.000ns)
  Data Path Delay:        0.183ns  (logic 0.039ns (21.344%)  route 0.144ns (78.656%))
  Logic Levels:           0  
  Clock Path Skew:        0.017ns (DCD - SCD - CPR)
    Destination Clock Delay (DCD):    0.372ns
    Source Clock Delay      (SCD):    0.319ns
    Clock Pessimism Removal (CPR):    0.036ns
  Clock Net Delay (Source):      0.319ns (routing 0.001ns, distribution 0.318ns)
  Clock Net Delay (Destination): 0.372ns (routing 0.001ns, distribution 0.371ns)

    Location             Delay type                Incr(ns)  Path(ns)    Netlist Resource(s)
  -------------------------------------------------------------------    -------------------
                         (clock bd_ab_i/bd_xdma/inst/pcie4_ip_i/inst/bd_ab_bd_xdma_0_pcie4_ip_gt_top_i/diablo_gt.diablo_gt_phy_wrapper/gt_wizard.gtwizard_top_i/bd_ab_bd_xdma_0_pcie4_ip_gt_i/inst/gen_gtwizard_gtye4_top.bd_ab_bd_xdma_0_pcie4_ip_gt_gtwizard_gtye4_inst/gen_gtwizard_gtye4.gen_cpll_cal_gtye4.gen_cpll_cal_inst[0].gen_inst_cpll_cal.gtwizard_ultrascale_v1_7_20_gtye4_cpll_cal_inst/gtwizard_ultrascale_v1_7_20_gtye4_cpll_cal_tx_i/bufg_gt_txoutclkmon_inst/O rise edge)
                                                      0.000     0.000 r  
    BUFG_GT_X0Y6         BUFG_GT                      0.000     0.000 r  bd_ab_i/bd_xdma/inst/pcie4_ip_i/inst/bd_ab_bd_xdma_0_pcie4_ip_gt_top_i/diablo_gt.diablo_gt_phy_wrapper/gt_wizard.gtwizard_top_i/bd_ab_bd_xdma_0_pcie4_ip_gt_i/inst/gen_gtwizard_gtye4_top.bd_ab_bd_xdma_0_pcie4_ip_gt_gtwizard_gtye4_inst/gen_gtwizard_gtye4.gen_cpll_cal_gtye4.gen_cpll_cal_inst[0].gen_inst_cpll_cal.gtwizard_ultrascale_v1_7_20_gtye4_cpll_cal_inst/gtwizard_ultrascale_v1_7_20_gtye4_cpll_cal_tx_i/bufg_gt_txoutclkmon_inst/O
    X3Y0 (CLOCK_ROOT)    net (fo=31, routed)          0.319     0.319    bd_ab_i/bd_xdma/inst/pcie4_ip_i/inst/bd_ab_bd_xdma_0_pcie4_ip_gt_top_i/diablo_gt.diablo_gt_phy_wrapper/gt_wizard.gtwizard_top_i/bd_ab_bd_xdma_0_pcie4_ip_gt_i/inst/gen_gtwizard_gtye4_top.bd_ab_bd_xdma_0_pcie4_ip_gt_gtwizard_gtye4_inst/gen_gtwizard_gtye4.gen_cpll_cal_gtye4.gen_cpll_cal_inst[0].gen_inst_cpll_cal.gtwizard_ultrascale_v1_7_20_gtye4_cpll_cal_inst/gtwizard_ultrascale_v1_7_20_gtye4_cpll_cal_tx_i/U_TXOUTCLK_FREQ_COUNTER/reset_synchronizer_testclk_rst_inst/txoutclkmon
    SLICE_X111Y9         FDPE                                         r  bd_ab_i/bd_xdma/inst/pcie4_ip_i/inst/bd_ab_bd_xdma_0_pcie4_ip_gt_top_i/diablo_gt.diablo_gt_phy_wrapper/gt_wizard.gtwizard_top_i/bd_ab_bd_xdma_0_pcie4_ip_gt_i/inst/gen_gtwizard_gtye4_top.bd_ab_bd_xdma_0_pcie4_ip_gt_gtwizard_gtye4_inst/gen_gtwizard_gtye4.gen_cpll_cal_gtye4.gen_cpll_cal_inst[0].gen_inst_cpll_cal.gtwizard_ultrascale_v1_7_20_gtye4_cpll_cal_inst/gtwizard_ultrascale_v1_7_20_gtye4_cpll_cal_tx_i/U_TXOUTCLK_FREQ_COUNTER/reset_synchronizer_testclk_rst_inst/rst_in_out_reg/C
  -------------------------------------------------------------------    -------------------
    SLICE_X111Y9         FDPE (Prop_EFF_SLICEL_C_Q)
                                                      0.039     0.358 f  bd_ab_i/bd_xdma/inst/pcie4_ip_i/inst/bd_ab_bd_xdma_0_pcie4_ip_gt_top_i/diablo_gt.diablo_gt_phy_wrapper/gt_wizard.gtwizard_top_i/bd_ab_bd_xdma_0_pcie4_ip_gt_i/inst/gen_gtwizard_gtye4_top.bd_ab_bd_xdma_0_pcie4_ip_gt_gtwizard_gtye4_inst/gen_gtwizard_gtye4.gen_cpll_cal_gtye4.gen_cpll_cal_inst[0].gen_inst_cpll_cal.gtwizard_ultrascale_v1_7_20_gtye4_cpll_cal_inst/gtwizard_ultrascale_v1_7_20_gtye4_cpll_cal_tx_i/U_TXOUTCLK_FREQ_COUNTER/reset_synchronizer_testclk_rst_inst/rst_in_out_reg/Q
                         net (fo=18, routed)          0.144     0.502    bd_ab_i/bd_xdma/inst/pcie4_ip_i/inst/bd_ab_bd_xdma_0_pcie4_ip_gt_top_i/diablo_gt.diablo_gt_phy_wrapper/gt_wizard.gtwizard_top_i/bd_ab_bd_xdma_0_pcie4_ip_gt_i/inst/gen_gtwizard_gtye4_top.bd_ab_bd_xdma_0_pcie4_ip_gt_gtwizard_gtye4_inst/gen_gtwizard_gtye4.gen_cpll_cal_gtye4.gen_cpll_cal_inst[0].gen_inst_cpll_cal.gtwizard_ultrascale_v1_7_20_gtye4_cpll_cal_inst/gtwizard_ultrascale_v1_7_20_gtye4_cpll_cal_tx_i/U_TXOUTCLK_FREQ_COUNTER/rst_in_out
    SLICE_X110Y9         FDCE                                         f  bd_ab_i/bd_xdma/inst/pcie4_ip_i/inst/bd_ab_bd_xdma_0_pcie4_ip_gt_top_i/diablo_gt.diablo_gt_phy_wrapper/gt_wizard.gtwizard_top_i/bd_ab_bd_xdma_0_pcie4_ip_gt_i/inst/gen_gtwizard_gtye4_top.bd_ab_bd_xdma_0_pcie4_ip_gt_gtwizard_gtye4_inst/gen_gtwizard_gtye4.gen_cpll_cal_gtye4.gen_cpll_cal_inst[0].gen_inst_cpll_cal.gtwizard_ultrascale_v1_7_20_gtye4_cpll_cal_inst/gtwizard_ultrascale_v1_7_20_gtye4_cpll_cal_tx_i/U_TXOUTCLK_FREQ_COUNTER/testclk_cnt_reg[0]/CLR
  -------------------------------------------------------------------    -------------------

                         (clock bd_ab_i/bd_xdma/inst/pcie4_ip_i/inst/bd_ab_bd_xdma_0_pcie4_ip_gt_top_i/diablo_gt.diablo_gt_phy_wrapper/gt_wizard.gtwizard_top_i/bd_ab_bd_xdma_0_pcie4_ip_gt_i/inst/gen_gtwizard_gtye4_top.bd_ab_bd_xdma_0_pcie4_ip_gt_gtwizard_gtye4_inst/gen_gtwizard_gtye4.gen_cpll_cal_gtye4.gen_cpll_cal_inst[0].gen_inst_cpll_cal.gtwizard_ultrascale_v1_7_20_gtye4_cpll_cal_inst/gtwizard_ultrascale_v1_7_20_gtye4_cpll_cal_tx_i/bufg_gt_txoutclkmon_inst/O rise edge)
                                                      0.000     0.000 r  
    BUFG_GT_X0Y6         BUFG_GT                      0.000     0.000 r  bd_ab_i/bd_xdma/inst/pcie4_ip_i/inst/bd_ab_bd_xdma_0_pcie4_ip_gt_top_i/diablo_gt.diablo_gt_phy_wrapper/gt_wizard.gtwizard_top_i/bd_ab_bd_xdma_0_pcie4_ip_gt_i/inst/gen_gtwizard_gtye4_top.bd_ab_bd_xdma_0_pcie4_ip_gt_gtwizard_gtye4_inst/gen_gtwizard_gtye4.gen_cpll_cal_gtye4.gen_cpll_cal_inst[0].gen_inst_cpll_cal.gtwizard_ultrascale_v1_7_20_gtye4_cpll_cal_inst/gtwizard_ultrascale_v1_7_20_gtye4_cpll_cal_tx_i/bufg_gt_txoutclkmon_inst/O
    X3Y0 (CLOCK_ROOT)    net (fo=31, routed)          0.372     0.372    bd_ab_i/bd_xdma/inst/pcie4_ip_i/inst/bd_ab_bd_xdma_0_pcie4_ip_gt_top_i/diablo_gt.diablo_gt_phy_wrapper/gt_wizard.gtwizard_top_i/bd_ab_bd_xdma_0_pcie4_ip_gt_i/inst/gen_gtwizard_gtye4_top.bd_ab_bd_xdma_0_pcie4_ip_gt_gtwizard_gtye4_inst/gen_gtwizard_gtye4.gen_cpll_cal_gtye4.gen_cpll_cal_inst[0].gen_inst_cpll_cal.gtwizard_ultrascale_v1_7_20_gtye4_cpll_cal_inst/gtwizard_ultrascale_v1_7_20_gtye4_cpll_cal_tx_i/U_TXOUTCLK_FREQ_COUNTER/txoutclkmon
    SLICE_X110Y9         FDCE                                         r  bd_ab_i/bd_xdma/inst/pcie4_ip_i/inst/bd_ab_bd_xdma_0_pcie4_ip_gt_top_i/diablo_gt.diablo_gt_phy_wrapper/gt_wizard.gtwizard_top_i/bd_ab_bd_xdma_0_pcie4_ip_gt_i/inst/gen_gtwizard_gtye4_top.bd_ab_bd_xdma_0_pcie4_ip_gt_gtwizard_gtye4_inst/gen_gtwizard_gtye4.gen_cpll_cal_gtye4.gen_cpll_cal_inst[0].gen_inst_cpll_cal.gtwizard_ultrascale_v1_7_20_gtye4_cpll_cal_inst/gtwizard_ultrascale_v1_7_20_gtye4_cpll_cal_tx_i/U_TXOUTCLK_FREQ_COUNTER/testclk_cnt_reg[0]/C
                         clock pessimism             -0.036     0.337    
    SLICE_X110Y9         FDCE (Remov_AFF_SLICEM_C_CLR)
                                                     -0.020     0.317    bd_ab_i/bd_xdma/inst/pcie4_ip_i/inst/bd_ab_bd_xdma_0_pcie4_ip_gt_top_i/diablo_gt.diablo_gt_phy_wrapper/gt_wizard.gtwizard_top_i/bd_ab_bd_xdma_0_pcie4_ip_gt_i/inst/gen_gtwizard_gtye4_top.bd_ab_bd_xdma_0_pcie4_ip_gt_gtwizard_gtye4_inst/gen_gtwizard_gtye4.gen_cpll_cal_gtye4.gen_cpll_cal_inst[0].gen_inst_cpll_cal.gtwizard_ultrascale_v1_7_20_gtye4_cpll_cal_inst/gtwizard_ultrascale_v1_7_20_gtye4_cpll_cal_tx_i/U_TXOUTCLK_FREQ_COUNTER/testclk_cnt_reg[0]
  -------------------------------------------------------------------
                         required time                         -0.317    
                         arrival time                           0.502    
  -------------------------------------------------------------------
                         slack                                  0.185    





---------------------------------------------------------------------------------------------------
Path Group:  **async_default**
From Clock:  bd_ab_i/bd_xdma/inst/pcie4_ip_i/inst/bd_ab_bd_xdma_0_pcie4_ip_gt_top_i/diablo_gt.diablo_gt_phy_wrapper/gt_wizard.gtwizard_top_i/bd_ab_bd_xdma_0_pcie4_ip_gt_i/inst/gen_gtwizard_gtye4_top.bd_ab_bd_xdma_0_pcie4_ip_gt_gtwizard_gtye4_inst/gen_gtwizard_gtye4.gen_cpll_cal_gtye4.gen_cpll_cal_inst[1].gen_inst_cpll_cal.gtwizard_ultrascale_v1_7_20_gtye4_cpll_cal_inst/gtwizard_ultrascale_v1_7_20_gtye4_cpll_cal_tx_i/bufg_gt_txoutclkmon_inst/O
  To Clock:  bd_ab_i/bd_xdma/inst/pcie4_ip_i/inst/bd_ab_bd_xdma_0_pcie4_ip_gt_top_i/diablo_gt.diablo_gt_phy_wrapper/gt_wizard.gtwizard_top_i/bd_ab_bd_xdma_0_pcie4_ip_gt_i/inst/gen_gtwizard_gtye4_top.bd_ab_bd_xdma_0_pcie4_ip_gt_gtwizard_gtye4_inst/gen_gtwizard_gtye4.gen_cpll_cal_gtye4.gen_cpll_cal_inst[1].gen_inst_cpll_cal.gtwizard_ultrascale_v1_7_20_gtye4_cpll_cal_inst/gtwizard_ultrascale_v1_7_20_gtye4_cpll_cal_tx_i/bufg_gt_txoutclkmon_inst/O

Setup :            0  Failing Endpoints,  Worst Slack        7.366ns,  Total Violation        0.000ns
Hold  :            0  Failing Endpoints,  Worst Slack        0.143ns,  Total Violation        0.000ns
---------------------------------------------------------------------------------------------------


Max Delay Paths
--------------------------------------------------------------------------------------
Slack (MET) :             7.366ns  (required time - arrival time)
  Source:                 bd_ab_i/bd_xdma/inst/pcie4_ip_i/inst/bd_ab_bd_xdma_0_pcie4_ip_gt_top_i/diablo_gt.diablo_gt_phy_wrapper/gt_wizard.gtwizard_top_i/bd_ab_bd_xdma_0_pcie4_ip_gt_i/inst/gen_gtwizard_gtye4_top.bd_ab_bd_xdma_0_pcie4_ip_gt_gtwizard_gtye4_inst/gen_gtwizard_gtye4.gen_cpll_cal_gtye4.gen_cpll_cal_inst[1].gen_inst_cpll_cal.gtwizard_ultrascale_v1_7_20_gtye4_cpll_cal_inst/gtwizard_ultrascale_v1_7_20_gtye4_cpll_cal_tx_i/U_TXOUTCLK_FREQ_COUNTER/reset_synchronizer_testclk_rst_inst/rst_in_out_reg/C
                            (rising edge-triggered cell FDPE clocked by bd_ab_i/bd_xdma/inst/pcie4_ip_i/inst/bd_ab_bd_xdma_0_pcie4_ip_gt_top_i/diablo_gt.diablo_gt_phy_wrapper/gt_wizard.gtwizard_top_i/bd_ab_bd_xdma_0_pcie4_ip_gt_i/inst/gen_gtwizard_gtye4_top.bd_ab_bd_xdma_0_pcie4_ip_gt_gtwizard_gtye4_inst/gen_gtwizard_gtye4.gen_cpll_cal_gtye4.gen_cpll_cal_inst[1].gen_inst_cpll_cal.gtwizard_ultrascale_v1_7_20_gtye4_cpll_cal_inst/gtwizard_ultrascale_v1_7_20_gtye4_cpll_cal_tx_i/bufg_gt_txoutclkmon_inst/O  {rise@0.000ns fall@4.000ns period=8.000ns})
  Destination:            bd_ab_i/bd_xdma/inst/pcie4_ip_i/inst/bd_ab_bd_xdma_0_pcie4_ip_gt_top_i/diablo_gt.diablo_gt_phy_wrapper/gt_wizard.gtwizard_top_i/bd_ab_bd_xdma_0_pcie4_ip_gt_i/inst/gen_gtwizard_gtye4_top.bd_ab_bd_xdma_0_pcie4_ip_gt_gtwizard_gtye4_inst/gen_gtwizard_gtye4.gen_cpll_cal_gtye4.gen_cpll_cal_inst[1].gen_inst_cpll_cal.gtwizard_ultrascale_v1_7_20_gtye4_cpll_cal_inst/gtwizard_ultrascale_v1_7_20_gtye4_cpll_cal_tx_i/U_TXOUTCLK_FREQ_COUNTER/testclk_cnt_reg[10]/CLR
                            (recovery check against rising-edge clock bd_ab_i/bd_xdma/inst/pcie4_ip_i/inst/bd_ab_bd_xdma_0_pcie4_ip_gt_top_i/diablo_gt.diablo_gt_phy_wrapper/gt_wizard.gtwizard_top_i/bd_ab_bd_xdma_0_pcie4_ip_gt_i/inst/gen_gtwizard_gtye4_top.bd_ab_bd_xdma_0_pcie4_ip_gt_gtwizard_gtye4_inst/gen_gtwizard_gtye4.gen_cpll_cal_gtye4.gen_cpll_cal_inst[1].gen_inst_cpll_cal.gtwizard_ultrascale_v1_7_20_gtye4_cpll_cal_inst/gtwizard_ultrascale_v1_7_20_gtye4_cpll_cal_tx_i/bufg_gt_txoutclkmon_inst/O  {rise@0.000ns fall@4.000ns period=8.000ns})
  Path Group:             **async_default**
  Path Type:              Recovery (Max at Slow Process Corner)
  Requirement:            8.000ns  (bd_ab_i/bd_xdma/inst/pcie4_ip_i/inst/bd_ab_bd_xdma_0_pcie4_ip_gt_top_i/diablo_gt.diablo_gt_phy_wrapper/gt_wizard.gtwizard_top_i/bd_ab_bd_xdma_0_pcie4_ip_gt_i/inst/gen_gtwizard_gtye4_top.bd_ab_bd_xdma_0_pcie4_ip_gt_gtwizard_gtye4_inst/gen_gtwizard_gtye4.gen_cpll_cal_gtye4.gen_cpll_cal_inst[1].gen_inst_cpll_cal.gtwizard_ultrascale_v1_7_20_gtye4_cpll_cal_inst/gtwizard_ultrascale_v1_7_20_gtye4_cpll_cal_tx_i/bufg_gt_txoutclkmon_inst/O rise@8.000ns - bd_ab_i/bd_xdma/inst/pcie4_ip_i/inst/bd_ab_bd_xdma_0_pcie4_ip_gt_top_i/diablo_gt.diablo_gt_phy_wrapper/gt_wizard.gtwizard_top_i/bd_ab_bd_xdma_0_pcie4_ip_gt_i/inst/gen_gtwizard_gtye4_top.bd_ab_bd_xdma_0_pcie4_ip_gt_gtwizard_gtye4_inst/gen_gtwizard_gtye4.gen_cpll_cal_gtye4.gen_cpll_cal_inst[1].gen_inst_cpll_cal.gtwizard_ultrascale_v1_7_20_gtye4_cpll_cal_inst/gtwizard_ultrascale_v1_7_20_gtye4_cpll_cal_tx_i/bufg_gt_txoutclkmon_inst/O rise@0.000ns)
  Data Path Delay:        0.453ns  (logic 0.079ns (17.436%)  route 0.374ns (82.564%))
  Logic Levels:           0  
  Clock Path Skew:        -0.069ns (DCD - SCD + CPR)
    Destination Clock Delay (DCD):    0.491ns = ( 8.491 - 8.000 ) 
    Source Clock Delay      (SCD):    0.562ns
    Clock Pessimism Removal (CPR):    0.003ns
  Clock Uncertainty:      0.046ns  ((TSJ^2 + DJ^2)^1/2) / 2 + PE
    Total System Jitter     (TSJ):    0.071ns
    Discrete Jitter          (DJ):    0.060ns
    Phase Error              (PE):    0.000ns
  Clock Net Delay (Source):      0.562ns (routing 0.002ns, distribution 0.560ns)
  Clock Net Delay (Destination): 0.491ns (routing 0.001ns, distribution 0.490ns)

    Location             Delay type                Incr(ns)  Path(ns)    Netlist Resource(s)
  -------------------------------------------------------------------    -------------------
                         (clock bd_ab_i/bd_xdma/inst/pcie4_ip_i/inst/bd_ab_bd_xdma_0_pcie4_ip_gt_top_i/diablo_gt.diablo_gt_phy_wrapper/gt_wizard.gtwizard_top_i/bd_ab_bd_xdma_0_pcie4_ip_gt_i/inst/gen_gtwizard_gtye4_top.bd_ab_bd_xdma_0_pcie4_ip_gt_gtwizard_gtye4_inst/gen_gtwizard_gtye4.gen_cpll_cal_gtye4.gen_cpll_cal_inst[1].gen_inst_cpll_cal.gtwizard_ultrascale_v1_7_20_gtye4_cpll_cal_inst/gtwizard_ultrascale_v1_7_20_gtye4_cpll_cal_tx_i/bufg_gt_txoutclkmon_inst/O rise edge)
                                                      0.000     0.000 r  
    BUFG_GT_X0Y17        BUFG_GT                      0.000     0.000 r  bd_ab_i/bd_xdma/inst/pcie4_ip_i/inst/bd_ab_bd_xdma_0_pcie4_ip_gt_top_i/diablo_gt.diablo_gt_phy_wrapper/gt_wizard.gtwizard_top_i/bd_ab_bd_xdma_0_pcie4_ip_gt_i/inst/gen_gtwizard_gtye4_top.bd_ab_bd_xdma_0_pcie4_ip_gt_gtwizard_gtye4_inst/gen_gtwizard_gtye4.gen_cpll_cal_gtye4.gen_cpll_cal_inst[1].gen_inst_cpll_cal.gtwizard_ultrascale_v1_7_20_gtye4_cpll_cal_inst/gtwizard_ultrascale_v1_7_20_gtye4_cpll_cal_tx_i/bufg_gt_txoutclkmon_inst/O
    X3Y0 (CLOCK_ROOT)    net (fo=31, routed)          0.562     0.562    bd_ab_i/bd_xdma/inst/pcie4_ip_i/inst/bd_ab_bd_xdma_0_pcie4_ip_gt_top_i/diablo_gt.diablo_gt_phy_wrapper/gt_wizard.gtwizard_top_i/bd_ab_bd_xdma_0_pcie4_ip_gt_i/inst/gen_gtwizard_gtye4_top.bd_ab_bd_xdma_0_pcie4_ip_gt_gtwizard_gtye4_inst/gen_gtwizard_gtye4.gen_cpll_cal_gtye4.gen_cpll_cal_inst[1].gen_inst_cpll_cal.gtwizard_ultrascale_v1_7_20_gtye4_cpll_cal_inst/gtwizard_ultrascale_v1_7_20_gtye4_cpll_cal_tx_i/U_TXOUTCLK_FREQ_COUNTER/reset_synchronizer_testclk_rst_inst/txoutclkmon
    SLICE_X108Y50        FDPE                                         r  bd_ab_i/bd_xdma/inst/pcie4_ip_i/inst/bd_ab_bd_xdma_0_pcie4_ip_gt_top_i/diablo_gt.diablo_gt_phy_wrapper/gt_wizard.gtwizard_top_i/bd_ab_bd_xdma_0_pcie4_ip_gt_i/inst/gen_gtwizard_gtye4_top.bd_ab_bd_xdma_0_pcie4_ip_gt_gtwizard_gtye4_inst/gen_gtwizard_gtye4.gen_cpll_cal_gtye4.gen_cpll_cal_inst[1].gen_inst_cpll_cal.gtwizard_ultrascale_v1_7_20_gtye4_cpll_cal_inst/gtwizard_ultrascale_v1_7_20_gtye4_cpll_cal_tx_i/U_TXOUTCLK_FREQ_COUNTER/reset_synchronizer_testclk_rst_inst/rst_in_out_reg/C
  -------------------------------------------------------------------    -------------------
    SLICE_X108Y50        FDPE (Prop_EFF_SLICEL_C_Q)
                                                      0.079     0.641 f  bd_ab_i/bd_xdma/inst/pcie4_ip_i/inst/bd_ab_bd_xdma_0_pcie4_ip_gt_top_i/diablo_gt.diablo_gt_phy_wrapper/gt_wizard.gtwizard_top_i/bd_ab_bd_xdma_0_pcie4_ip_gt_i/inst/gen_gtwizard_gtye4_top.bd_ab_bd_xdma_0_pcie4_ip_gt_gtwizard_gtye4_inst/gen_gtwizard_gtye4.gen_cpll_cal_gtye4.gen_cpll_cal_inst[1].gen_inst_cpll_cal.gtwizard_ultrascale_v1_7_20_gtye4_cpll_cal_inst/gtwizard_ultrascale_v1_7_20_gtye4_cpll_cal_tx_i/U_TXOUTCLK_FREQ_COUNTER/reset_synchronizer_testclk_rst_inst/rst_in_out_reg/Q
                         net (fo=18, routed)          0.374     1.015    bd_ab_i/bd_xdma/inst/pcie4_ip_i/inst/bd_ab_bd_xdma_0_pcie4_ip_gt_top_i/diablo_gt.diablo_gt_phy_wrapper/gt_wizard.gtwizard_top_i/bd_ab_bd_xdma_0_pcie4_ip_gt_i/inst/gen_gtwizard_gtye4_top.bd_ab_bd_xdma_0_pcie4_ip_gt_gtwizard_gtye4_inst/gen_gtwizard_gtye4.gen_cpll_cal_gtye4.gen_cpll_cal_inst[1].gen_inst_cpll_cal.gtwizard_ultrascale_v1_7_20_gtye4_cpll_cal_inst/gtwizard_ultrascale_v1_7_20_gtye4_cpll_cal_tx_i/U_TXOUTCLK_FREQ_COUNTER/rst_in_out
    SLICE_X109Y52        FDCE                                         f  bd_ab_i/bd_xdma/inst/pcie4_ip_i/inst/bd_ab_bd_xdma_0_pcie4_ip_gt_top_i/diablo_gt.diablo_gt_phy_wrapper/gt_wizard.gtwizard_top_i/bd_ab_bd_xdma_0_pcie4_ip_gt_i/inst/gen_gtwizard_gtye4_top.bd_ab_bd_xdma_0_pcie4_ip_gt_gtwizard_gtye4_inst/gen_gtwizard_gtye4.gen_cpll_cal_gtye4.gen_cpll_cal_inst[1].gen_inst_cpll_cal.gtwizard_ultrascale_v1_7_20_gtye4_cpll_cal_inst/gtwizard_ultrascale_v1_7_20_gtye4_cpll_cal_tx_i/U_TXOUTCLK_FREQ_COUNTER/testclk_cnt_reg[10]/CLR
  -------------------------------------------------------------------    -------------------

                         (clock bd_ab_i/bd_xdma/inst/pcie4_ip_i/inst/bd_ab_bd_xdma_0_pcie4_ip_gt_top_i/diablo_gt.diablo_gt_phy_wrapper/gt_wizard.gtwizard_top_i/bd_ab_bd_xdma_0_pcie4_ip_gt_i/inst/gen_gtwizard_gtye4_top.bd_ab_bd_xdma_0_pcie4_ip_gt_gtwizard_gtye4_inst/gen_gtwizard_gtye4.gen_cpll_cal_gtye4.gen_cpll_cal_inst[1].gen_inst_cpll_cal.gtwizard_ultrascale_v1_7_20_gtye4_cpll_cal_inst/gtwizard_ultrascale_v1_7_20_gtye4_cpll_cal_tx_i/bufg_gt_txoutclkmon_inst/O rise edge)
                                                      8.000     8.000 r  
    BUFG_GT_X0Y17        BUFG_GT                      0.000     8.000 r  bd_ab_i/bd_xdma/inst/pcie4_ip_i/inst/bd_ab_bd_xdma_0_pcie4_ip_gt_top_i/diablo_gt.diablo_gt_phy_wrapper/gt_wizard.gtwizard_top_i/bd_ab_bd_xdma_0_pcie4_ip_gt_i/inst/gen_gtwizard_gtye4_top.bd_ab_bd_xdma_0_pcie4_ip_gt_gtwizard_gtye4_inst/gen_gtwizard_gtye4.gen_cpll_cal_gtye4.gen_cpll_cal_inst[1].gen_inst_cpll_cal.gtwizard_ultrascale_v1_7_20_gtye4_cpll_cal_inst/gtwizard_ultrascale_v1_7_20_gtye4_cpll_cal_tx_i/bufg_gt_txoutclkmon_inst/O
    X3Y0 (CLOCK_ROOT)    net (fo=31, routed)          0.491     8.491    bd_ab_i/bd_xdma/inst/pcie4_ip_i/inst/bd_ab_bd_xdma_0_pcie4_ip_gt_top_i/diablo_gt.diablo_gt_phy_wrapper/gt_wizard.gtwizard_top_i/bd_ab_bd_xdma_0_pcie4_ip_gt_i/inst/gen_gtwizard_gtye4_top.bd_ab_bd_xdma_0_pcie4_ip_gt_gtwizard_gtye4_inst/gen_gtwizard_gtye4.gen_cpll_cal_gtye4.gen_cpll_cal_inst[1].gen_inst_cpll_cal.gtwizard_ultrascale_v1_7_20_gtye4_cpll_cal_inst/gtwizard_ultrascale_v1_7_20_gtye4_cpll_cal_tx_i/U_TXOUTCLK_FREQ_COUNTER/txoutclkmon
    SLICE_X109Y52        FDCE                                         r  bd_ab_i/bd_xdma/inst/pcie4_ip_i/inst/bd_ab_bd_xdma_0_pcie4_ip_gt_top_i/diablo_gt.diablo_gt_phy_wrapper/gt_wizard.gtwizard_top_i/bd_ab_bd_xdma_0_pcie4_ip_gt_i/inst/gen_gtwizard_gtye4_top.bd_ab_bd_xdma_0_pcie4_ip_gt_gtwizard_gtye4_inst/gen_gtwizard_gtye4.gen_cpll_cal_gtye4.gen_cpll_cal_inst[1].gen_inst_cpll_cal.gtwizard_ultrascale_v1_7_20_gtye4_cpll_cal_inst/gtwizard_ultrascale_v1_7_20_gtye4_cpll_cal_tx_i/U_TXOUTCLK_FREQ_COUNTER/testclk_cnt_reg[10]/C
                         clock pessimism              0.003     8.493    
                         clock uncertainty           -0.046     8.447    
    SLICE_X109Y52        FDCE (Recov_CFF_SLICEM_C_CLR)
                                                     -0.066     8.381    bd_ab_i/bd_xdma/inst/pcie4_ip_i/inst/bd_ab_bd_xdma_0_pcie4_ip_gt_top_i/diablo_gt.diablo_gt_phy_wrapper/gt_wizard.gtwizard_top_i/bd_ab_bd_xdma_0_pcie4_ip_gt_i/inst/gen_gtwizard_gtye4_top.bd_ab_bd_xdma_0_pcie4_ip_gt_gtwizard_gtye4_inst/gen_gtwizard_gtye4.gen_cpll_cal_gtye4.gen_cpll_cal_inst[1].gen_inst_cpll_cal.gtwizard_ultrascale_v1_7_20_gtye4_cpll_cal_inst/gtwizard_ultrascale_v1_7_20_gtye4_cpll_cal_tx_i/U_TXOUTCLK_FREQ_COUNTER/testclk_cnt_reg[10]
  -------------------------------------------------------------------
                         required time                          8.381    
                         arrival time                          -1.015    
  -------------------------------------------------------------------
                         slack                                  7.366    





Min Delay Paths
--------------------------------------------------------------------------------------
Slack (MET) :             0.143ns  (arrival time - required time)
  Source:                 bd_ab_i/bd_xdma/inst/pcie4_ip_i/inst/bd_ab_bd_xdma_0_pcie4_ip_gt_top_i/diablo_gt.diablo_gt_phy_wrapper/gt_wizard.gtwizard_top_i/bd_ab_bd_xdma_0_pcie4_ip_gt_i/inst/gen_gtwizard_gtye4_top.bd_ab_bd_xdma_0_pcie4_ip_gt_gtwizard_gtye4_inst/gen_gtwizard_gtye4.gen_cpll_cal_gtye4.gen_cpll_cal_inst[1].gen_inst_cpll_cal.gtwizard_ultrascale_v1_7_20_gtye4_cpll_cal_inst/gtwizard_ultrascale_v1_7_20_gtye4_cpll_cal_tx_i/U_TXOUTCLK_FREQ_COUNTER/reset_synchronizer_testclk_rst_inst/rst_in_out_reg/C
                            (rising edge-triggered cell FDPE clocked by bd_ab_i/bd_xdma/inst/pcie4_ip_i/inst/bd_ab_bd_xdma_0_pcie4_ip_gt_top_i/diablo_gt.diablo_gt_phy_wrapper/gt_wizard.gtwizard_top_i/bd_ab_bd_xdma_0_pcie4_ip_gt_i/inst/gen_gtwizard_gtye4_top.bd_ab_bd_xdma_0_pcie4_ip_gt_gtwizard_gtye4_inst/gen_gtwizard_gtye4.gen_cpll_cal_gtye4.gen_cpll_cal_inst[1].gen_inst_cpll_cal.gtwizard_ultrascale_v1_7_20_gtye4_cpll_cal_inst/gtwizard_ultrascale_v1_7_20_gtye4_cpll_cal_tx_i/bufg_gt_txoutclkmon_inst/O  {rise@0.000ns fall@4.000ns period=8.000ns})
  Destination:            bd_ab_i/bd_xdma/inst/pcie4_ip_i/inst/bd_ab_bd_xdma_0_pcie4_ip_gt_top_i/diablo_gt.diablo_gt_phy_wrapper/gt_wizard.gtwizard_top_i/bd_ab_bd_xdma_0_pcie4_ip_gt_i/inst/gen_gtwizard_gtye4_top.bd_ab_bd_xdma_0_pcie4_ip_gt_gtwizard_gtye4_inst/gen_gtwizard_gtye4.gen_cpll_cal_gtye4.gen_cpll_cal_inst[1].gen_inst_cpll_cal.gtwizard_ultrascale_v1_7_20_gtye4_cpll_cal_inst/gtwizard_ultrascale_v1_7_20_gtye4_cpll_cal_tx_i/U_TXOUTCLK_FREQ_COUNTER/testclk_cnt_reg[0]/CLR
                            (removal check against rising-edge clock bd_ab_i/bd_xdma/inst/pcie4_ip_i/inst/bd_ab_bd_xdma_0_pcie4_ip_gt_top_i/diablo_gt.diablo_gt_phy_wrapper/gt_wizard.gtwizard_top_i/bd_ab_bd_xdma_0_pcie4_ip_gt_i/inst/gen_gtwizard_gtye4_top.bd_ab_bd_xdma_0_pcie4_ip_gt_gtwizard_gtye4_inst/gen_gtwizard_gtye4.gen_cpll_cal_gtye4.gen_cpll_cal_inst[1].gen_inst_cpll_cal.gtwizard_ultrascale_v1_7_20_gtye4_cpll_cal_inst/gtwizard_ultrascale_v1_7_20_gtye4_cpll_cal_tx_i/bufg_gt_txoutclkmon_inst/O  {rise@0.000ns fall@4.000ns period=8.000ns})
  Path Group:             **async_default**
  Path Type:              Removal (Min at Fast Process Corner)
  Requirement:            0.000ns  (bd_ab_i/bd_xdma/inst/pcie4_ip_i/inst/bd_ab_bd_xdma_0_pcie4_ip_gt_top_i/diablo_gt.diablo_gt_phy_wrapper/gt_wizard.gtwizard_top_i/bd_ab_bd_xdma_0_pcie4_ip_gt_i/inst/gen_gtwizard_gtye4_top.bd_ab_bd_xdma_0_pcie4_ip_gt_gtwizard_gtye4_inst/gen_gtwizard_gtye4.gen_cpll_cal_gtye4.gen_cpll_cal_inst[1].gen_inst_cpll_cal.gtwizard_ultrascale_v1_7_20_gtye4_cpll_cal_inst/gtwizard_ultrascale_v1_7_20_gtye4_cpll_cal_tx_i/bufg_gt_txoutclkmon_inst/O rise@0.000ns - bd_ab_i/bd_xdma/inst/pcie4_ip_i/inst/bd_ab_bd_xdma_0_pcie4_ip_gt_top_i/diablo_gt.diablo_gt_phy_wrapper/gt_wizard.gtwizard_top_i/bd_ab_bd_xdma_0_pcie4_ip_gt_i/inst/gen_gtwizard_gtye4_top.bd_ab_bd_xdma_0_pcie4_ip_gt_gtwizard_gtye4_inst/gen_gtwizard_gtye4.gen_cpll_cal_gtye4.gen_cpll_cal_inst[1].gen_inst_cpll_cal.gtwizard_ultrascale_v1_7_20_gtye4_cpll_cal_inst/gtwizard_ultrascale_v1_7_20_gtye4_cpll_cal_tx_i/bufg_gt_txoutclkmon_inst/O rise@0.000ns)
  Data Path Delay:        0.176ns  (logic 0.039ns (22.115%)  route 0.137ns (77.885%))
  Logic Levels:           0  
  Clock Path Skew:        0.053ns (DCD - SCD - CPR)
    Destination Clock Delay (DCD):    0.372ns
    Source Clock Delay      (SCD):    0.318ns
    Clock Pessimism Removal (CPR):    0.001ns
  Clock Net Delay (Source):      0.318ns (routing 0.001ns, distribution 0.317ns)
  Clock Net Delay (Destination): 0.372ns (routing 0.001ns, distribution 0.371ns)

    Location             Delay type                Incr(ns)  Path(ns)    Netlist Resource(s)
  -------------------------------------------------------------------    -------------------
                         (clock bd_ab_i/bd_xdma/inst/pcie4_ip_i/inst/bd_ab_bd_xdma_0_pcie4_ip_gt_top_i/diablo_gt.diablo_gt_phy_wrapper/gt_wizard.gtwizard_top_i/bd_ab_bd_xdma_0_pcie4_ip_gt_i/inst/gen_gtwizard_gtye4_top.bd_ab_bd_xdma_0_pcie4_ip_gt_gtwizard_gtye4_inst/gen_gtwizard_gtye4.gen_cpll_cal_gtye4.gen_cpll_cal_inst[1].gen_inst_cpll_cal.gtwizard_ultrascale_v1_7_20_gtye4_cpll_cal_inst/gtwizard_ultrascale_v1_7_20_gtye4_cpll_cal_tx_i/bufg_gt_txoutclkmon_inst/O rise edge)
                                                      0.000     0.000 r  
    BUFG_GT_X0Y17        BUFG_GT                      0.000     0.000 r  bd_ab_i/bd_xdma/inst/pcie4_ip_i/inst/bd_ab_bd_xdma_0_pcie4_ip_gt_top_i/diablo_gt.diablo_gt_phy_wrapper/gt_wizard.gtwizard_top_i/bd_ab_bd_xdma_0_pcie4_ip_gt_i/inst/gen_gtwizard_gtye4_top.bd_ab_bd_xdma_0_pcie4_ip_gt_gtwizard_gtye4_inst/gen_gtwizard_gtye4.gen_cpll_cal_gtye4.gen_cpll_cal_inst[1].gen_inst_cpll_cal.gtwizard_ultrascale_v1_7_20_gtye4_cpll_cal_inst/gtwizard_ultrascale_v1_7_20_gtye4_cpll_cal_tx_i/bufg_gt_txoutclkmon_inst/O
    X3Y0 (CLOCK_ROOT)    net (fo=31, routed)          0.318     0.318    bd_ab_i/bd_xdma/inst/pcie4_ip_i/inst/bd_ab_bd_xdma_0_pcie4_ip_gt_top_i/diablo_gt.diablo_gt_phy_wrapper/gt_wizard.gtwizard_top_i/bd_ab_bd_xdma_0_pcie4_ip_gt_i/inst/gen_gtwizard_gtye4_top.bd_ab_bd_xdma_0_pcie4_ip_gt_gtwizard_gtye4_inst/gen_gtwizard_gtye4.gen_cpll_cal_gtye4.gen_cpll_cal_inst[1].gen_inst_cpll_cal.gtwizard_ultrascale_v1_7_20_gtye4_cpll_cal_inst/gtwizard_ultrascale_v1_7_20_gtye4_cpll_cal_tx_i/U_TXOUTCLK_FREQ_COUNTER/reset_synchronizer_testclk_rst_inst/txoutclkmon
    SLICE_X108Y50        FDPE                                         r  bd_ab_i/bd_xdma/inst/pcie4_ip_i/inst/bd_ab_bd_xdma_0_pcie4_ip_gt_top_i/diablo_gt.diablo_gt_phy_wrapper/gt_wizard.gtwizard_top_i/bd_ab_bd_xdma_0_pcie4_ip_gt_i/inst/gen_gtwizard_gtye4_top.bd_ab_bd_xdma_0_pcie4_ip_gt_gtwizard_gtye4_inst/gen_gtwizard_gtye4.gen_cpll_cal_gtye4.gen_cpll_cal_inst[1].gen_inst_cpll_cal.gtwizard_ultrascale_v1_7_20_gtye4_cpll_cal_inst/gtwizard_ultrascale_v1_7_20_gtye4_cpll_cal_tx_i/U_TXOUTCLK_FREQ_COUNTER/reset_synchronizer_testclk_rst_inst/rst_in_out_reg/C
  -------------------------------------------------------------------    -------------------
    SLICE_X108Y50        FDPE (Prop_EFF_SLICEL_C_Q)
                                                      0.039     0.357 f  bd_ab_i/bd_xdma/inst/pcie4_ip_i/inst/bd_ab_bd_xdma_0_pcie4_ip_gt_top_i/diablo_gt.diablo_gt_phy_wrapper/gt_wizard.gtwizard_top_i/bd_ab_bd_xdma_0_pcie4_ip_gt_i/inst/gen_gtwizard_gtye4_top.bd_ab_bd_xdma_0_pcie4_ip_gt_gtwizard_gtye4_inst/gen_gtwizard_gtye4.gen_cpll_cal_gtye4.gen_cpll_cal_inst[1].gen_inst_cpll_cal.gtwizard_ultrascale_v1_7_20_gtye4_cpll_cal_inst/gtwizard_ultrascale_v1_7_20_gtye4_cpll_cal_tx_i/U_TXOUTCLK_FREQ_COUNTER/reset_synchronizer_testclk_rst_inst/rst_in_out_reg/Q
                         net (fo=18, routed)          0.137     0.494    bd_ab_i/bd_xdma/inst/pcie4_ip_i/inst/bd_ab_bd_xdma_0_pcie4_ip_gt_top_i/diablo_gt.diablo_gt_phy_wrapper/gt_wizard.gtwizard_top_i/bd_ab_bd_xdma_0_pcie4_ip_gt_i/inst/gen_gtwizard_gtye4_top.bd_ab_bd_xdma_0_pcie4_ip_gt_gtwizard_gtye4_inst/gen_gtwizard_gtye4.gen_cpll_cal_gtye4.gen_cpll_cal_inst[1].gen_inst_cpll_cal.gtwizard_ultrascale_v1_7_20_gtye4_cpll_cal_inst/gtwizard_ultrascale_v1_7_20_gtye4_cpll_cal_tx_i/U_TXOUTCLK_FREQ_COUNTER/rst_in_out
    SLICE_X109Y51        FDCE                                         f  bd_ab_i/bd_xdma/inst/pcie4_ip_i/inst/bd_ab_bd_xdma_0_pcie4_ip_gt_top_i/diablo_gt.diablo_gt_phy_wrapper/gt_wizard.gtwizard_top_i/bd_ab_bd_xdma_0_pcie4_ip_gt_i/inst/gen_gtwizard_gtye4_top.bd_ab_bd_xdma_0_pcie4_ip_gt_gtwizard_gtye4_inst/gen_gtwizard_gtye4.gen_cpll_cal_gtye4.gen_cpll_cal_inst[1].gen_inst_cpll_cal.gtwizard_ultrascale_v1_7_20_gtye4_cpll_cal_inst/gtwizard_ultrascale_v1_7_20_gtye4_cpll_cal_tx_i/U_TXOUTCLK_FREQ_COUNTER/testclk_cnt_reg[0]/CLR
  -------------------------------------------------------------------    -------------------

                         (clock bd_ab_i/bd_xdma/inst/pcie4_ip_i/inst/bd_ab_bd_xdma_0_pcie4_ip_gt_top_i/diablo_gt.diablo_gt_phy_wrapper/gt_wizard.gtwizard_top_i/bd_ab_bd_xdma_0_pcie4_ip_gt_i/inst/gen_gtwizard_gtye4_top.bd_ab_bd_xdma_0_pcie4_ip_gt_gtwizard_gtye4_inst/gen_gtwizard_gtye4.gen_cpll_cal_gtye4.gen_cpll_cal_inst[1].gen_inst_cpll_cal.gtwizard_ultrascale_v1_7_20_gtye4_cpll_cal_inst/gtwizard_ultrascale_v1_7_20_gtye4_cpll_cal_tx_i/bufg_gt_txoutclkmon_inst/O rise edge)
                                                      0.000     0.000 r  
    BUFG_GT_X0Y17        BUFG_GT                      0.000     0.000 r  bd_ab_i/bd_xdma/inst/pcie4_ip_i/inst/bd_ab_bd_xdma_0_pcie4_ip_gt_top_i/diablo_gt.diablo_gt_phy_wrapper/gt_wizard.gtwizard_top_i/bd_ab_bd_xdma_0_pcie4_ip_gt_i/inst/gen_gtwizard_gtye4_top.bd_ab_bd_xdma_0_pcie4_ip_gt_gtwizard_gtye4_inst/gen_gtwizard_gtye4.gen_cpll_cal_gtye4.gen_cpll_cal_inst[1].gen_inst_cpll_cal.gtwizard_ultrascale_v1_7_20_gtye4_cpll_cal_inst/gtwizard_ultrascale_v1_7_20_gtye4_cpll_cal_tx_i/bufg_gt_txoutclkmon_inst/O
    X3Y0 (CLOCK_ROOT)    net (fo=31, routed)          0.372     0.372    bd_ab_i/bd_xdma/inst/pcie4_ip_i/inst/bd_ab_bd_xdma_0_pcie4_ip_gt_top_i/diablo_gt.diablo_gt_phy_wrapper/gt_wizard.gtwizard_top_i/bd_ab_bd_xdma_0_pcie4_ip_gt_i/inst/gen_gtwizard_gtye4_top.bd_ab_bd_xdma_0_pcie4_ip_gt_gtwizard_gtye4_inst/gen_gtwizard_gtye4.gen_cpll_cal_gtye4.gen_cpll_cal_inst[1].gen_inst_cpll_cal.gtwizard_ultrascale_v1_7_20_gtye4_cpll_cal_inst/gtwizard_ultrascale_v1_7_20_gtye4_cpll_cal_tx_i/U_TXOUTCLK_FREQ_COUNTER/txoutclkmon
    SLICE_X109Y51        FDCE                                         r  bd_ab_i/bd_xdma/inst/pcie4_ip_i/inst/bd_ab_bd_xdma_0_pcie4_ip_gt_top_i/diablo_gt.diablo_gt_phy_wrapper/gt_wizard.gtwizard_top_i/bd_ab_bd_xdma_0_pcie4_ip_gt_i/inst/gen_gtwizard_gtye4_top.bd_ab_bd_xdma_0_pcie4_ip_gt_gtwizard_gtye4_inst/gen_gtwizard_gtye4.gen_cpll_cal_gtye4.gen_cpll_cal_inst[1].gen_inst_cpll_cal.gtwizard_ultrascale_v1_7_20_gtye4_cpll_cal_inst/gtwizard_ultrascale_v1_7_20_gtye4_cpll_cal_tx_i/U_TXOUTCLK_FREQ_COUNTER/testclk_cnt_reg[0]/C
                         clock pessimism             -0.001     0.371    
    SLICE_X109Y51        FDCE (Remov_AFF_SLICEM_C_CLR)
                                                     -0.020     0.351    bd_ab_i/bd_xdma/inst/pcie4_ip_i/inst/bd_ab_bd_xdma_0_pcie4_ip_gt_top_i/diablo_gt.diablo_gt_phy_wrapper/gt_wizard.gtwizard_top_i/bd_ab_bd_xdma_0_pcie4_ip_gt_i/inst/gen_gtwizard_gtye4_top.bd_ab_bd_xdma_0_pcie4_ip_gt_gtwizard_gtye4_inst/gen_gtwizard_gtye4.gen_cpll_cal_gtye4.gen_cpll_cal_inst[1].gen_inst_cpll_cal.gtwizard_ultrascale_v1_7_20_gtye4_cpll_cal_inst/gtwizard_ultrascale_v1_7_20_gtye4_cpll_cal_tx_i/U_TXOUTCLK_FREQ_COUNTER/testclk_cnt_reg[0]
  -------------------------------------------------------------------
                         required time                         -0.351    
                         arrival time                           0.494    
  -------------------------------------------------------------------
                         slack                                  0.143    





---------------------------------------------------------------------------------------------------
Path Group:  **async_default**
From Clock:  bd_ab_i/bd_xdma/inst/pcie4_ip_i/inst/bd_ab_bd_xdma_0_pcie4_ip_gt_top_i/diablo_gt.diablo_gt_phy_wrapper/gt_wizard.gtwizard_top_i/bd_ab_bd_xdma_0_pcie4_ip_gt_i/inst/gen_gtwizard_gtye4_top.bd_ab_bd_xdma_0_pcie4_ip_gt_gtwizard_gtye4_inst/gen_gtwizard_gtye4.gen_cpll_cal_gtye4.gen_cpll_cal_inst[2].gen_inst_cpll_cal.gtwizard_ultrascale_v1_7_20_gtye4_cpll_cal_inst/gtwizard_ultrascale_v1_7_20_gtye4_cpll_cal_tx_i/bufg_gt_txoutclkmon_inst/O
  To Clock:  bd_ab_i/bd_xdma/inst/pcie4_ip_i/inst/bd_ab_bd_xdma_0_pcie4_ip_gt_top_i/diablo_gt.diablo_gt_phy_wrapper/gt_wizard.gtwizard_top_i/bd_ab_bd_xdma_0_pcie4_ip_gt_i/inst/gen_gtwizard_gtye4_top.bd_ab_bd_xdma_0_pcie4_ip_gt_gtwizard_gtye4_inst/gen_gtwizard_gtye4.gen_cpll_cal_gtye4.gen_cpll_cal_inst[2].gen_inst_cpll_cal.gtwizard_ultrascale_v1_7_20_gtye4_cpll_cal_inst/gtwizard_ultrascale_v1_7_20_gtye4_cpll_cal_tx_i/bufg_gt_txoutclkmon_inst/O

Setup :            0  Failing Endpoints,  Worst Slack        7.382ns,  Total Violation        0.000ns
Hold  :            0  Failing Endpoints,  Worst Slack        0.148ns,  Total Violation        0.000ns
---------------------------------------------------------------------------------------------------


Max Delay Paths
--------------------------------------------------------------------------------------
Slack (MET) :             7.382ns  (required time - arrival time)
  Source:                 bd_ab_i/bd_xdma/inst/pcie4_ip_i/inst/bd_ab_bd_xdma_0_pcie4_ip_gt_top_i/diablo_gt.diablo_gt_phy_wrapper/gt_wizard.gtwizard_top_i/bd_ab_bd_xdma_0_pcie4_ip_gt_i/inst/gen_gtwizard_gtye4_top.bd_ab_bd_xdma_0_pcie4_ip_gt_gtwizard_gtye4_inst/gen_gtwizard_gtye4.gen_cpll_cal_gtye4.gen_cpll_cal_inst[2].gen_inst_cpll_cal.gtwizard_ultrascale_v1_7_20_gtye4_cpll_cal_inst/gtwizard_ultrascale_v1_7_20_gtye4_cpll_cal_tx_i/U_TXOUTCLK_FREQ_COUNTER/reset_synchronizer_testclk_rst_inst/rst_in_out_reg/C
                            (rising edge-triggered cell FDPE clocked by bd_ab_i/bd_xdma/inst/pcie4_ip_i/inst/bd_ab_bd_xdma_0_pcie4_ip_gt_top_i/diablo_gt.diablo_gt_phy_wrapper/gt_wizard.gtwizard_top_i/bd_ab_bd_xdma_0_pcie4_ip_gt_i/inst/gen_gtwizard_gtye4_top.bd_ab_bd_xdma_0_pcie4_ip_gt_gtwizard_gtye4_inst/gen_gtwizard_gtye4.gen_cpll_cal_gtye4.gen_cpll_cal_inst[2].gen_inst_cpll_cal.gtwizard_ultrascale_v1_7_20_gtye4_cpll_cal_inst/gtwizard_ultrascale_v1_7_20_gtye4_cpll_cal_tx_i/bufg_gt_txoutclkmon_inst/O  {rise@0.000ns fall@4.000ns period=8.000ns})
  Destination:            bd_ab_i/bd_xdma/inst/pcie4_ip_i/inst/bd_ab_bd_xdma_0_pcie4_ip_gt_top_i/diablo_gt.diablo_gt_phy_wrapper/gt_wizard.gtwizard_top_i/bd_ab_bd_xdma_0_pcie4_ip_gt_i/inst/gen_gtwizard_gtye4_top.bd_ab_bd_xdma_0_pcie4_ip_gt_gtwizard_gtye4_inst/gen_gtwizard_gtye4.gen_cpll_cal_gtye4.gen_cpll_cal_inst[2].gen_inst_cpll_cal.gtwizard_ultrascale_v1_7_20_gtye4_cpll_cal_inst/gtwizard_ultrascale_v1_7_20_gtye4_cpll_cal_tx_i/U_TXOUTCLK_FREQ_COUNTER/testclk_cnt_reg[10]/CLR
                            (recovery check against rising-edge clock bd_ab_i/bd_xdma/inst/pcie4_ip_i/inst/bd_ab_bd_xdma_0_pcie4_ip_gt_top_i/diablo_gt.diablo_gt_phy_wrapper/gt_wizard.gtwizard_top_i/bd_ab_bd_xdma_0_pcie4_ip_gt_i/inst/gen_gtwizard_gtye4_top.bd_ab_bd_xdma_0_pcie4_ip_gt_gtwizard_gtye4_inst/gen_gtwizard_gtye4.gen_cpll_cal_gtye4.gen_cpll_cal_inst[2].gen_inst_cpll_cal.gtwizard_ultrascale_v1_7_20_gtye4_cpll_cal_inst/gtwizard_ultrascale_v1_7_20_gtye4_cpll_cal_tx_i/bufg_gt_txoutclkmon_inst/O  {rise@0.000ns fall@4.000ns period=8.000ns})
  Path Group:             **async_default**
  Path Type:              Recovery (Max at Slow Process Corner)
  Requirement:            8.000ns  (bd_ab_i/bd_xdma/inst/pcie4_ip_i/inst/bd_ab_bd_xdma_0_pcie4_ip_gt_top_i/diablo_gt.diablo_gt_phy_wrapper/gt_wizard.gtwizard_top_i/bd_ab_bd_xdma_0_pcie4_ip_gt_i/inst/gen_gtwizard_gtye4_top.bd_ab_bd_xdma_0_pcie4_ip_gt_gtwizard_gtye4_inst/gen_gtwizard_gtye4.gen_cpll_cal_gtye4.gen_cpll_cal_inst[2].gen_inst_cpll_cal.gtwizard_ultrascale_v1_7_20_gtye4_cpll_cal_inst/gtwizard_ultrascale_v1_7_20_gtye4_cpll_cal_tx_i/bufg_gt_txoutclkmon_inst/O rise@8.000ns - bd_ab_i/bd_xdma/inst/pcie4_ip_i/inst/bd_ab_bd_xdma_0_pcie4_ip_gt_top_i/diablo_gt.diablo_gt_phy_wrapper/gt_wizard.gtwizard_top_i/bd_ab_bd_xdma_0_pcie4_ip_gt_i/inst/gen_gtwizard_gtye4_top.bd_ab_bd_xdma_0_pcie4_ip_gt_gtwizard_gtye4_inst/gen_gtwizard_gtye4.gen_cpll_cal_gtye4.gen_cpll_cal_inst[2].gen_inst_cpll_cal.gtwizard_ultrascale_v1_7_20_gtye4_cpll_cal_inst/gtwizard_ultrascale_v1_7_20_gtye4_cpll_cal_tx_i/bufg_gt_txoutclkmon_inst/O rise@0.000ns)
  Data Path Delay:        0.467ns  (logic 0.079ns (16.920%)  route 0.388ns (83.080%))
  Logic Levels:           0  
  Clock Path Skew:        -0.039ns (DCD - SCD + CPR)
    Destination Clock Delay (DCD):    0.880ns = ( 8.880 - 8.000 ) 
    Source Clock Delay      (SCD):    1.021ns
    Clock Pessimism Removal (CPR):    0.103ns
  Clock Uncertainty:      0.046ns  ((TSJ^2 + DJ^2)^1/2) / 2 + PE
    Total System Jitter     (TSJ):    0.071ns
    Discrete Jitter          (DJ):    0.060ns
    Phase Error              (PE):    0.000ns
  Clock Net Delay (Source):      1.021ns (routing 0.191ns, distribution 0.830ns)
  Clock Net Delay (Destination): 0.880ns (routing 0.172ns, distribution 0.708ns)

    Location             Delay type                Incr(ns)  Path(ns)    Netlist Resource(s)
  -------------------------------------------------------------------    -------------------
                         (clock bd_ab_i/bd_xdma/inst/pcie4_ip_i/inst/bd_ab_bd_xdma_0_pcie4_ip_gt_top_i/diablo_gt.diablo_gt_phy_wrapper/gt_wizard.gtwizard_top_i/bd_ab_bd_xdma_0_pcie4_ip_gt_i/inst/gen_gtwizard_gtye4_top.bd_ab_bd_xdma_0_pcie4_ip_gt_gtwizard_gtye4_inst/gen_gtwizard_gtye4.gen_cpll_cal_gtye4.gen_cpll_cal_inst[2].gen_inst_cpll_cal.gtwizard_ultrascale_v1_7_20_gtye4_cpll_cal_inst/gtwizard_ultrascale_v1_7_20_gtye4_cpll_cal_tx_i/bufg_gt_txoutclkmon_inst/O rise edge)
                                                      0.000     0.000 r  
    BUFG_GT_X0Y23        BUFG_GT                      0.000     0.000 r  bd_ab_i/bd_xdma/inst/pcie4_ip_i/inst/bd_ab_bd_xdma_0_pcie4_ip_gt_top_i/diablo_gt.diablo_gt_phy_wrapper/gt_wizard.gtwizard_top_i/bd_ab_bd_xdma_0_pcie4_ip_gt_i/inst/gen_gtwizard_gtye4_top.bd_ab_bd_xdma_0_pcie4_ip_gt_gtwizard_gtye4_inst/gen_gtwizard_gtye4.gen_cpll_cal_gtye4.gen_cpll_cal_inst[2].gen_inst_cpll_cal.gtwizard_ultrascale_v1_7_20_gtye4_cpll_cal_inst/gtwizard_ultrascale_v1_7_20_gtye4_cpll_cal_tx_i/bufg_gt_txoutclkmon_inst/O
    X3Y0 (CLOCK_ROOT)    net (fo=31, routed)          1.021     1.021    bd_ab_i/bd_xdma/inst/pcie4_ip_i/inst/bd_ab_bd_xdma_0_pcie4_ip_gt_top_i/diablo_gt.diablo_gt_phy_wrapper/gt_wizard.gtwizard_top_i/bd_ab_bd_xdma_0_pcie4_ip_gt_i/inst/gen_gtwizard_gtye4_top.bd_ab_bd_xdma_0_pcie4_ip_gt_gtwizard_gtye4_inst/gen_gtwizard_gtye4.gen_cpll_cal_gtye4.gen_cpll_cal_inst[2].gen_inst_cpll_cal.gtwizard_ultrascale_v1_7_20_gtye4_cpll_cal_inst/gtwizard_ultrascale_v1_7_20_gtye4_cpll_cal_tx_i/U_TXOUTCLK_FREQ_COUNTER/reset_synchronizer_testclk_rst_inst/txoutclkmon
    SLICE_X108Y58        FDPE                                         r  bd_ab_i/bd_xdma/inst/pcie4_ip_i/inst/bd_ab_bd_xdma_0_pcie4_ip_gt_top_i/diablo_gt.diablo_gt_phy_wrapper/gt_wizard.gtwizard_top_i/bd_ab_bd_xdma_0_pcie4_ip_gt_i/inst/gen_gtwizard_gtye4_top.bd_ab_bd_xdma_0_pcie4_ip_gt_gtwizard_gtye4_inst/gen_gtwizard_gtye4.gen_cpll_cal_gtye4.gen_cpll_cal_inst[2].gen_inst_cpll_cal.gtwizard_ultrascale_v1_7_20_gtye4_cpll_cal_inst/gtwizard_ultrascale_v1_7_20_gtye4_cpll_cal_tx_i/U_TXOUTCLK_FREQ_COUNTER/reset_synchronizer_testclk_rst_inst/rst_in_out_reg/C
  -------------------------------------------------------------------    -------------------
    SLICE_X108Y58        FDPE (Prop_EFF_SLICEL_C_Q)
                                                      0.079     1.100 f  bd_ab_i/bd_xdma/inst/pcie4_ip_i/inst/bd_ab_bd_xdma_0_pcie4_ip_gt_top_i/diablo_gt.diablo_gt_phy_wrapper/gt_wizard.gtwizard_top_i/bd_ab_bd_xdma_0_pcie4_ip_gt_i/inst/gen_gtwizard_gtye4_top.bd_ab_bd_xdma_0_pcie4_ip_gt_gtwizard_gtye4_inst/gen_gtwizard_gtye4.gen_cpll_cal_gtye4.gen_cpll_cal_inst[2].gen_inst_cpll_cal.gtwizard_ultrascale_v1_7_20_gtye4_cpll_cal_inst/gtwizard_ultrascale_v1_7_20_gtye4_cpll_cal_tx_i/U_TXOUTCLK_FREQ_COUNTER/reset_synchronizer_testclk_rst_inst/rst_in_out_reg/Q
                         net (fo=18, routed)          0.388     1.488    bd_ab_i/bd_xdma/inst/pcie4_ip_i/inst/bd_ab_bd_xdma_0_pcie4_ip_gt_top_i/diablo_gt.diablo_gt_phy_wrapper/gt_wizard.gtwizard_top_i/bd_ab_bd_xdma_0_pcie4_ip_gt_i/inst/gen_gtwizard_gtye4_top.bd_ab_bd_xdma_0_pcie4_ip_gt_gtwizard_gtye4_inst/gen_gtwizard_gtye4.gen_cpll_cal_gtye4.gen_cpll_cal_inst[2].gen_inst_cpll_cal.gtwizard_ultrascale_v1_7_20_gtye4_cpll_cal_inst/gtwizard_ultrascale_v1_7_20_gtye4_cpll_cal_tx_i/U_TXOUTCLK_FREQ_COUNTER/rst_in_out
    SLICE_X108Y56        FDCE                                         f  bd_ab_i/bd_xdma/inst/pcie4_ip_i/inst/bd_ab_bd_xdma_0_pcie4_ip_gt_top_i/diablo_gt.diablo_gt_phy_wrapper/gt_wizard.gtwizard_top_i/bd_ab_bd_xdma_0_pcie4_ip_gt_i/inst/gen_gtwizard_gtye4_top.bd_ab_bd_xdma_0_pcie4_ip_gt_gtwizard_gtye4_inst/gen_gtwizard_gtye4.gen_cpll_cal_gtye4.gen_cpll_cal_inst[2].gen_inst_cpll_cal.gtwizard_ultrascale_v1_7_20_gtye4_cpll_cal_inst/gtwizard_ultrascale_v1_7_20_gtye4_cpll_cal_tx_i/U_TXOUTCLK_FREQ_COUNTER/testclk_cnt_reg[10]/CLR
  -------------------------------------------------------------------    -------------------

                         (clock bd_ab_i/bd_xdma/inst/pcie4_ip_i/inst/bd_ab_bd_xdma_0_pcie4_ip_gt_top_i/diablo_gt.diablo_gt_phy_wrapper/gt_wizard.gtwizard_top_i/bd_ab_bd_xdma_0_pcie4_ip_gt_i/inst/gen_gtwizard_gtye4_top.bd_ab_bd_xdma_0_pcie4_ip_gt_gtwizard_gtye4_inst/gen_gtwizard_gtye4.gen_cpll_cal_gtye4.gen_cpll_cal_inst[2].gen_inst_cpll_cal.gtwizard_ultrascale_v1_7_20_gtye4_cpll_cal_inst/gtwizard_ultrascale_v1_7_20_gtye4_cpll_cal_tx_i/bufg_gt_txoutclkmon_inst/O rise edge)
                                                      8.000     8.000 r  
    BUFG_GT_X0Y23        BUFG_GT                      0.000     8.000 r  bd_ab_i/bd_xdma/inst/pcie4_ip_i/inst/bd_ab_bd_xdma_0_pcie4_ip_gt_top_i/diablo_gt.diablo_gt_phy_wrapper/gt_wizard.gtwizard_top_i/bd_ab_bd_xdma_0_pcie4_ip_gt_i/inst/gen_gtwizard_gtye4_top.bd_ab_bd_xdma_0_pcie4_ip_gt_gtwizard_gtye4_inst/gen_gtwizard_gtye4.gen_cpll_cal_gtye4.gen_cpll_cal_inst[2].gen_inst_cpll_cal.gtwizard_ultrascale_v1_7_20_gtye4_cpll_cal_inst/gtwizard_ultrascale_v1_7_20_gtye4_cpll_cal_tx_i/bufg_gt_txoutclkmon_inst/O
    X3Y0 (CLOCK_ROOT)    net (fo=31, routed)          0.880     8.880    bd_ab_i/bd_xdma/inst/pcie4_ip_i/inst/bd_ab_bd_xdma_0_pcie4_ip_gt_top_i/diablo_gt.diablo_gt_phy_wrapper/gt_wizard.gtwizard_top_i/bd_ab_bd_xdma_0_pcie4_ip_gt_i/inst/gen_gtwizard_gtye4_top.bd_ab_bd_xdma_0_pcie4_ip_gt_gtwizard_gtye4_inst/gen_gtwizard_gtye4.gen_cpll_cal_gtye4.gen_cpll_cal_inst[2].gen_inst_cpll_cal.gtwizard_ultrascale_v1_7_20_gtye4_cpll_cal_inst/gtwizard_ultrascale_v1_7_20_gtye4_cpll_cal_tx_i/U_TXOUTCLK_FREQ_COUNTER/txoutclkmon
    SLICE_X108Y56        FDCE                                         r  bd_ab_i/bd_xdma/inst/pcie4_ip_i/inst/bd_ab_bd_xdma_0_pcie4_ip_gt_top_i/diablo_gt.diablo_gt_phy_wrapper/gt_wizard.gtwizard_top_i/bd_ab_bd_xdma_0_pcie4_ip_gt_i/inst/gen_gtwizard_gtye4_top.bd_ab_bd_xdma_0_pcie4_ip_gt_gtwizard_gtye4_inst/gen_gtwizard_gtye4.gen_cpll_cal_gtye4.gen_cpll_cal_inst[2].gen_inst_cpll_cal.gtwizard_ultrascale_v1_7_20_gtye4_cpll_cal_inst/gtwizard_ultrascale_v1_7_20_gtye4_cpll_cal_tx_i/U_TXOUTCLK_FREQ_COUNTER/testclk_cnt_reg[10]/C
                         clock pessimism              0.103     8.982    
                         clock uncertainty           -0.046     8.936    
    SLICE_X108Y56        FDCE (Recov_CFF_SLICEL_C_CLR)
                                                     -0.066     8.870    bd_ab_i/bd_xdma/inst/pcie4_ip_i/inst/bd_ab_bd_xdma_0_pcie4_ip_gt_top_i/diablo_gt.diablo_gt_phy_wrapper/gt_wizard.gtwizard_top_i/bd_ab_bd_xdma_0_pcie4_ip_gt_i/inst/gen_gtwizard_gtye4_top.bd_ab_bd_xdma_0_pcie4_ip_gt_gtwizard_gtye4_inst/gen_gtwizard_gtye4.gen_cpll_cal_gtye4.gen_cpll_cal_inst[2].gen_inst_cpll_cal.gtwizard_ultrascale_v1_7_20_gtye4_cpll_cal_inst/gtwizard_ultrascale_v1_7_20_gtye4_cpll_cal_tx_i/U_TXOUTCLK_FREQ_COUNTER/testclk_cnt_reg[10]
  -------------------------------------------------------------------
                         required time                          8.870    
                         arrival time                          -1.488    
  -------------------------------------------------------------------
                         slack                                  7.382    





Min Delay Paths
--------------------------------------------------------------------------------------
Slack (MET) :             0.148ns  (arrival time - required time)
  Source:                 bd_ab_i/bd_xdma/inst/pcie4_ip_i/inst/bd_ab_bd_xdma_0_pcie4_ip_gt_top_i/diablo_gt.diablo_gt_phy_wrapper/gt_wizard.gtwizard_top_i/bd_ab_bd_xdma_0_pcie4_ip_gt_i/inst/gen_gtwizard_gtye4_top.bd_ab_bd_xdma_0_pcie4_ip_gt_gtwizard_gtye4_inst/gen_gtwizard_gtye4.gen_cpll_cal_gtye4.gen_cpll_cal_inst[2].gen_inst_cpll_cal.gtwizard_ultrascale_v1_7_20_gtye4_cpll_cal_inst/gtwizard_ultrascale_v1_7_20_gtye4_cpll_cal_tx_i/U_TXOUTCLK_FREQ_COUNTER/reset_synchronizer_testclk_rst_inst/rst_in_out_reg/C
                            (rising edge-triggered cell FDPE clocked by bd_ab_i/bd_xdma/inst/pcie4_ip_i/inst/bd_ab_bd_xdma_0_pcie4_ip_gt_top_i/diablo_gt.diablo_gt_phy_wrapper/gt_wizard.gtwizard_top_i/bd_ab_bd_xdma_0_pcie4_ip_gt_i/inst/gen_gtwizard_gtye4_top.bd_ab_bd_xdma_0_pcie4_ip_gt_gtwizard_gtye4_inst/gen_gtwizard_gtye4.gen_cpll_cal_gtye4.gen_cpll_cal_inst[2].gen_inst_cpll_cal.gtwizard_ultrascale_v1_7_20_gtye4_cpll_cal_inst/gtwizard_ultrascale_v1_7_20_gtye4_cpll_cal_tx_i/bufg_gt_txoutclkmon_inst/O  {rise@0.000ns fall@4.000ns period=8.000ns})
  Destination:            bd_ab_i/bd_xdma/inst/pcie4_ip_i/inst/bd_ab_bd_xdma_0_pcie4_ip_gt_top_i/diablo_gt.diablo_gt_phy_wrapper/gt_wizard.gtwizard_top_i/bd_ab_bd_xdma_0_pcie4_ip_gt_i/inst/gen_gtwizard_gtye4_top.bd_ab_bd_xdma_0_pcie4_ip_gt_gtwizard_gtye4_inst/gen_gtwizard_gtye4.gen_cpll_cal_gtye4.gen_cpll_cal_inst[2].gen_inst_cpll_cal.gtwizard_ultrascale_v1_7_20_gtye4_cpll_cal_inst/gtwizard_ultrascale_v1_7_20_gtye4_cpll_cal_tx_i/U_TXOUTCLK_FREQ_COUNTER/testclk_cnt_reg[16]/CLR
                            (removal check against rising-edge clock bd_ab_i/bd_xdma/inst/pcie4_ip_i/inst/bd_ab_bd_xdma_0_pcie4_ip_gt_top_i/diablo_gt.diablo_gt_phy_wrapper/gt_wizard.gtwizard_top_i/bd_ab_bd_xdma_0_pcie4_ip_gt_i/inst/gen_gtwizard_gtye4_top.bd_ab_bd_xdma_0_pcie4_ip_gt_gtwizard_gtye4_inst/gen_gtwizard_gtye4.gen_cpll_cal_gtye4.gen_cpll_cal_inst[2].gen_inst_cpll_cal.gtwizard_ultrascale_v1_7_20_gtye4_cpll_cal_inst/gtwizard_ultrascale_v1_7_20_gtye4_cpll_cal_tx_i/bufg_gt_txoutclkmon_inst/O  {rise@0.000ns fall@4.000ns period=8.000ns})
  Path Group:             **async_default**
  Path Type:              Removal (Min at Fast Process Corner)
  Requirement:            0.000ns  (bd_ab_i/bd_xdma/inst/pcie4_ip_i/inst/bd_ab_bd_xdma_0_pcie4_ip_gt_top_i/diablo_gt.diablo_gt_phy_wrapper/gt_wizard.gtwizard_top_i/bd_ab_bd_xdma_0_pcie4_ip_gt_i/inst/gen_gtwizard_gtye4_top.bd_ab_bd_xdma_0_pcie4_ip_gt_gtwizard_gtye4_inst/gen_gtwizard_gtye4.gen_cpll_cal_gtye4.gen_cpll_cal_inst[2].gen_inst_cpll_cal.gtwizard_ultrascale_v1_7_20_gtye4_cpll_cal_inst/gtwizard_ultrascale_v1_7_20_gtye4_cpll_cal_tx_i/bufg_gt_txoutclkmon_inst/O rise@0.000ns - bd_ab_i/bd_xdma/inst/pcie4_ip_i/inst/bd_ab_bd_xdma_0_pcie4_ip_gt_top_i/diablo_gt.diablo_gt_phy_wrapper/gt_wizard.gtwizard_top_i/bd_ab_bd_xdma_0_pcie4_ip_gt_i/inst/gen_gtwizard_gtye4_top.bd_ab_bd_xdma_0_pcie4_ip_gt_gtwizard_gtye4_inst/gen_gtwizard_gtye4.gen_cpll_cal_gtye4.gen_cpll_cal_inst[2].gen_inst_cpll_cal.gtwizard_ultrascale_v1_7_20_gtye4_cpll_cal_inst/gtwizard_ultrascale_v1_7_20_gtye4_cpll_cal_tx_i/bufg_gt_txoutclkmon_inst/O rise@0.000ns)
  Data Path Delay:        0.139ns  (logic 0.039ns (28.130%)  route 0.100ns (71.870%))
  Logic Levels:           0  
  Clock Path Skew:        0.011ns (DCD - SCD - CPR)
    Destination Clock Delay (DCD):    0.641ns
    Source Clock Delay      (SCD):    0.568ns
    Clock Pessimism Removal (CPR):    0.063ns
  Clock Net Delay (Source):      0.568ns (routing 0.108ns, distribution 0.460ns)
  Clock Net Delay (Destination): 0.641ns (routing 0.120ns, distribution 0.521ns)

    Location             Delay type                Incr(ns)  Path(ns)    Netlist Resource(s)
  -------------------------------------------------------------------    -------------------
                         (clock bd_ab_i/bd_xdma/inst/pcie4_ip_i/inst/bd_ab_bd_xdma_0_pcie4_ip_gt_top_i/diablo_gt.diablo_gt_phy_wrapper/gt_wizard.gtwizard_top_i/bd_ab_bd_xdma_0_pcie4_ip_gt_i/inst/gen_gtwizard_gtye4_top.bd_ab_bd_xdma_0_pcie4_ip_gt_gtwizard_gtye4_inst/gen_gtwizard_gtye4.gen_cpll_cal_gtye4.gen_cpll_cal_inst[2].gen_inst_cpll_cal.gtwizard_ultrascale_v1_7_20_gtye4_cpll_cal_inst/gtwizard_ultrascale_v1_7_20_gtye4_cpll_cal_tx_i/bufg_gt_txoutclkmon_inst/O rise edge)
                                                      0.000     0.000 r  
    BUFG_GT_X0Y23        BUFG_GT                      0.000     0.000 r  bd_ab_i/bd_xdma/inst/pcie4_ip_i/inst/bd_ab_bd_xdma_0_pcie4_ip_gt_top_i/diablo_gt.diablo_gt_phy_wrapper/gt_wizard.gtwizard_top_i/bd_ab_bd_xdma_0_pcie4_ip_gt_i/inst/gen_gtwizard_gtye4_top.bd_ab_bd_xdma_0_pcie4_ip_gt_gtwizard_gtye4_inst/gen_gtwizard_gtye4.gen_cpll_cal_gtye4.gen_cpll_cal_inst[2].gen_inst_cpll_cal.gtwizard_ultrascale_v1_7_20_gtye4_cpll_cal_inst/gtwizard_ultrascale_v1_7_20_gtye4_cpll_cal_tx_i/bufg_gt_txoutclkmon_inst/O
    X3Y0 (CLOCK_ROOT)    net (fo=31, routed)          0.568     0.568    bd_ab_i/bd_xdma/inst/pcie4_ip_i/inst/bd_ab_bd_xdma_0_pcie4_ip_gt_top_i/diablo_gt.diablo_gt_phy_wrapper/gt_wizard.gtwizard_top_i/bd_ab_bd_xdma_0_pcie4_ip_gt_i/inst/gen_gtwizard_gtye4_top.bd_ab_bd_xdma_0_pcie4_ip_gt_gtwizard_gtye4_inst/gen_gtwizard_gtye4.gen_cpll_cal_gtye4.gen_cpll_cal_inst[2].gen_inst_cpll_cal.gtwizard_ultrascale_v1_7_20_gtye4_cpll_cal_inst/gtwizard_ultrascale_v1_7_20_gtye4_cpll_cal_tx_i/U_TXOUTCLK_FREQ_COUNTER/reset_synchronizer_testclk_rst_inst/txoutclkmon
    SLICE_X108Y58        FDPE                                         r  bd_ab_i/bd_xdma/inst/pcie4_ip_i/inst/bd_ab_bd_xdma_0_pcie4_ip_gt_top_i/diablo_gt.diablo_gt_phy_wrapper/gt_wizard.gtwizard_top_i/bd_ab_bd_xdma_0_pcie4_ip_gt_i/inst/gen_gtwizard_gtye4_top.bd_ab_bd_xdma_0_pcie4_ip_gt_gtwizard_gtye4_inst/gen_gtwizard_gtye4.gen_cpll_cal_gtye4.gen_cpll_cal_inst[2].gen_inst_cpll_cal.gtwizard_ultrascale_v1_7_20_gtye4_cpll_cal_inst/gtwizard_ultrascale_v1_7_20_gtye4_cpll_cal_tx_i/U_TXOUTCLK_FREQ_COUNTER/reset_synchronizer_testclk_rst_inst/rst_in_out_reg/C
  -------------------------------------------------------------------    -------------------
    SLICE_X108Y58        FDPE (Prop_EFF_SLICEL_C_Q)
                                                      0.039     0.607 f  bd_ab_i/bd_xdma/inst/pcie4_ip_i/inst/bd_ab_bd_xdma_0_pcie4_ip_gt_top_i/diablo_gt.diablo_gt_phy_wrapper/gt_wizard.gtwizard_top_i/bd_ab_bd_xdma_0_pcie4_ip_gt_i/inst/gen_gtwizard_gtye4_top.bd_ab_bd_xdma_0_pcie4_ip_gt_gtwizard_gtye4_inst/gen_gtwizard_gtye4.gen_cpll_cal_gtye4.gen_cpll_cal_inst[2].gen_inst_cpll_cal.gtwizard_ultrascale_v1_7_20_gtye4_cpll_cal_inst/gtwizard_ultrascale_v1_7_20_gtye4_cpll_cal_tx_i/U_TXOUTCLK_FREQ_COUNTER/reset_synchronizer_testclk_rst_inst/rst_in_out_reg/Q
                         net (fo=18, routed)          0.100     0.706    bd_ab_i/bd_xdma/inst/pcie4_ip_i/inst/bd_ab_bd_xdma_0_pcie4_ip_gt_top_i/diablo_gt.diablo_gt_phy_wrapper/gt_wizard.gtwizard_top_i/bd_ab_bd_xdma_0_pcie4_ip_gt_i/inst/gen_gtwizard_gtye4_top.bd_ab_bd_xdma_0_pcie4_ip_gt_gtwizard_gtye4_inst/gen_gtwizard_gtye4.gen_cpll_cal_gtye4.gen_cpll_cal_inst[2].gen_inst_cpll_cal.gtwizard_ultrascale_v1_7_20_gtye4_cpll_cal_inst/gtwizard_ultrascale_v1_7_20_gtye4_cpll_cal_tx_i/U_TXOUTCLK_FREQ_COUNTER/rst_in_out
    SLICE_X108Y57        FDCE                                         f  bd_ab_i/bd_xdma/inst/pcie4_ip_i/inst/bd_ab_bd_xdma_0_pcie4_ip_gt_top_i/diablo_gt.diablo_gt_phy_wrapper/gt_wizard.gtwizard_top_i/bd_ab_bd_xdma_0_pcie4_ip_gt_i/inst/gen_gtwizard_gtye4_top.bd_ab_bd_xdma_0_pcie4_ip_gt_gtwizard_gtye4_inst/gen_gtwizard_gtye4.gen_cpll_cal_gtye4.gen_cpll_cal_inst[2].gen_inst_cpll_cal.gtwizard_ultrascale_v1_7_20_gtye4_cpll_cal_inst/gtwizard_ultrascale_v1_7_20_gtye4_cpll_cal_tx_i/U_TXOUTCLK_FREQ_COUNTER/testclk_cnt_reg[16]/CLR
  -------------------------------------------------------------------    -------------------

                         (clock bd_ab_i/bd_xdma/inst/pcie4_ip_i/inst/bd_ab_bd_xdma_0_pcie4_ip_gt_top_i/diablo_gt.diablo_gt_phy_wrapper/gt_wizard.gtwizard_top_i/bd_ab_bd_xdma_0_pcie4_ip_gt_i/inst/gen_gtwizard_gtye4_top.bd_ab_bd_xdma_0_pcie4_ip_gt_gtwizard_gtye4_inst/gen_gtwizard_gtye4.gen_cpll_cal_gtye4.gen_cpll_cal_inst[2].gen_inst_cpll_cal.gtwizard_ultrascale_v1_7_20_gtye4_cpll_cal_inst/gtwizard_ultrascale_v1_7_20_gtye4_cpll_cal_tx_i/bufg_gt_txoutclkmon_inst/O rise edge)
                                                      0.000     0.000 r  
    BUFG_GT_X0Y23        BUFG_GT                      0.000     0.000 r  bd_ab_i/bd_xdma/inst/pcie4_ip_i/inst/bd_ab_bd_xdma_0_pcie4_ip_gt_top_i/diablo_gt.diablo_gt_phy_wrapper/gt_wizard.gtwizard_top_i/bd_ab_bd_xdma_0_pcie4_ip_gt_i/inst/gen_gtwizard_gtye4_top.bd_ab_bd_xdma_0_pcie4_ip_gt_gtwizard_gtye4_inst/gen_gtwizard_gtye4.gen_cpll_cal_gtye4.gen_cpll_cal_inst[2].gen_inst_cpll_cal.gtwizard_ultrascale_v1_7_20_gtye4_cpll_cal_inst/gtwizard_ultrascale_v1_7_20_gtye4_cpll_cal_tx_i/bufg_gt_txoutclkmon_inst/O
    X3Y0 (CLOCK_ROOT)    net (fo=31, routed)          0.641     0.641    bd_ab_i/bd_xdma/inst/pcie4_ip_i/inst/bd_ab_bd_xdma_0_pcie4_ip_gt_top_i/diablo_gt.diablo_gt_phy_wrapper/gt_wizard.gtwizard_top_i/bd_ab_bd_xdma_0_pcie4_ip_gt_i/inst/gen_gtwizard_gtye4_top.bd_ab_bd_xdma_0_pcie4_ip_gt_gtwizard_gtye4_inst/gen_gtwizard_gtye4.gen_cpll_cal_gtye4.gen_cpll_cal_inst[2].gen_inst_cpll_cal.gtwizard_ultrascale_v1_7_20_gtye4_cpll_cal_inst/gtwizard_ultrascale_v1_7_20_gtye4_cpll_cal_tx_i/U_TXOUTCLK_FREQ_COUNTER/txoutclkmon
    SLICE_X108Y57        FDCE                                         r  bd_ab_i/bd_xdma/inst/pcie4_ip_i/inst/bd_ab_bd_xdma_0_pcie4_ip_gt_top_i/diablo_gt.diablo_gt_phy_wrapper/gt_wizard.gtwizard_top_i/bd_ab_bd_xdma_0_pcie4_ip_gt_i/inst/gen_gtwizard_gtye4_top.bd_ab_bd_xdma_0_pcie4_ip_gt_gtwizard_gtye4_inst/gen_gtwizard_gtye4.gen_cpll_cal_gtye4.gen_cpll_cal_inst[2].gen_inst_cpll_cal.gtwizard_ultrascale_v1_7_20_gtye4_cpll_cal_inst/gtwizard_ultrascale_v1_7_20_gtye4_cpll_cal_tx_i/U_TXOUTCLK_FREQ_COUNTER/testclk_cnt_reg[16]/C
                         clock pessimism             -0.063     0.578    
    SLICE_X108Y57        FDCE (Remov_AFF_SLICEL_C_CLR)
                                                     -0.020     0.558    bd_ab_i/bd_xdma/inst/pcie4_ip_i/inst/bd_ab_bd_xdma_0_pcie4_ip_gt_top_i/diablo_gt.diablo_gt_phy_wrapper/gt_wizard.gtwizard_top_i/bd_ab_bd_xdma_0_pcie4_ip_gt_i/inst/gen_gtwizard_gtye4_top.bd_ab_bd_xdma_0_pcie4_ip_gt_gtwizard_gtye4_inst/gen_gtwizard_gtye4.gen_cpll_cal_gtye4.gen_cpll_cal_inst[2].gen_inst_cpll_cal.gtwizard_ultrascale_v1_7_20_gtye4_cpll_cal_inst/gtwizard_ultrascale_v1_7_20_gtye4_cpll_cal_tx_i/U_TXOUTCLK_FREQ_COUNTER/testclk_cnt_reg[16]
  -------------------------------------------------------------------
                         required time                         -0.558    
                         arrival time                           0.706    
  -------------------------------------------------------------------
                         slack                                  0.148    





---------------------------------------------------------------------------------------------------
Path Group:  **async_default**
From Clock:  bd_ab_i/bd_xdma/inst/pcie4_ip_i/inst/bd_ab_bd_xdma_0_pcie4_ip_gt_top_i/diablo_gt.diablo_gt_phy_wrapper/gt_wizard.gtwizard_top_i/bd_ab_bd_xdma_0_pcie4_ip_gt_i/inst/gen_gtwizard_gtye4_top.bd_ab_bd_xdma_0_pcie4_ip_gt_gtwizard_gtye4_inst/gen_gtwizard_gtye4.gen_cpll_cal_gtye4.gen_cpll_cal_inst[3].gen_inst_cpll_cal.gtwizard_ultrascale_v1_7_20_gtye4_cpll_cal_inst/gtwizard_ultrascale_v1_7_20_gtye4_cpll_cal_tx_i/bufg_gt_txoutclkmon_inst/O
  To Clock:  bd_ab_i/bd_xdma/inst/pcie4_ip_i/inst/bd_ab_bd_xdma_0_pcie4_ip_gt_top_i/diablo_gt.diablo_gt_phy_wrapper/gt_wizard.gtwizard_top_i/bd_ab_bd_xdma_0_pcie4_ip_gt_i/inst/gen_gtwizard_gtye4_top.bd_ab_bd_xdma_0_pcie4_ip_gt_gtwizard_gtye4_inst/gen_gtwizard_gtye4.gen_cpll_cal_gtye4.gen_cpll_cal_inst[3].gen_inst_cpll_cal.gtwizard_ultrascale_v1_7_20_gtye4_cpll_cal_inst/gtwizard_ultrascale_v1_7_20_gtye4_cpll_cal_tx_i/bufg_gt_txoutclkmon_inst/O

Setup :            0  Failing Endpoints,  Worst Slack        7.073ns,  Total Violation        0.000ns
Hold  :            0  Failing Endpoints,  Worst Slack        0.136ns,  Total Violation        0.000ns
---------------------------------------------------------------------------------------------------


Max Delay Paths
--------------------------------------------------------------------------------------
Slack (MET) :             7.073ns  (required time - arrival time)
  Source:                 bd_ab_i/bd_xdma/inst/pcie4_ip_i/inst/bd_ab_bd_xdma_0_pcie4_ip_gt_top_i/diablo_gt.diablo_gt_phy_wrapper/gt_wizard.gtwizard_top_i/bd_ab_bd_xdma_0_pcie4_ip_gt_i/inst/gen_gtwizard_gtye4_top.bd_ab_bd_xdma_0_pcie4_ip_gt_gtwizard_gtye4_inst/gen_gtwizard_gtye4.gen_cpll_cal_gtye4.gen_cpll_cal_inst[3].gen_inst_cpll_cal.gtwizard_ultrascale_v1_7_20_gtye4_cpll_cal_inst/gtwizard_ultrascale_v1_7_20_gtye4_cpll_cal_tx_i/U_TXOUTCLK_FREQ_COUNTER/reset_synchronizer_testclk_rst_inst/rst_in_out_reg/C
                            (rising edge-triggered cell FDPE clocked by bd_ab_i/bd_xdma/inst/pcie4_ip_i/inst/bd_ab_bd_xdma_0_pcie4_ip_gt_top_i/diablo_gt.diablo_gt_phy_wrapper/gt_wizard.gtwizard_top_i/bd_ab_bd_xdma_0_pcie4_ip_gt_i/inst/gen_gtwizard_gtye4_top.bd_ab_bd_xdma_0_pcie4_ip_gt_gtwizard_gtye4_inst/gen_gtwizard_gtye4.gen_cpll_cal_gtye4.gen_cpll_cal_inst[3].gen_inst_cpll_cal.gtwizard_ultrascale_v1_7_20_gtye4_cpll_cal_inst/gtwizard_ultrascale_v1_7_20_gtye4_cpll_cal_tx_i/bufg_gt_txoutclkmon_inst/O  {rise@0.000ns fall@4.000ns period=8.000ns})
  Destination:            bd_ab_i/bd_xdma/inst/pcie4_ip_i/inst/bd_ab_bd_xdma_0_pcie4_ip_gt_top_i/diablo_gt.diablo_gt_phy_wrapper/gt_wizard.gtwizard_top_i/bd_ab_bd_xdma_0_pcie4_ip_gt_i/inst/gen_gtwizard_gtye4_top.bd_ab_bd_xdma_0_pcie4_ip_gt_gtwizard_gtye4_inst/gen_gtwizard_gtye4.gen_cpll_cal_gtye4.gen_cpll_cal_inst[3].gen_inst_cpll_cal.gtwizard_ultrascale_v1_7_20_gtye4_cpll_cal_inst/gtwizard_ultrascale_v1_7_20_gtye4_cpll_cal_tx_i/U_TXOUTCLK_FREQ_COUNTER/testclk_cnt_reg[10]/CLR
                            (recovery check against rising-edge clock bd_ab_i/bd_xdma/inst/pcie4_ip_i/inst/bd_ab_bd_xdma_0_pcie4_ip_gt_top_i/diablo_gt.diablo_gt_phy_wrapper/gt_wizard.gtwizard_top_i/bd_ab_bd_xdma_0_pcie4_ip_gt_i/inst/gen_gtwizard_gtye4_top.bd_ab_bd_xdma_0_pcie4_ip_gt_gtwizard_gtye4_inst/gen_gtwizard_gtye4.gen_cpll_cal_gtye4.gen_cpll_cal_inst[3].gen_inst_cpll_cal.gtwizard_ultrascale_v1_7_20_gtye4_cpll_cal_inst/gtwizard_ultrascale_v1_7_20_gtye4_cpll_cal_tx_i/bufg_gt_txoutclkmon_inst/O  {rise@0.000ns fall@4.000ns period=8.000ns})
  Path Group:             **async_default**
  Path Type:              Recovery (Max at Slow Process Corner)
  Requirement:            8.000ns  (bd_ab_i/bd_xdma/inst/pcie4_ip_i/inst/bd_ab_bd_xdma_0_pcie4_ip_gt_top_i/diablo_gt.diablo_gt_phy_wrapper/gt_wizard.gtwizard_top_i/bd_ab_bd_xdma_0_pcie4_ip_gt_i/inst/gen_gtwizard_gtye4_top.bd_ab_bd_xdma_0_pcie4_ip_gt_gtwizard_gtye4_inst/gen_gtwizard_gtye4.gen_cpll_cal_gtye4.gen_cpll_cal_inst[3].gen_inst_cpll_cal.gtwizard_ultrascale_v1_7_20_gtye4_cpll_cal_inst/gtwizard_ultrascale_v1_7_20_gtye4_cpll_cal_tx_i/bufg_gt_txoutclkmon_inst/O rise@8.000ns - bd_ab_i/bd_xdma/inst/pcie4_ip_i/inst/bd_ab_bd_xdma_0_pcie4_ip_gt_top_i/diablo_gt.diablo_gt_phy_wrapper/gt_wizard.gtwizard_top_i/bd_ab_bd_xdma_0_pcie4_ip_gt_i/inst/gen_gtwizard_gtye4_top.bd_ab_bd_xdma_0_pcie4_ip_gt_gtwizard_gtye4_inst/gen_gtwizard_gtye4.gen_cpll_cal_gtye4.gen_cpll_cal_inst[3].gen_inst_cpll_cal.gtwizard_ultrascale_v1_7_20_gtye4_cpll_cal_inst/gtwizard_ultrascale_v1_7_20_gtye4_cpll_cal_tx_i/bufg_gt_txoutclkmon_inst/O rise@0.000ns)
  Data Path Delay:        0.729ns  (logic 0.076ns (10.422%)  route 0.653ns (89.578%))
  Logic Levels:           0  
  Clock Path Skew:        -0.086ns (DCD - SCD + CPR)
    Destination Clock Delay (DCD):    1.252ns = ( 9.252 - 8.000 ) 
    Source Clock Delay      (SCD):    1.433ns
    Clock Pessimism Removal (CPR):    0.096ns
  Clock Uncertainty:      0.046ns  ((TSJ^2 + DJ^2)^1/2) / 2 + PE
    Total System Jitter     (TSJ):    0.071ns
    Discrete Jitter          (DJ):    0.060ns
    Phase Error              (PE):    0.000ns
  Clock Net Delay (Source):      1.433ns (routing 0.561ns, distribution 0.872ns)
  Clock Net Delay (Destination): 1.252ns (routing 0.500ns, distribution 0.752ns)

    Location             Delay type                Incr(ns)  Path(ns)    Netlist Resource(s)
  -------------------------------------------------------------------    -------------------
                         (clock bd_ab_i/bd_xdma/inst/pcie4_ip_i/inst/bd_ab_bd_xdma_0_pcie4_ip_gt_top_i/diablo_gt.diablo_gt_phy_wrapper/gt_wizard.gtwizard_top_i/bd_ab_bd_xdma_0_pcie4_ip_gt_i/inst/gen_gtwizard_gtye4_top.bd_ab_bd_xdma_0_pcie4_ip_gt_gtwizard_gtye4_inst/gen_gtwizard_gtye4.gen_cpll_cal_gtye4.gen_cpll_cal_inst[3].gen_inst_cpll_cal.gtwizard_ultrascale_v1_7_20_gtye4_cpll_cal_inst/gtwizard_ultrascale_v1_7_20_gtye4_cpll_cal_tx_i/bufg_gt_txoutclkmon_inst/O rise edge)
                                                      0.000     0.000 r  
    BUFG_GT_X0Y4         BUFG_GT                      0.000     0.000 r  bd_ab_i/bd_xdma/inst/pcie4_ip_i/inst/bd_ab_bd_xdma_0_pcie4_ip_gt_top_i/diablo_gt.diablo_gt_phy_wrapper/gt_wizard.gtwizard_top_i/bd_ab_bd_xdma_0_pcie4_ip_gt_i/inst/gen_gtwizard_gtye4_top.bd_ab_bd_xdma_0_pcie4_ip_gt_gtwizard_gtye4_inst/gen_gtwizard_gtye4.gen_cpll_cal_gtye4.gen_cpll_cal_inst[3].gen_inst_cpll_cal.gtwizard_ultrascale_v1_7_20_gtye4_cpll_cal_inst/gtwizard_ultrascale_v1_7_20_gtye4_cpll_cal_tx_i/bufg_gt_txoutclkmon_inst/O
    X3Y1 (CLOCK_ROOT)    net (fo=31, routed)          1.433     1.433    bd_ab_i/bd_xdma/inst/pcie4_ip_i/inst/bd_ab_bd_xdma_0_pcie4_ip_gt_top_i/diablo_gt.diablo_gt_phy_wrapper/gt_wizard.gtwizard_top_i/bd_ab_bd_xdma_0_pcie4_ip_gt_i/inst/gen_gtwizard_gtye4_top.bd_ab_bd_xdma_0_pcie4_ip_gt_gtwizard_gtye4_inst/gen_gtwizard_gtye4.gen_cpll_cal_gtye4.gen_cpll_cal_inst[3].gen_inst_cpll_cal.gtwizard_ultrascale_v1_7_20_gtye4_cpll_cal_inst/gtwizard_ultrascale_v1_7_20_gtye4_cpll_cal_tx_i/U_TXOUTCLK_FREQ_COUNTER/reset_synchronizer_testclk_rst_inst/txoutclkmon
    SLICE_X106Y77        FDPE                                         r  bd_ab_i/bd_xdma/inst/pcie4_ip_i/inst/bd_ab_bd_xdma_0_pcie4_ip_gt_top_i/diablo_gt.diablo_gt_phy_wrapper/gt_wizard.gtwizard_top_i/bd_ab_bd_xdma_0_pcie4_ip_gt_i/inst/gen_gtwizard_gtye4_top.bd_ab_bd_xdma_0_pcie4_ip_gt_gtwizard_gtye4_inst/gen_gtwizard_gtye4.gen_cpll_cal_gtye4.gen_cpll_cal_inst[3].gen_inst_cpll_cal.gtwizard_ultrascale_v1_7_20_gtye4_cpll_cal_inst/gtwizard_ultrascale_v1_7_20_gtye4_cpll_cal_tx_i/U_TXOUTCLK_FREQ_COUNTER/reset_synchronizer_testclk_rst_inst/rst_in_out_reg/C
  -------------------------------------------------------------------    -------------------
    SLICE_X106Y77        FDPE (Prop_EFF_SLICEM_C_Q)
                                                      0.076     1.509 f  bd_ab_i/bd_xdma/inst/pcie4_ip_i/inst/bd_ab_bd_xdma_0_pcie4_ip_gt_top_i/diablo_gt.diablo_gt_phy_wrapper/gt_wizard.gtwizard_top_i/bd_ab_bd_xdma_0_pcie4_ip_gt_i/inst/gen_gtwizard_gtye4_top.bd_ab_bd_xdma_0_pcie4_ip_gt_gtwizard_gtye4_inst/gen_gtwizard_gtye4.gen_cpll_cal_gtye4.gen_cpll_cal_inst[3].gen_inst_cpll_cal.gtwizard_ultrascale_v1_7_20_gtye4_cpll_cal_inst/gtwizard_ultrascale_v1_7_20_gtye4_cpll_cal_tx_i/U_TXOUTCLK_FREQ_COUNTER/reset_synchronizer_testclk_rst_inst/rst_in_out_reg/Q
                         net (fo=18, routed)          0.653     2.163    bd_ab_i/bd_xdma/inst/pcie4_ip_i/inst/bd_ab_bd_xdma_0_pcie4_ip_gt_top_i/diablo_gt.diablo_gt_phy_wrapper/gt_wizard.gtwizard_top_i/bd_ab_bd_xdma_0_pcie4_ip_gt_i/inst/gen_gtwizard_gtye4_top.bd_ab_bd_xdma_0_pcie4_ip_gt_gtwizard_gtye4_inst/gen_gtwizard_gtye4.gen_cpll_cal_gtye4.gen_cpll_cal_inst[3].gen_inst_cpll_cal.gtwizard_ultrascale_v1_7_20_gtye4_cpll_cal_inst/gtwizard_ultrascale_v1_7_20_gtye4_cpll_cal_tx_i/U_TXOUTCLK_FREQ_COUNTER/rst_in_out
    SLICE_X107Y76        FDCE                                         f  bd_ab_i/bd_xdma/inst/pcie4_ip_i/inst/bd_ab_bd_xdma_0_pcie4_ip_gt_top_i/diablo_gt.diablo_gt_phy_wrapper/gt_wizard.gtwizard_top_i/bd_ab_bd_xdma_0_pcie4_ip_gt_i/inst/gen_gtwizard_gtye4_top.bd_ab_bd_xdma_0_pcie4_ip_gt_gtwizard_gtye4_inst/gen_gtwizard_gtye4.gen_cpll_cal_gtye4.gen_cpll_cal_inst[3].gen_inst_cpll_cal.gtwizard_ultrascale_v1_7_20_gtye4_cpll_cal_inst/gtwizard_ultrascale_v1_7_20_gtye4_cpll_cal_tx_i/U_TXOUTCLK_FREQ_COUNTER/testclk_cnt_reg[10]/CLR
  -------------------------------------------------------------------    -------------------

                         (clock bd_ab_i/bd_xdma/inst/pcie4_ip_i/inst/bd_ab_bd_xdma_0_pcie4_ip_gt_top_i/diablo_gt.diablo_gt_phy_wrapper/gt_wizard.gtwizard_top_i/bd_ab_bd_xdma_0_pcie4_ip_gt_i/inst/gen_gtwizard_gtye4_top.bd_ab_bd_xdma_0_pcie4_ip_gt_gtwizard_gtye4_inst/gen_gtwizard_gtye4.gen_cpll_cal_gtye4.gen_cpll_cal_inst[3].gen_inst_cpll_cal.gtwizard_ultrascale_v1_7_20_gtye4_cpll_cal_inst/gtwizard_ultrascale_v1_7_20_gtye4_cpll_cal_tx_i/bufg_gt_txoutclkmon_inst/O rise edge)
                                                      8.000     8.000 r  
    BUFG_GT_X0Y4         BUFG_GT                      0.000     8.000 r  bd_ab_i/bd_xdma/inst/pcie4_ip_i/inst/bd_ab_bd_xdma_0_pcie4_ip_gt_top_i/diablo_gt.diablo_gt_phy_wrapper/gt_wizard.gtwizard_top_i/bd_ab_bd_xdma_0_pcie4_ip_gt_i/inst/gen_gtwizard_gtye4_top.bd_ab_bd_xdma_0_pcie4_ip_gt_gtwizard_gtye4_inst/gen_gtwizard_gtye4.gen_cpll_cal_gtye4.gen_cpll_cal_inst[3].gen_inst_cpll_cal.gtwizard_ultrascale_v1_7_20_gtye4_cpll_cal_inst/gtwizard_ultrascale_v1_7_20_gtye4_cpll_cal_tx_i/bufg_gt_txoutclkmon_inst/O
    X3Y1 (CLOCK_ROOT)    net (fo=31, routed)          1.252     9.252    bd_ab_i/bd_xdma/inst/pcie4_ip_i/inst/bd_ab_bd_xdma_0_pcie4_ip_gt_top_i/diablo_gt.diablo_gt_phy_wrapper/gt_wizard.gtwizard_top_i/bd_ab_bd_xdma_0_pcie4_ip_gt_i/inst/gen_gtwizard_gtye4_top.bd_ab_bd_xdma_0_pcie4_ip_gt_gtwizard_gtye4_inst/gen_gtwizard_gtye4.gen_cpll_cal_gtye4.gen_cpll_cal_inst[3].gen_inst_cpll_cal.gtwizard_ultrascale_v1_7_20_gtye4_cpll_cal_inst/gtwizard_ultrascale_v1_7_20_gtye4_cpll_cal_tx_i/U_TXOUTCLK_FREQ_COUNTER/txoutclkmon
    SLICE_X107Y76        FDCE                                         r  bd_ab_i/bd_xdma/inst/pcie4_ip_i/inst/bd_ab_bd_xdma_0_pcie4_ip_gt_top_i/diablo_gt.diablo_gt_phy_wrapper/gt_wizard.gtwizard_top_i/bd_ab_bd_xdma_0_pcie4_ip_gt_i/inst/gen_gtwizard_gtye4_top.bd_ab_bd_xdma_0_pcie4_ip_gt_gtwizard_gtye4_inst/gen_gtwizard_gtye4.gen_cpll_cal_gtye4.gen_cpll_cal_inst[3].gen_inst_cpll_cal.gtwizard_ultrascale_v1_7_20_gtye4_cpll_cal_inst/gtwizard_ultrascale_v1_7_20_gtye4_cpll_cal_tx_i/U_TXOUTCLK_FREQ_COUNTER/testclk_cnt_reg[10]/C
                         clock pessimism              0.096     9.348    
                         clock uncertainty           -0.046     9.301    
    SLICE_X107Y76        FDCE (Recov_CFF_SLICEM_C_CLR)
                                                     -0.066     9.235    bd_ab_i/bd_xdma/inst/pcie4_ip_i/inst/bd_ab_bd_xdma_0_pcie4_ip_gt_top_i/diablo_gt.diablo_gt_phy_wrapper/gt_wizard.gtwizard_top_i/bd_ab_bd_xdma_0_pcie4_ip_gt_i/inst/gen_gtwizard_gtye4_top.bd_ab_bd_xdma_0_pcie4_ip_gt_gtwizard_gtye4_inst/gen_gtwizard_gtye4.gen_cpll_cal_gtye4.gen_cpll_cal_inst[3].gen_inst_cpll_cal.gtwizard_ultrascale_v1_7_20_gtye4_cpll_cal_inst/gtwizard_ultrascale_v1_7_20_gtye4_cpll_cal_tx_i/U_TXOUTCLK_FREQ_COUNTER/testclk_cnt_reg[10]
  -------------------------------------------------------------------
                         required time                          9.235    
                         arrival time                          -2.163    
  -------------------------------------------------------------------
                         slack                                  7.073    





Min Delay Paths
--------------------------------------------------------------------------------------
Slack (MET) :             0.136ns  (arrival time - required time)
  Source:                 bd_ab_i/bd_xdma/inst/pcie4_ip_i/inst/bd_ab_bd_xdma_0_pcie4_ip_gt_top_i/diablo_gt.diablo_gt_phy_wrapper/gt_wizard.gtwizard_top_i/bd_ab_bd_xdma_0_pcie4_ip_gt_i/inst/gen_gtwizard_gtye4_top.bd_ab_bd_xdma_0_pcie4_ip_gt_gtwizard_gtye4_inst/gen_gtwizard_gtye4.gen_cpll_cal_gtye4.gen_cpll_cal_inst[3].gen_inst_cpll_cal.gtwizard_ultrascale_v1_7_20_gtye4_cpll_cal_inst/gtwizard_ultrascale_v1_7_20_gtye4_cpll_cal_tx_i/U_TXOUTCLK_FREQ_COUNTER/reset_synchronizer_testclk_rst_inst/rst_in_out_reg/C
                            (rising edge-triggered cell FDPE clocked by bd_ab_i/bd_xdma/inst/pcie4_ip_i/inst/bd_ab_bd_xdma_0_pcie4_ip_gt_top_i/diablo_gt.diablo_gt_phy_wrapper/gt_wizard.gtwizard_top_i/bd_ab_bd_xdma_0_pcie4_ip_gt_i/inst/gen_gtwizard_gtye4_top.bd_ab_bd_xdma_0_pcie4_ip_gt_gtwizard_gtye4_inst/gen_gtwizard_gtye4.gen_cpll_cal_gtye4.gen_cpll_cal_inst[3].gen_inst_cpll_cal.gtwizard_ultrascale_v1_7_20_gtye4_cpll_cal_inst/gtwizard_ultrascale_v1_7_20_gtye4_cpll_cal_tx_i/bufg_gt_txoutclkmon_inst/O  {rise@0.000ns fall@4.000ns period=8.000ns})
  Destination:            bd_ab_i/bd_xdma/inst/pcie4_ip_i/inst/bd_ab_bd_xdma_0_pcie4_ip_gt_top_i/diablo_gt.diablo_gt_phy_wrapper/gt_wizard.gtwizard_top_i/bd_ab_bd_xdma_0_pcie4_ip_gt_i/inst/gen_gtwizard_gtye4_top.bd_ab_bd_xdma_0_pcie4_ip_gt_gtwizard_gtye4_inst/gen_gtwizard_gtye4.gen_cpll_cal_gtye4.gen_cpll_cal_inst[3].gen_inst_cpll_cal.gtwizard_ultrascale_v1_7_20_gtye4_cpll_cal_inst/gtwizard_ultrascale_v1_7_20_gtye4_cpll_cal_tx_i/U_TXOUTCLK_FREQ_COUNTER/testclk_cnt_reg[16]/CLR
                            (removal check against rising-edge clock bd_ab_i/bd_xdma/inst/pcie4_ip_i/inst/bd_ab_bd_xdma_0_pcie4_ip_gt_top_i/diablo_gt.diablo_gt_phy_wrapper/gt_wizard.gtwizard_top_i/bd_ab_bd_xdma_0_pcie4_ip_gt_i/inst/gen_gtwizard_gtye4_top.bd_ab_bd_xdma_0_pcie4_ip_gt_gtwizard_gtye4_inst/gen_gtwizard_gtye4.gen_cpll_cal_gtye4.gen_cpll_cal_inst[3].gen_inst_cpll_cal.gtwizard_ultrascale_v1_7_20_gtye4_cpll_cal_inst/gtwizard_ultrascale_v1_7_20_gtye4_cpll_cal_tx_i/bufg_gt_txoutclkmon_inst/O  {rise@0.000ns fall@4.000ns period=8.000ns})
  Path Group:             **async_default**
  Path Type:              Removal (Min at Fast Process Corner)
  Requirement:            0.000ns  (bd_ab_i/bd_xdma/inst/pcie4_ip_i/inst/bd_ab_bd_xdma_0_pcie4_ip_gt_top_i/diablo_gt.diablo_gt_phy_wrapper/gt_wizard.gtwizard_top_i/bd_ab_bd_xdma_0_pcie4_ip_gt_i/inst/gen_gtwizard_gtye4_top.bd_ab_bd_xdma_0_pcie4_ip_gt_gtwizard_gtye4_inst/gen_gtwizard_gtye4.gen_cpll_cal_gtye4.gen_cpll_cal_inst[3].gen_inst_cpll_cal.gtwizard_ultrascale_v1_7_20_gtye4_cpll_cal_inst/gtwizard_ultrascale_v1_7_20_gtye4_cpll_cal_tx_i/bufg_gt_txoutclkmon_inst/O rise@0.000ns - bd_ab_i/bd_xdma/inst/pcie4_ip_i/inst/bd_ab_bd_xdma_0_pcie4_ip_gt_top_i/diablo_gt.diablo_gt_phy_wrapper/gt_wizard.gtwizard_top_i/bd_ab_bd_xdma_0_pcie4_ip_gt_i/inst/gen_gtwizard_gtye4_top.bd_ab_bd_xdma_0_pcie4_ip_gt_gtwizard_gtye4_inst/gen_gtwizard_gtye4.gen_cpll_cal_gtye4.gen_cpll_cal_inst[3].gen_inst_cpll_cal.gtwizard_ultrascale_v1_7_20_gtye4_cpll_cal_inst/gtwizard_ultrascale_v1_7_20_gtye4_cpll_cal_tx_i/bufg_gt_txoutclkmon_inst/O rise@0.000ns)
  Data Path Delay:        0.165ns  (logic 0.038ns (22.986%)  route 0.127ns (77.014%))
  Logic Levels:           0  
  Clock Path Skew:        0.050ns (DCD - SCD - CPR)
    Destination Clock Delay (DCD):    0.909ns
    Source Clock Delay      (SCD):    0.795ns
    Clock Pessimism Removal (CPR):    0.065ns
  Clock Net Delay (Source):      0.795ns (routing 0.313ns, distribution 0.482ns)
  Clock Net Delay (Destination): 0.909ns (routing 0.356ns, distribution 0.553ns)

    Location             Delay type                Incr(ns)  Path(ns)    Netlist Resource(s)
  -------------------------------------------------------------------    -------------------
                         (clock bd_ab_i/bd_xdma/inst/pcie4_ip_i/inst/bd_ab_bd_xdma_0_pcie4_ip_gt_top_i/diablo_gt.diablo_gt_phy_wrapper/gt_wizard.gtwizard_top_i/bd_ab_bd_xdma_0_pcie4_ip_gt_i/inst/gen_gtwizard_gtye4_top.bd_ab_bd_xdma_0_pcie4_ip_gt_gtwizard_gtye4_inst/gen_gtwizard_gtye4.gen_cpll_cal_gtye4.gen_cpll_cal_inst[3].gen_inst_cpll_cal.gtwizard_ultrascale_v1_7_20_gtye4_cpll_cal_inst/gtwizard_ultrascale_v1_7_20_gtye4_cpll_cal_tx_i/bufg_gt_txoutclkmon_inst/O rise edge)
                                                      0.000     0.000 r  
    BUFG_GT_X0Y4         BUFG_GT                      0.000     0.000 r  bd_ab_i/bd_xdma/inst/pcie4_ip_i/inst/bd_ab_bd_xdma_0_pcie4_ip_gt_top_i/diablo_gt.diablo_gt_phy_wrapper/gt_wizard.gtwizard_top_i/bd_ab_bd_xdma_0_pcie4_ip_gt_i/inst/gen_gtwizard_gtye4_top.bd_ab_bd_xdma_0_pcie4_ip_gt_gtwizard_gtye4_inst/gen_gtwizard_gtye4.gen_cpll_cal_gtye4.gen_cpll_cal_inst[3].gen_inst_cpll_cal.gtwizard_ultrascale_v1_7_20_gtye4_cpll_cal_inst/gtwizard_ultrascale_v1_7_20_gtye4_cpll_cal_tx_i/bufg_gt_txoutclkmon_inst/O
    X3Y1 (CLOCK_ROOT)    net (fo=31, routed)          0.795     0.795    bd_ab_i/bd_xdma/inst/pcie4_ip_i/inst/bd_ab_bd_xdma_0_pcie4_ip_gt_top_i/diablo_gt.diablo_gt_phy_wrapper/gt_wizard.gtwizard_top_i/bd_ab_bd_xdma_0_pcie4_ip_gt_i/inst/gen_gtwizard_gtye4_top.bd_ab_bd_xdma_0_pcie4_ip_gt_gtwizard_gtye4_inst/gen_gtwizard_gtye4.gen_cpll_cal_gtye4.gen_cpll_cal_inst[3].gen_inst_cpll_cal.gtwizard_ultrascale_v1_7_20_gtye4_cpll_cal_inst/gtwizard_ultrascale_v1_7_20_gtye4_cpll_cal_tx_i/U_TXOUTCLK_FREQ_COUNTER/reset_synchronizer_testclk_rst_inst/txoutclkmon
    SLICE_X106Y77        FDPE                                         r  bd_ab_i/bd_xdma/inst/pcie4_ip_i/inst/bd_ab_bd_xdma_0_pcie4_ip_gt_top_i/diablo_gt.diablo_gt_phy_wrapper/gt_wizard.gtwizard_top_i/bd_ab_bd_xdma_0_pcie4_ip_gt_i/inst/gen_gtwizard_gtye4_top.bd_ab_bd_xdma_0_pcie4_ip_gt_gtwizard_gtye4_inst/gen_gtwizard_gtye4.gen_cpll_cal_gtye4.gen_cpll_cal_inst[3].gen_inst_cpll_cal.gtwizard_ultrascale_v1_7_20_gtye4_cpll_cal_inst/gtwizard_ultrascale_v1_7_20_gtye4_cpll_cal_tx_i/U_TXOUTCLK_FREQ_COUNTER/reset_synchronizer_testclk_rst_inst/rst_in_out_reg/C
  -------------------------------------------------------------------    -------------------
    SLICE_X106Y77        FDPE (Prop_EFF_SLICEM_C_Q)
                                                      0.038     0.833 f  bd_ab_i/bd_xdma/inst/pcie4_ip_i/inst/bd_ab_bd_xdma_0_pcie4_ip_gt_top_i/diablo_gt.diablo_gt_phy_wrapper/gt_wizard.gtwizard_top_i/bd_ab_bd_xdma_0_pcie4_ip_gt_i/inst/gen_gtwizard_gtye4_top.bd_ab_bd_xdma_0_pcie4_ip_gt_gtwizard_gtye4_inst/gen_gtwizard_gtye4.gen_cpll_cal_gtye4.gen_cpll_cal_inst[3].gen_inst_cpll_cal.gtwizard_ultrascale_v1_7_20_gtye4_cpll_cal_inst/gtwizard_ultrascale_v1_7_20_gtye4_cpll_cal_tx_i/U_TXOUTCLK_FREQ_COUNTER/reset_synchronizer_testclk_rst_inst/rst_in_out_reg/Q
                         net (fo=18, routed)          0.127     0.960    bd_ab_i/bd_xdma/inst/pcie4_ip_i/inst/bd_ab_bd_xdma_0_pcie4_ip_gt_top_i/diablo_gt.diablo_gt_phy_wrapper/gt_wizard.gtwizard_top_i/bd_ab_bd_xdma_0_pcie4_ip_gt_i/inst/gen_gtwizard_gtye4_top.bd_ab_bd_xdma_0_pcie4_ip_gt_gtwizard_gtye4_inst/gen_gtwizard_gtye4.gen_cpll_cal_gtye4.gen_cpll_cal_inst[3].gen_inst_cpll_cal.gtwizard_ultrascale_v1_7_20_gtye4_cpll_cal_inst/gtwizard_ultrascale_v1_7_20_gtye4_cpll_cal_tx_i/U_TXOUTCLK_FREQ_COUNTER/rst_in_out
    SLICE_X107Y77        FDCE                                         f  bd_ab_i/bd_xdma/inst/pcie4_ip_i/inst/bd_ab_bd_xdma_0_pcie4_ip_gt_top_i/diablo_gt.diablo_gt_phy_wrapper/gt_wizard.gtwizard_top_i/bd_ab_bd_xdma_0_pcie4_ip_gt_i/inst/gen_gtwizard_gtye4_top.bd_ab_bd_xdma_0_pcie4_ip_gt_gtwizard_gtye4_inst/gen_gtwizard_gtye4.gen_cpll_cal_gtye4.gen_cpll_cal_inst[3].gen_inst_cpll_cal.gtwizard_ultrascale_v1_7_20_gtye4_cpll_cal_inst/gtwizard_ultrascale_v1_7_20_gtye4_cpll_cal_tx_i/U_TXOUTCLK_FREQ_COUNTER/testclk_cnt_reg[16]/CLR
  -------------------------------------------------------------------    -------------------

                         (clock bd_ab_i/bd_xdma/inst/pcie4_ip_i/inst/bd_ab_bd_xdma_0_pcie4_ip_gt_top_i/diablo_gt.diablo_gt_phy_wrapper/gt_wizard.gtwizard_top_i/bd_ab_bd_xdma_0_pcie4_ip_gt_i/inst/gen_gtwizard_gtye4_top.bd_ab_bd_xdma_0_pcie4_ip_gt_gtwizard_gtye4_inst/gen_gtwizard_gtye4.gen_cpll_cal_gtye4.gen_cpll_cal_inst[3].gen_inst_cpll_cal.gtwizard_ultrascale_v1_7_20_gtye4_cpll_cal_inst/gtwizard_ultrascale_v1_7_20_gtye4_cpll_cal_tx_i/bufg_gt_txoutclkmon_inst/O rise edge)
                                                      0.000     0.000 r  
    BUFG_GT_X0Y4         BUFG_GT                      0.000     0.000 r  bd_ab_i/bd_xdma/inst/pcie4_ip_i/inst/bd_ab_bd_xdma_0_pcie4_ip_gt_top_i/diablo_gt.diablo_gt_phy_wrapper/gt_wizard.gtwizard_top_i/bd_ab_bd_xdma_0_pcie4_ip_gt_i/inst/gen_gtwizard_gtye4_top.bd_ab_bd_xdma_0_pcie4_ip_gt_gtwizard_gtye4_inst/gen_gtwizard_gtye4.gen_cpll_cal_gtye4.gen_cpll_cal_inst[3].gen_inst_cpll_cal.gtwizard_ultrascale_v1_7_20_gtye4_cpll_cal_inst/gtwizard_ultrascale_v1_7_20_gtye4_cpll_cal_tx_i/bufg_gt_txoutclkmon_inst/O
    X3Y1 (CLOCK_ROOT)    net (fo=31, routed)          0.909     0.909    bd_ab_i/bd_xdma/inst/pcie4_ip_i/inst/bd_ab_bd_xdma_0_pcie4_ip_gt_top_i/diablo_gt.diablo_gt_phy_wrapper/gt_wizard.gtwizard_top_i/bd_ab_bd_xdma_0_pcie4_ip_gt_i/inst/gen_gtwizard_gtye4_top.bd_ab_bd_xdma_0_pcie4_ip_gt_gtwizard_gtye4_inst/gen_gtwizard_gtye4.gen_cpll_cal_gtye4.gen_cpll_cal_inst[3].gen_inst_cpll_cal.gtwizard_ultrascale_v1_7_20_gtye4_cpll_cal_inst/gtwizard_ultrascale_v1_7_20_gtye4_cpll_cal_tx_i/U_TXOUTCLK_FREQ_COUNTER/txoutclkmon
    SLICE_X107Y77        FDCE                                         r  bd_ab_i/bd_xdma/inst/pcie4_ip_i/inst/bd_ab_bd_xdma_0_pcie4_ip_gt_top_i/diablo_gt.diablo_gt_phy_wrapper/gt_wizard.gtwizard_top_i/bd_ab_bd_xdma_0_pcie4_ip_gt_i/inst/gen_gtwizard_gtye4_top.bd_ab_bd_xdma_0_pcie4_ip_gt_gtwizard_gtye4_inst/gen_gtwizard_gtye4.gen_cpll_cal_gtye4.gen_cpll_cal_inst[3].gen_inst_cpll_cal.gtwizard_ultrascale_v1_7_20_gtye4_cpll_cal_inst/gtwizard_ultrascale_v1_7_20_gtye4_cpll_cal_tx_i/U_TXOUTCLK_FREQ_COUNTER/testclk_cnt_reg[16]/C
                         clock pessimism             -0.065     0.844    
    SLICE_X107Y77        FDCE (Remov_AFF_SLICEM_C_CLR)
                                                     -0.020     0.824    bd_ab_i/bd_xdma/inst/pcie4_ip_i/inst/bd_ab_bd_xdma_0_pcie4_ip_gt_top_i/diablo_gt.diablo_gt_phy_wrapper/gt_wizard.gtwizard_top_i/bd_ab_bd_xdma_0_pcie4_ip_gt_i/inst/gen_gtwizard_gtye4_top.bd_ab_bd_xdma_0_pcie4_ip_gt_gtwizard_gtye4_inst/gen_gtwizard_gtye4.gen_cpll_cal_gtye4.gen_cpll_cal_inst[3].gen_inst_cpll_cal.gtwizard_ultrascale_v1_7_20_gtye4_cpll_cal_inst/gtwizard_ultrascale_v1_7_20_gtye4_cpll_cal_tx_i/U_TXOUTCLK_FREQ_COUNTER/testclk_cnt_reg[16]
  -------------------------------------------------------------------
                         required time                         -0.824    
                         arrival time                           0.960    
  -------------------------------------------------------------------
                         slack                                  0.136    





---------------------------------------------------------------------------------------------------
Path Group:  **async_default**
From Clock:  bd_ab_i/bd_xdma/inst/pcie4_ip_i/inst/bd_ab_bd_xdma_0_pcie4_ip_gt_top_i/diablo_gt.diablo_gt_phy_wrapper/gt_wizard.gtwizard_top_i/bd_ab_bd_xdma_0_pcie4_ip_gt_i/inst/gen_gtwizard_gtye4_top.bd_ab_bd_xdma_0_pcie4_ip_gt_gtwizard_gtye4_inst/gen_gtwizard_gtye4.gen_cpll_cal_gtye4.gen_cpll_cal_inst[4].gen_inst_cpll_cal.gtwizard_ultrascale_v1_7_20_gtye4_cpll_cal_inst/gtwizard_ultrascale_v1_7_20_gtye4_cpll_cal_tx_i/bufg_gt_txoutclkmon_inst/O
  To Clock:  bd_ab_i/bd_xdma/inst/pcie4_ip_i/inst/bd_ab_bd_xdma_0_pcie4_ip_gt_top_i/diablo_gt.diablo_gt_phy_wrapper/gt_wizard.gtwizard_top_i/bd_ab_bd_xdma_0_pcie4_ip_gt_i/inst/gen_gtwizard_gtye4_top.bd_ab_bd_xdma_0_pcie4_ip_gt_gtwizard_gtye4_inst/gen_gtwizard_gtye4.gen_cpll_cal_gtye4.gen_cpll_cal_inst[4].gen_inst_cpll_cal.gtwizard_ultrascale_v1_7_20_gtye4_cpll_cal_inst/gtwizard_ultrascale_v1_7_20_gtye4_cpll_cal_tx_i/bufg_gt_txoutclkmon_inst/O

Setup :            0  Failing Endpoints,  Worst Slack        7.422ns,  Total Violation        0.000ns
Hold  :            0  Failing Endpoints,  Worst Slack        0.116ns,  Total Violation        0.000ns
---------------------------------------------------------------------------------------------------


Max Delay Paths
--------------------------------------------------------------------------------------
Slack (MET) :             7.422ns  (required time - arrival time)
  Source:                 bd_ab_i/bd_xdma/inst/pcie4_ip_i/inst/bd_ab_bd_xdma_0_pcie4_ip_gt_top_i/diablo_gt.diablo_gt_phy_wrapper/gt_wizard.gtwizard_top_i/bd_ab_bd_xdma_0_pcie4_ip_gt_i/inst/gen_gtwizard_gtye4_top.bd_ab_bd_xdma_0_pcie4_ip_gt_gtwizard_gtye4_inst/gen_gtwizard_gtye4.gen_cpll_cal_gtye4.gen_cpll_cal_inst[4].gen_inst_cpll_cal.gtwizard_ultrascale_v1_7_20_gtye4_cpll_cal_inst/gtwizard_ultrascale_v1_7_20_gtye4_cpll_cal_tx_i/U_TXOUTCLK_FREQ_COUNTER/reset_synchronizer_testclk_rst_inst/rst_in_out_reg/C
                            (rising edge-triggered cell FDPE clocked by bd_ab_i/bd_xdma/inst/pcie4_ip_i/inst/bd_ab_bd_xdma_0_pcie4_ip_gt_top_i/diablo_gt.diablo_gt_phy_wrapper/gt_wizard.gtwizard_top_i/bd_ab_bd_xdma_0_pcie4_ip_gt_i/inst/gen_gtwizard_gtye4_top.bd_ab_bd_xdma_0_pcie4_ip_gt_gtwizard_gtye4_inst/gen_gtwizard_gtye4.gen_cpll_cal_gtye4.gen_cpll_cal_inst[4].gen_inst_cpll_cal.gtwizard_ultrascale_v1_7_20_gtye4_cpll_cal_inst/gtwizard_ultrascale_v1_7_20_gtye4_cpll_cal_tx_i/bufg_gt_txoutclkmon_inst/O  {rise@0.000ns fall@4.000ns period=8.000ns})
  Destination:            bd_ab_i/bd_xdma/inst/pcie4_ip_i/inst/bd_ab_bd_xdma_0_pcie4_ip_gt_top_i/diablo_gt.diablo_gt_phy_wrapper/gt_wizard.gtwizard_top_i/bd_ab_bd_xdma_0_pcie4_ip_gt_i/inst/gen_gtwizard_gtye4_top.bd_ab_bd_xdma_0_pcie4_ip_gt_gtwizard_gtye4_inst/gen_gtwizard_gtye4.gen_cpll_cal_gtye4.gen_cpll_cal_inst[4].gen_inst_cpll_cal.gtwizard_ultrascale_v1_7_20_gtye4_cpll_cal_inst/gtwizard_ultrascale_v1_7_20_gtye4_cpll_cal_tx_i/U_TXOUTCLK_FREQ_COUNTER/testclk_cnt_reg[0]/CLR
                            (recovery check against rising-edge clock bd_ab_i/bd_xdma/inst/pcie4_ip_i/inst/bd_ab_bd_xdma_0_pcie4_ip_gt_top_i/diablo_gt.diablo_gt_phy_wrapper/gt_wizard.gtwizard_top_i/bd_ab_bd_xdma_0_pcie4_ip_gt_i/inst/gen_gtwizard_gtye4_top.bd_ab_bd_xdma_0_pcie4_ip_gt_gtwizard_gtye4_inst/gen_gtwizard_gtye4.gen_cpll_cal_gtye4.gen_cpll_cal_inst[4].gen_inst_cpll_cal.gtwizard_ultrascale_v1_7_20_gtye4_cpll_cal_inst/gtwizard_ultrascale_v1_7_20_gtye4_cpll_cal_tx_i/bufg_gt_txoutclkmon_inst/O  {rise@0.000ns fall@4.000ns period=8.000ns})
  Path Group:             **async_default**
  Path Type:              Recovery (Max at Slow Process Corner)
  Requirement:            8.000ns  (bd_ab_i/bd_xdma/inst/pcie4_ip_i/inst/bd_ab_bd_xdma_0_pcie4_ip_gt_top_i/diablo_gt.diablo_gt_phy_wrapper/gt_wizard.gtwizard_top_i/bd_ab_bd_xdma_0_pcie4_ip_gt_i/inst/gen_gtwizard_gtye4_top.bd_ab_bd_xdma_0_pcie4_ip_gt_gtwizard_gtye4_inst/gen_gtwizard_gtye4.gen_cpll_cal_gtye4.gen_cpll_cal_inst[4].gen_inst_cpll_cal.gtwizard_ultrascale_v1_7_20_gtye4_cpll_cal_inst/gtwizard_ultrascale_v1_7_20_gtye4_cpll_cal_tx_i/bufg_gt_txoutclkmon_inst/O rise@8.000ns - bd_ab_i/bd_xdma/inst/pcie4_ip_i/inst/bd_ab_bd_xdma_0_pcie4_ip_gt_top_i/diablo_gt.diablo_gt_phy_wrapper/gt_wizard.gtwizard_top_i/bd_ab_bd_xdma_0_pcie4_ip_gt_i/inst/gen_gtwizard_gtye4_top.bd_ab_bd_xdma_0_pcie4_ip_gt_gtwizard_gtye4_inst/gen_gtwizard_gtye4.gen_cpll_cal_gtye4.gen_cpll_cal_inst[4].gen_inst_cpll_cal.gtwizard_ultrascale_v1_7_20_gtye4_cpll_cal_inst/gtwizard_ultrascale_v1_7_20_gtye4_cpll_cal_tx_i/bufg_gt_txoutclkmon_inst/O rise@0.000ns)
  Data Path Delay:        0.386ns  (logic 0.077ns (19.945%)  route 0.309ns (80.055%))
  Logic Levels:           0  
  Clock Path Skew:        -0.079ns (DCD - SCD + CPR)
    Destination Clock Delay (DCD):    0.480ns = ( 8.480 - 8.000 ) 
    Source Clock Delay      (SCD):    0.563ns
    Clock Pessimism Removal (CPR):    0.004ns
  Clock Uncertainty:      0.046ns  ((TSJ^2 + DJ^2)^1/2) / 2 + PE
    Total System Jitter     (TSJ):    0.071ns
    Discrete Jitter          (DJ):    0.060ns
    Phase Error              (PE):    0.000ns
  Clock Net Delay (Source):      0.563ns (routing 0.002ns, distribution 0.561ns)
  Clock Net Delay (Destination): 0.480ns (routing 0.001ns, distribution 0.479ns)

    Location             Delay type                Incr(ns)  Path(ns)    Netlist Resource(s)
  -------------------------------------------------------------------    -------------------
                         (clock bd_ab_i/bd_xdma/inst/pcie4_ip_i/inst/bd_ab_bd_xdma_0_pcie4_ip_gt_top_i/diablo_gt.diablo_gt_phy_wrapper/gt_wizard.gtwizard_top_i/bd_ab_bd_xdma_0_pcie4_ip_gt_i/inst/gen_gtwizard_gtye4_top.bd_ab_bd_xdma_0_pcie4_ip_gt_gtwizard_gtye4_inst/gen_gtwizard_gtye4.gen_cpll_cal_gtye4.gen_cpll_cal_inst[4].gen_inst_cpll_cal.gtwizard_ultrascale_v1_7_20_gtye4_cpll_cal_inst/gtwizard_ultrascale_v1_7_20_gtye4_cpll_cal_tx_i/bufg_gt_txoutclkmon_inst/O rise edge)
                                                      0.000     0.000 r  
    BUFG_GT_X0Y36        BUFG_GT                      0.000     0.000 r  bd_ab_i/bd_xdma/inst/pcie4_ip_i/inst/bd_ab_bd_xdma_0_pcie4_ip_gt_top_i/diablo_gt.diablo_gt_phy_wrapper/gt_wizard.gtwizard_top_i/bd_ab_bd_xdma_0_pcie4_ip_gt_i/inst/gen_gtwizard_gtye4_top.bd_ab_bd_xdma_0_pcie4_ip_gt_gtwizard_gtye4_inst/gen_gtwizard_gtye4.gen_cpll_cal_gtye4.gen_cpll_cal_inst[4].gen_inst_cpll_cal.gtwizard_ultrascale_v1_7_20_gtye4_cpll_cal_inst/gtwizard_ultrascale_v1_7_20_gtye4_cpll_cal_tx_i/bufg_gt_txoutclkmon_inst/O
    X3Y1 (CLOCK_ROOT)    net (fo=31, routed)          0.563     0.563    bd_ab_i/bd_xdma/inst/pcie4_ip_i/inst/bd_ab_bd_xdma_0_pcie4_ip_gt_top_i/diablo_gt.diablo_gt_phy_wrapper/gt_wizard.gtwizard_top_i/bd_ab_bd_xdma_0_pcie4_ip_gt_i/inst/gen_gtwizard_gtye4_top.bd_ab_bd_xdma_0_pcie4_ip_gt_gtwizard_gtye4_inst/gen_gtwizard_gtye4.gen_cpll_cal_gtye4.gen_cpll_cal_inst[4].gen_inst_cpll_cal.gtwizard_ultrascale_v1_7_20_gtye4_cpll_cal_inst/gtwizard_ultrascale_v1_7_20_gtye4_cpll_cal_tx_i/U_TXOUTCLK_FREQ_COUNTER/reset_synchronizer_testclk_rst_inst/txoutclkmon
    SLICE_X106Y78        FDPE                                         r  bd_ab_i/bd_xdma/inst/pcie4_ip_i/inst/bd_ab_bd_xdma_0_pcie4_ip_gt_top_i/diablo_gt.diablo_gt_phy_wrapper/gt_wizard.gtwizard_top_i/bd_ab_bd_xdma_0_pcie4_ip_gt_i/inst/gen_gtwizard_gtye4_top.bd_ab_bd_xdma_0_pcie4_ip_gt_gtwizard_gtye4_inst/gen_gtwizard_gtye4.gen_cpll_cal_gtye4.gen_cpll_cal_inst[4].gen_inst_cpll_cal.gtwizard_ultrascale_v1_7_20_gtye4_cpll_cal_inst/gtwizard_ultrascale_v1_7_20_gtye4_cpll_cal_tx_i/U_TXOUTCLK_FREQ_COUNTER/reset_synchronizer_testclk_rst_inst/rst_in_out_reg/C
  -------------------------------------------------------------------    -------------------
    SLICE_X106Y78        FDPE (Prop_AFF_SLICEM_C_Q)
                                                      0.077     0.640 f  bd_ab_i/bd_xdma/inst/pcie4_ip_i/inst/bd_ab_bd_xdma_0_pcie4_ip_gt_top_i/diablo_gt.diablo_gt_phy_wrapper/gt_wizard.gtwizard_top_i/bd_ab_bd_xdma_0_pcie4_ip_gt_i/inst/gen_gtwizard_gtye4_top.bd_ab_bd_xdma_0_pcie4_ip_gt_gtwizard_gtye4_inst/gen_gtwizard_gtye4.gen_cpll_cal_gtye4.gen_cpll_cal_inst[4].gen_inst_cpll_cal.gtwizard_ultrascale_v1_7_20_gtye4_cpll_cal_inst/gtwizard_ultrascale_v1_7_20_gtye4_cpll_cal_tx_i/U_TXOUTCLK_FREQ_COUNTER/reset_synchronizer_testclk_rst_inst/rst_in_out_reg/Q
                         net (fo=18, routed)          0.309     0.949    bd_ab_i/bd_xdma/inst/pcie4_ip_i/inst/bd_ab_bd_xdma_0_pcie4_ip_gt_top_i/diablo_gt.diablo_gt_phy_wrapper/gt_wizard.gtwizard_top_i/bd_ab_bd_xdma_0_pcie4_ip_gt_i/inst/gen_gtwizard_gtye4_top.bd_ab_bd_xdma_0_pcie4_ip_gt_gtwizard_gtye4_inst/gen_gtwizard_gtye4.gen_cpll_cal_gtye4.gen_cpll_cal_inst[4].gen_inst_cpll_cal.gtwizard_ultrascale_v1_7_20_gtye4_cpll_cal_inst/gtwizard_ultrascale_v1_7_20_gtye4_cpll_cal_tx_i/U_TXOUTCLK_FREQ_COUNTER/rst_in_out
    SLICE_X108Y77        FDCE                                         f  bd_ab_i/bd_xdma/inst/pcie4_ip_i/inst/bd_ab_bd_xdma_0_pcie4_ip_gt_top_i/diablo_gt.diablo_gt_phy_wrapper/gt_wizard.gtwizard_top_i/bd_ab_bd_xdma_0_pcie4_ip_gt_i/inst/gen_gtwizard_gtye4_top.bd_ab_bd_xdma_0_pcie4_ip_gt_gtwizard_gtye4_inst/gen_gtwizard_gtye4.gen_cpll_cal_gtye4.gen_cpll_cal_inst[4].gen_inst_cpll_cal.gtwizard_ultrascale_v1_7_20_gtye4_cpll_cal_inst/gtwizard_ultrascale_v1_7_20_gtye4_cpll_cal_tx_i/U_TXOUTCLK_FREQ_COUNTER/testclk_cnt_reg[0]/CLR
  -------------------------------------------------------------------    -------------------

                         (clock bd_ab_i/bd_xdma/inst/pcie4_ip_i/inst/bd_ab_bd_xdma_0_pcie4_ip_gt_top_i/diablo_gt.diablo_gt_phy_wrapper/gt_wizard.gtwizard_top_i/bd_ab_bd_xdma_0_pcie4_ip_gt_i/inst/gen_gtwizard_gtye4_top.bd_ab_bd_xdma_0_pcie4_ip_gt_gtwizard_gtye4_inst/gen_gtwizard_gtye4.gen_cpll_cal_gtye4.gen_cpll_cal_inst[4].gen_inst_cpll_cal.gtwizard_ultrascale_v1_7_20_gtye4_cpll_cal_inst/gtwizard_ultrascale_v1_7_20_gtye4_cpll_cal_tx_i/bufg_gt_txoutclkmon_inst/O rise edge)
                                                      8.000     8.000 r  
    BUFG_GT_X0Y36        BUFG_GT                      0.000     8.000 r  bd_ab_i/bd_xdma/inst/pcie4_ip_i/inst/bd_ab_bd_xdma_0_pcie4_ip_gt_top_i/diablo_gt.diablo_gt_phy_wrapper/gt_wizard.gtwizard_top_i/bd_ab_bd_xdma_0_pcie4_ip_gt_i/inst/gen_gtwizard_gtye4_top.bd_ab_bd_xdma_0_pcie4_ip_gt_gtwizard_gtye4_inst/gen_gtwizard_gtye4.gen_cpll_cal_gtye4.gen_cpll_cal_inst[4].gen_inst_cpll_cal.gtwizard_ultrascale_v1_7_20_gtye4_cpll_cal_inst/gtwizard_ultrascale_v1_7_20_gtye4_cpll_cal_tx_i/bufg_gt_txoutclkmon_inst/O
    X3Y1 (CLOCK_ROOT)    net (fo=31, routed)          0.480     8.480    bd_ab_i/bd_xdma/inst/pcie4_ip_i/inst/bd_ab_bd_xdma_0_pcie4_ip_gt_top_i/diablo_gt.diablo_gt_phy_wrapper/gt_wizard.gtwizard_top_i/bd_ab_bd_xdma_0_pcie4_ip_gt_i/inst/gen_gtwizard_gtye4_top.bd_ab_bd_xdma_0_pcie4_ip_gt_gtwizard_gtye4_inst/gen_gtwizard_gtye4.gen_cpll_cal_gtye4.gen_cpll_cal_inst[4].gen_inst_cpll_cal.gtwizard_ultrascale_v1_7_20_gtye4_cpll_cal_inst/gtwizard_ultrascale_v1_7_20_gtye4_cpll_cal_tx_i/U_TXOUTCLK_FREQ_COUNTER/txoutclkmon
    SLICE_X108Y77        FDCE                                         r  bd_ab_i/bd_xdma/inst/pcie4_ip_i/inst/bd_ab_bd_xdma_0_pcie4_ip_gt_top_i/diablo_gt.diablo_gt_phy_wrapper/gt_wizard.gtwizard_top_i/bd_ab_bd_xdma_0_pcie4_ip_gt_i/inst/gen_gtwizard_gtye4_top.bd_ab_bd_xdma_0_pcie4_ip_gt_gtwizard_gtye4_inst/gen_gtwizard_gtye4.gen_cpll_cal_gtye4.gen_cpll_cal_inst[4].gen_inst_cpll_cal.gtwizard_ultrascale_v1_7_20_gtye4_cpll_cal_inst/gtwizard_ultrascale_v1_7_20_gtye4_cpll_cal_tx_i/U_TXOUTCLK_FREQ_COUNTER/testclk_cnt_reg[0]/C
                         clock pessimism              0.004     8.484    
                         clock uncertainty           -0.046     8.437    
    SLICE_X108Y77        FDCE (Recov_AFF_SLICEL_C_CLR)
                                                     -0.066     8.371    bd_ab_i/bd_xdma/inst/pcie4_ip_i/inst/bd_ab_bd_xdma_0_pcie4_ip_gt_top_i/diablo_gt.diablo_gt_phy_wrapper/gt_wizard.gtwizard_top_i/bd_ab_bd_xdma_0_pcie4_ip_gt_i/inst/gen_gtwizard_gtye4_top.bd_ab_bd_xdma_0_pcie4_ip_gt_gtwizard_gtye4_inst/gen_gtwizard_gtye4.gen_cpll_cal_gtye4.gen_cpll_cal_inst[4].gen_inst_cpll_cal.gtwizard_ultrascale_v1_7_20_gtye4_cpll_cal_inst/gtwizard_ultrascale_v1_7_20_gtye4_cpll_cal_tx_i/U_TXOUTCLK_FREQ_COUNTER/testclk_cnt_reg[0]
  -------------------------------------------------------------------
                         required time                          8.371    
                         arrival time                          -0.949    
  -------------------------------------------------------------------
                         slack                                  7.422    





Min Delay Paths
--------------------------------------------------------------------------------------
Slack (MET) :             0.116ns  (arrival time - required time)
  Source:                 bd_ab_i/bd_xdma/inst/pcie4_ip_i/inst/bd_ab_bd_xdma_0_pcie4_ip_gt_top_i/diablo_gt.diablo_gt_phy_wrapper/gt_wizard.gtwizard_top_i/bd_ab_bd_xdma_0_pcie4_ip_gt_i/inst/gen_gtwizard_gtye4_top.bd_ab_bd_xdma_0_pcie4_ip_gt_gtwizard_gtye4_inst/gen_gtwizard_gtye4.gen_cpll_cal_gtye4.gen_cpll_cal_inst[4].gen_inst_cpll_cal.gtwizard_ultrascale_v1_7_20_gtye4_cpll_cal_inst/gtwizard_ultrascale_v1_7_20_gtye4_cpll_cal_tx_i/U_TXOUTCLK_FREQ_COUNTER/reset_synchronizer_testclk_rst_inst/rst_in_out_reg/C
                            (rising edge-triggered cell FDPE clocked by bd_ab_i/bd_xdma/inst/pcie4_ip_i/inst/bd_ab_bd_xdma_0_pcie4_ip_gt_top_i/diablo_gt.diablo_gt_phy_wrapper/gt_wizard.gtwizard_top_i/bd_ab_bd_xdma_0_pcie4_ip_gt_i/inst/gen_gtwizard_gtye4_top.bd_ab_bd_xdma_0_pcie4_ip_gt_gtwizard_gtye4_inst/gen_gtwizard_gtye4.gen_cpll_cal_gtye4.gen_cpll_cal_inst[4].gen_inst_cpll_cal.gtwizard_ultrascale_v1_7_20_gtye4_cpll_cal_inst/gtwizard_ultrascale_v1_7_20_gtye4_cpll_cal_tx_i/bufg_gt_txoutclkmon_inst/O  {rise@0.000ns fall@4.000ns period=8.000ns})
  Destination:            bd_ab_i/bd_xdma/inst/pcie4_ip_i/inst/bd_ab_bd_xdma_0_pcie4_ip_gt_top_i/diablo_gt.diablo_gt_phy_wrapper/gt_wizard.gtwizard_top_i/bd_ab_bd_xdma_0_pcie4_ip_gt_i/inst/gen_gtwizard_gtye4_top.bd_ab_bd_xdma_0_pcie4_ip_gt_gtwizard_gtye4_inst/gen_gtwizard_gtye4.gen_cpll_cal_gtye4.gen_cpll_cal_inst[4].gen_inst_cpll_cal.gtwizard_ultrascale_v1_7_20_gtye4_cpll_cal_inst/gtwizard_ultrascale_v1_7_20_gtye4_cpll_cal_tx_i/U_TXOUTCLK_FREQ_COUNTER/testclk_cnt_reg[12]/CLR
                            (removal check against rising-edge clock bd_ab_i/bd_xdma/inst/pcie4_ip_i/inst/bd_ab_bd_xdma_0_pcie4_ip_gt_top_i/diablo_gt.diablo_gt_phy_wrapper/gt_wizard.gtwizard_top_i/bd_ab_bd_xdma_0_pcie4_ip_gt_i/inst/gen_gtwizard_gtye4_top.bd_ab_bd_xdma_0_pcie4_ip_gt_gtwizard_gtye4_inst/gen_gtwizard_gtye4.gen_cpll_cal_gtye4.gen_cpll_cal_inst[4].gen_inst_cpll_cal.gtwizard_ultrascale_v1_7_20_gtye4_cpll_cal_inst/gtwizard_ultrascale_v1_7_20_gtye4_cpll_cal_tx_i/bufg_gt_txoutclkmon_inst/O  {rise@0.000ns fall@4.000ns period=8.000ns})
  Path Group:             **async_default**
  Path Type:              Removal (Min at Fast Process Corner)
  Requirement:            0.000ns  (bd_ab_i/bd_xdma/inst/pcie4_ip_i/inst/bd_ab_bd_xdma_0_pcie4_ip_gt_top_i/diablo_gt.diablo_gt_phy_wrapper/gt_wizard.gtwizard_top_i/bd_ab_bd_xdma_0_pcie4_ip_gt_i/inst/gen_gtwizard_gtye4_top.bd_ab_bd_xdma_0_pcie4_ip_gt_gtwizard_gtye4_inst/gen_gtwizard_gtye4.gen_cpll_cal_gtye4.gen_cpll_cal_inst[4].gen_inst_cpll_cal.gtwizard_ultrascale_v1_7_20_gtye4_cpll_cal_inst/gtwizard_ultrascale_v1_7_20_gtye4_cpll_cal_tx_i/bufg_gt_txoutclkmon_inst/O rise@0.000ns - bd_ab_i/bd_xdma/inst/pcie4_ip_i/inst/bd_ab_bd_xdma_0_pcie4_ip_gt_top_i/diablo_gt.diablo_gt_phy_wrapper/gt_wizard.gtwizard_top_i/bd_ab_bd_xdma_0_pcie4_ip_gt_i/inst/gen_gtwizard_gtye4_top.bd_ab_bd_xdma_0_pcie4_ip_gt_gtwizard_gtye4_inst/gen_gtwizard_gtye4.gen_cpll_cal_gtye4.gen_cpll_cal_inst[4].gen_inst_cpll_cal.gtwizard_ultrascale_v1_7_20_gtye4_cpll_cal_inst/gtwizard_ultrascale_v1_7_20_gtye4_cpll_cal_tx_i/bufg_gt_txoutclkmon_inst/O rise@0.000ns)
  Data Path Delay:        0.148ns  (logic 0.038ns (25.605%)  route 0.110ns (74.395%))
  Logic Levels:           0  
  Clock Path Skew:        0.052ns (DCD - SCD - CPR)
    Destination Clock Delay (DCD):    0.374ns
    Source Clock Delay      (SCD):    0.320ns
    Clock Pessimism Removal (CPR):    0.001ns
  Clock Net Delay (Source):      0.320ns (routing 0.001ns, distribution 0.319ns)
  Clock Net Delay (Destination): 0.374ns (routing 0.001ns, distribution 0.373ns)

    Location             Delay type                Incr(ns)  Path(ns)    Netlist Resource(s)
  -------------------------------------------------------------------    -------------------
                         (clock bd_ab_i/bd_xdma/inst/pcie4_ip_i/inst/bd_ab_bd_xdma_0_pcie4_ip_gt_top_i/diablo_gt.diablo_gt_phy_wrapper/gt_wizard.gtwizard_top_i/bd_ab_bd_xdma_0_pcie4_ip_gt_i/inst/gen_gtwizard_gtye4_top.bd_ab_bd_xdma_0_pcie4_ip_gt_gtwizard_gtye4_inst/gen_gtwizard_gtye4.gen_cpll_cal_gtye4.gen_cpll_cal_inst[4].gen_inst_cpll_cal.gtwizard_ultrascale_v1_7_20_gtye4_cpll_cal_inst/gtwizard_ultrascale_v1_7_20_gtye4_cpll_cal_tx_i/bufg_gt_txoutclkmon_inst/O rise edge)
                                                      0.000     0.000 r  
    BUFG_GT_X0Y36        BUFG_GT                      0.000     0.000 r  bd_ab_i/bd_xdma/inst/pcie4_ip_i/inst/bd_ab_bd_xdma_0_pcie4_ip_gt_top_i/diablo_gt.diablo_gt_phy_wrapper/gt_wizard.gtwizard_top_i/bd_ab_bd_xdma_0_pcie4_ip_gt_i/inst/gen_gtwizard_gtye4_top.bd_ab_bd_xdma_0_pcie4_ip_gt_gtwizard_gtye4_inst/gen_gtwizard_gtye4.gen_cpll_cal_gtye4.gen_cpll_cal_inst[4].gen_inst_cpll_cal.gtwizard_ultrascale_v1_7_20_gtye4_cpll_cal_inst/gtwizard_ultrascale_v1_7_20_gtye4_cpll_cal_tx_i/bufg_gt_txoutclkmon_inst/O
    X3Y1 (CLOCK_ROOT)    net (fo=31, routed)          0.320     0.320    bd_ab_i/bd_xdma/inst/pcie4_ip_i/inst/bd_ab_bd_xdma_0_pcie4_ip_gt_top_i/diablo_gt.diablo_gt_phy_wrapper/gt_wizard.gtwizard_top_i/bd_ab_bd_xdma_0_pcie4_ip_gt_i/inst/gen_gtwizard_gtye4_top.bd_ab_bd_xdma_0_pcie4_ip_gt_gtwizard_gtye4_inst/gen_gtwizard_gtye4.gen_cpll_cal_gtye4.gen_cpll_cal_inst[4].gen_inst_cpll_cal.gtwizard_ultrascale_v1_7_20_gtye4_cpll_cal_inst/gtwizard_ultrascale_v1_7_20_gtye4_cpll_cal_tx_i/U_TXOUTCLK_FREQ_COUNTER/reset_synchronizer_testclk_rst_inst/txoutclkmon
    SLICE_X106Y78        FDPE                                         r  bd_ab_i/bd_xdma/inst/pcie4_ip_i/inst/bd_ab_bd_xdma_0_pcie4_ip_gt_top_i/diablo_gt.diablo_gt_phy_wrapper/gt_wizard.gtwizard_top_i/bd_ab_bd_xdma_0_pcie4_ip_gt_i/inst/gen_gtwizard_gtye4_top.bd_ab_bd_xdma_0_pcie4_ip_gt_gtwizard_gtye4_inst/gen_gtwizard_gtye4.gen_cpll_cal_gtye4.gen_cpll_cal_inst[4].gen_inst_cpll_cal.gtwizard_ultrascale_v1_7_20_gtye4_cpll_cal_inst/gtwizard_ultrascale_v1_7_20_gtye4_cpll_cal_tx_i/U_TXOUTCLK_FREQ_COUNTER/reset_synchronizer_testclk_rst_inst/rst_in_out_reg/C
  -------------------------------------------------------------------    -------------------
    SLICE_X106Y78        FDPE (Prop_AFF_SLICEM_C_Q)
                                                      0.038     0.358 f  bd_ab_i/bd_xdma/inst/pcie4_ip_i/inst/bd_ab_bd_xdma_0_pcie4_ip_gt_top_i/diablo_gt.diablo_gt_phy_wrapper/gt_wizard.gtwizard_top_i/bd_ab_bd_xdma_0_pcie4_ip_gt_i/inst/gen_gtwizard_gtye4_top.bd_ab_bd_xdma_0_pcie4_ip_gt_gtwizard_gtye4_inst/gen_gtwizard_gtye4.gen_cpll_cal_gtye4.gen_cpll_cal_inst[4].gen_inst_cpll_cal.gtwizard_ultrascale_v1_7_20_gtye4_cpll_cal_inst/gtwizard_ultrascale_v1_7_20_gtye4_cpll_cal_tx_i/U_TXOUTCLK_FREQ_COUNTER/reset_synchronizer_testclk_rst_inst/rst_in_out_reg/Q
                         net (fo=18, routed)          0.110     0.468    bd_ab_i/bd_xdma/inst/pcie4_ip_i/inst/bd_ab_bd_xdma_0_pcie4_ip_gt_top_i/diablo_gt.diablo_gt_phy_wrapper/gt_wizard.gtwizard_top_i/bd_ab_bd_xdma_0_pcie4_ip_gt_i/inst/gen_gtwizard_gtye4_top.bd_ab_bd_xdma_0_pcie4_ip_gt_gtwizard_gtye4_inst/gen_gtwizard_gtye4.gen_cpll_cal_gtye4.gen_cpll_cal_inst[4].gen_inst_cpll_cal.gtwizard_ultrascale_v1_7_20_gtye4_cpll_cal_inst/gtwizard_ultrascale_v1_7_20_gtye4_cpll_cal_tx_i/U_TXOUTCLK_FREQ_COUNTER/rst_in_out
    SLICE_X108Y78        FDCE                                         f  bd_ab_i/bd_xdma/inst/pcie4_ip_i/inst/bd_ab_bd_xdma_0_pcie4_ip_gt_top_i/diablo_gt.diablo_gt_phy_wrapper/gt_wizard.gtwizard_top_i/bd_ab_bd_xdma_0_pcie4_ip_gt_i/inst/gen_gtwizard_gtye4_top.bd_ab_bd_xdma_0_pcie4_ip_gt_gtwizard_gtye4_inst/gen_gtwizard_gtye4.gen_cpll_cal_gtye4.gen_cpll_cal_inst[4].gen_inst_cpll_cal.gtwizard_ultrascale_v1_7_20_gtye4_cpll_cal_inst/gtwizard_ultrascale_v1_7_20_gtye4_cpll_cal_tx_i/U_TXOUTCLK_FREQ_COUNTER/testclk_cnt_reg[12]/CLR
  -------------------------------------------------------------------    -------------------

                         (clock bd_ab_i/bd_xdma/inst/pcie4_ip_i/inst/bd_ab_bd_xdma_0_pcie4_ip_gt_top_i/diablo_gt.diablo_gt_phy_wrapper/gt_wizard.gtwizard_top_i/bd_ab_bd_xdma_0_pcie4_ip_gt_i/inst/gen_gtwizard_gtye4_top.bd_ab_bd_xdma_0_pcie4_ip_gt_gtwizard_gtye4_inst/gen_gtwizard_gtye4.gen_cpll_cal_gtye4.gen_cpll_cal_inst[4].gen_inst_cpll_cal.gtwizard_ultrascale_v1_7_20_gtye4_cpll_cal_inst/gtwizard_ultrascale_v1_7_20_gtye4_cpll_cal_tx_i/bufg_gt_txoutclkmon_inst/O rise edge)
                                                      0.000     0.000 r  
    BUFG_GT_X0Y36        BUFG_GT                      0.000     0.000 r  bd_ab_i/bd_xdma/inst/pcie4_ip_i/inst/bd_ab_bd_xdma_0_pcie4_ip_gt_top_i/diablo_gt.diablo_gt_phy_wrapper/gt_wizard.gtwizard_top_i/bd_ab_bd_xdma_0_pcie4_ip_gt_i/inst/gen_gtwizard_gtye4_top.bd_ab_bd_xdma_0_pcie4_ip_gt_gtwizard_gtye4_inst/gen_gtwizard_gtye4.gen_cpll_cal_gtye4.gen_cpll_cal_inst[4].gen_inst_cpll_cal.gtwizard_ultrascale_v1_7_20_gtye4_cpll_cal_inst/gtwizard_ultrascale_v1_7_20_gtye4_cpll_cal_tx_i/bufg_gt_txoutclkmon_inst/O
    X3Y1 (CLOCK_ROOT)    net (fo=31, routed)          0.374     0.374    bd_ab_i/bd_xdma/inst/pcie4_ip_i/inst/bd_ab_bd_xdma_0_pcie4_ip_gt_top_i/diablo_gt.diablo_gt_phy_wrapper/gt_wizard.gtwizard_top_i/bd_ab_bd_xdma_0_pcie4_ip_gt_i/inst/gen_gtwizard_gtye4_top.bd_ab_bd_xdma_0_pcie4_ip_gt_gtwizard_gtye4_inst/gen_gtwizard_gtye4.gen_cpll_cal_gtye4.gen_cpll_cal_inst[4].gen_inst_cpll_cal.gtwizard_ultrascale_v1_7_20_gtye4_cpll_cal_inst/gtwizard_ultrascale_v1_7_20_gtye4_cpll_cal_tx_i/U_TXOUTCLK_FREQ_COUNTER/txoutclkmon
    SLICE_X108Y78        FDCE                                         r  bd_ab_i/bd_xdma/inst/pcie4_ip_i/inst/bd_ab_bd_xdma_0_pcie4_ip_gt_top_i/diablo_gt.diablo_gt_phy_wrapper/gt_wizard.gtwizard_top_i/bd_ab_bd_xdma_0_pcie4_ip_gt_i/inst/gen_gtwizard_gtye4_top.bd_ab_bd_xdma_0_pcie4_ip_gt_gtwizard_gtye4_inst/gen_gtwizard_gtye4.gen_cpll_cal_gtye4.gen_cpll_cal_inst[4].gen_inst_cpll_cal.gtwizard_ultrascale_v1_7_20_gtye4_cpll_cal_inst/gtwizard_ultrascale_v1_7_20_gtye4_cpll_cal_tx_i/U_TXOUTCLK_FREQ_COUNTER/testclk_cnt_reg[12]/C
                         clock pessimism             -0.001     0.372    
    SLICE_X108Y78        FDCE (Remov_EFF_SLICEL_C_CLR)
                                                     -0.020     0.352    bd_ab_i/bd_xdma/inst/pcie4_ip_i/inst/bd_ab_bd_xdma_0_pcie4_ip_gt_top_i/diablo_gt.diablo_gt_phy_wrapper/gt_wizard.gtwizard_top_i/bd_ab_bd_xdma_0_pcie4_ip_gt_i/inst/gen_gtwizard_gtye4_top.bd_ab_bd_xdma_0_pcie4_ip_gt_gtwizard_gtye4_inst/gen_gtwizard_gtye4.gen_cpll_cal_gtye4.gen_cpll_cal_inst[4].gen_inst_cpll_cal.gtwizard_ultrascale_v1_7_20_gtye4_cpll_cal_inst/gtwizard_ultrascale_v1_7_20_gtye4_cpll_cal_tx_i/U_TXOUTCLK_FREQ_COUNTER/testclk_cnt_reg[12]
  -------------------------------------------------------------------
                         required time                         -0.352    
                         arrival time                           0.468    
  -------------------------------------------------------------------
                         slack                                  0.116    





---------------------------------------------------------------------------------------------------
Path Group:  **async_default**
From Clock:  bd_ab_i/bd_xdma/inst/pcie4_ip_i/inst/bd_ab_bd_xdma_0_pcie4_ip_gt_top_i/diablo_gt.diablo_gt_phy_wrapper/gt_wizard.gtwizard_top_i/bd_ab_bd_xdma_0_pcie4_ip_gt_i/inst/gen_gtwizard_gtye4_top.bd_ab_bd_xdma_0_pcie4_ip_gt_gtwizard_gtye4_inst/gen_gtwizard_gtye4.gen_cpll_cal_gtye4.gen_cpll_cal_inst[5].gen_inst_cpll_cal.gtwizard_ultrascale_v1_7_20_gtye4_cpll_cal_inst/gtwizard_ultrascale_v1_7_20_gtye4_cpll_cal_tx_i/bufg_gt_txoutclkmon_inst/O
  To Clock:  bd_ab_i/bd_xdma/inst/pcie4_ip_i/inst/bd_ab_bd_xdma_0_pcie4_ip_gt_top_i/diablo_gt.diablo_gt_phy_wrapper/gt_wizard.gtwizard_top_i/bd_ab_bd_xdma_0_pcie4_ip_gt_i/inst/gen_gtwizard_gtye4_top.bd_ab_bd_xdma_0_pcie4_ip_gt_gtwizard_gtye4_inst/gen_gtwizard_gtye4.gen_cpll_cal_gtye4.gen_cpll_cal_inst[5].gen_inst_cpll_cal.gtwizard_ultrascale_v1_7_20_gtye4_cpll_cal_inst/gtwizard_ultrascale_v1_7_20_gtye4_cpll_cal_tx_i/bufg_gt_txoutclkmon_inst/O

Setup :            0  Failing Endpoints,  Worst Slack        7.418ns,  Total Violation        0.000ns
Hold  :            0  Failing Endpoints,  Worst Slack        0.165ns,  Total Violation        0.000ns
---------------------------------------------------------------------------------------------------


Max Delay Paths
--------------------------------------------------------------------------------------
Slack (MET) :             7.418ns  (required time - arrival time)
  Source:                 bd_ab_i/bd_xdma/inst/pcie4_ip_i/inst/bd_ab_bd_xdma_0_pcie4_ip_gt_top_i/diablo_gt.diablo_gt_phy_wrapper/gt_wizard.gtwizard_top_i/bd_ab_bd_xdma_0_pcie4_ip_gt_i/inst/gen_gtwizard_gtye4_top.bd_ab_bd_xdma_0_pcie4_ip_gt_gtwizard_gtye4_inst/gen_gtwizard_gtye4.gen_cpll_cal_gtye4.gen_cpll_cal_inst[5].gen_inst_cpll_cal.gtwizard_ultrascale_v1_7_20_gtye4_cpll_cal_inst/gtwizard_ultrascale_v1_7_20_gtye4_cpll_cal_tx_i/U_TXOUTCLK_FREQ_COUNTER/reset_synchronizer_testclk_rst_inst/rst_in_out_reg/C
                            (rising edge-triggered cell FDPE clocked by bd_ab_i/bd_xdma/inst/pcie4_ip_i/inst/bd_ab_bd_xdma_0_pcie4_ip_gt_top_i/diablo_gt.diablo_gt_phy_wrapper/gt_wizard.gtwizard_top_i/bd_ab_bd_xdma_0_pcie4_ip_gt_i/inst/gen_gtwizard_gtye4_top.bd_ab_bd_xdma_0_pcie4_ip_gt_gtwizard_gtye4_inst/gen_gtwizard_gtye4.gen_cpll_cal_gtye4.gen_cpll_cal_inst[5].gen_inst_cpll_cal.gtwizard_ultrascale_v1_7_20_gtye4_cpll_cal_inst/gtwizard_ultrascale_v1_7_20_gtye4_cpll_cal_tx_i/bufg_gt_txoutclkmon_inst/O  {rise@0.000ns fall@4.000ns period=8.000ns})
  Destination:            bd_ab_i/bd_xdma/inst/pcie4_ip_i/inst/bd_ab_bd_xdma_0_pcie4_ip_gt_top_i/diablo_gt.diablo_gt_phy_wrapper/gt_wizard.gtwizard_top_i/bd_ab_bd_xdma_0_pcie4_ip_gt_i/inst/gen_gtwizard_gtye4_top.bd_ab_bd_xdma_0_pcie4_ip_gt_gtwizard_gtye4_inst/gen_gtwizard_gtye4.gen_cpll_cal_gtye4.gen_cpll_cal_inst[5].gen_inst_cpll_cal.gtwizard_ultrascale_v1_7_20_gtye4_cpll_cal_inst/gtwizard_ultrascale_v1_7_20_gtye4_cpll_cal_tx_i/U_TXOUTCLK_FREQ_COUNTER/testclk_cnt_reg[0]/CLR
                            (recovery check against rising-edge clock bd_ab_i/bd_xdma/inst/pcie4_ip_i/inst/bd_ab_bd_xdma_0_pcie4_ip_gt_top_i/diablo_gt.diablo_gt_phy_wrapper/gt_wizard.gtwizard_top_i/bd_ab_bd_xdma_0_pcie4_ip_gt_i/inst/gen_gtwizard_gtye4_top.bd_ab_bd_xdma_0_pcie4_ip_gt_gtwizard_gtye4_inst/gen_gtwizard_gtye4.gen_cpll_cal_gtye4.gen_cpll_cal_inst[5].gen_inst_cpll_cal.gtwizard_ultrascale_v1_7_20_gtye4_cpll_cal_inst/gtwizard_ultrascale_v1_7_20_gtye4_cpll_cal_tx_i/bufg_gt_txoutclkmon_inst/O  {rise@0.000ns fall@4.000ns period=8.000ns})
  Path Group:             **async_default**
  Path Type:              Recovery (Max at Slow Process Corner)
  Requirement:            8.000ns  (bd_ab_i/bd_xdma/inst/pcie4_ip_i/inst/bd_ab_bd_xdma_0_pcie4_ip_gt_top_i/diablo_gt.diablo_gt_phy_wrapper/gt_wizard.gtwizard_top_i/bd_ab_bd_xdma_0_pcie4_ip_gt_i/inst/gen_gtwizard_gtye4_top.bd_ab_bd_xdma_0_pcie4_ip_gt_gtwizard_gtye4_inst/gen_gtwizard_gtye4.gen_cpll_cal_gtye4.gen_cpll_cal_inst[5].gen_inst_cpll_cal.gtwizard_ultrascale_v1_7_20_gtye4_cpll_cal_inst/gtwizard_ultrascale_v1_7_20_gtye4_cpll_cal_tx_i/bufg_gt_txoutclkmon_inst/O rise@8.000ns - bd_ab_i/bd_xdma/inst/pcie4_ip_i/inst/bd_ab_bd_xdma_0_pcie4_ip_gt_top_i/diablo_gt.diablo_gt_phy_wrapper/gt_wizard.gtwizard_top_i/bd_ab_bd_xdma_0_pcie4_ip_gt_i/inst/gen_gtwizard_gtye4_top.bd_ab_bd_xdma_0_pcie4_ip_gt_gtwizard_gtye4_inst/gen_gtwizard_gtye4.gen_cpll_cal_gtye4.gen_cpll_cal_inst[5].gen_inst_cpll_cal.gtwizard_ultrascale_v1_7_20_gtye4_cpll_cal_inst/gtwizard_ultrascale_v1_7_20_gtye4_cpll_cal_tx_i/bufg_gt_txoutclkmon_inst/O rise@0.000ns)
  Data Path Delay:        0.446ns  (logic 0.076ns (17.026%)  route 0.370ns (82.974%))
  Logic Levels:           0  
  Clock Path Skew:        -0.023ns (DCD - SCD + CPR)
    Destination Clock Delay (DCD):    0.491ns = ( 8.491 - 8.000 ) 
    Source Clock Delay      (SCD):    0.566ns
    Clock Pessimism Removal (CPR):    0.052ns
  Clock Uncertainty:      0.046ns  ((TSJ^2 + DJ^2)^1/2) / 2 + PE
    Total System Jitter     (TSJ):    0.071ns
    Discrete Jitter          (DJ):    0.060ns
    Phase Error              (PE):    0.000ns
  Clock Net Delay (Source):      0.566ns (routing 0.002ns, distribution 0.564ns)
  Clock Net Delay (Destination): 0.491ns (routing 0.001ns, distribution 0.490ns)

    Location             Delay type                Incr(ns)  Path(ns)    Netlist Resource(s)
  -------------------------------------------------------------------    -------------------
                         (clock bd_ab_i/bd_xdma/inst/pcie4_ip_i/inst/bd_ab_bd_xdma_0_pcie4_ip_gt_top_i/diablo_gt.diablo_gt_phy_wrapper/gt_wizard.gtwizard_top_i/bd_ab_bd_xdma_0_pcie4_ip_gt_i/inst/gen_gtwizard_gtye4_top.bd_ab_bd_xdma_0_pcie4_ip_gt_gtwizard_gtye4_inst/gen_gtwizard_gtye4.gen_cpll_cal_gtye4.gen_cpll_cal_inst[5].gen_inst_cpll_cal.gtwizard_ultrascale_v1_7_20_gtye4_cpll_cal_inst/gtwizard_ultrascale_v1_7_20_gtye4_cpll_cal_tx_i/bufg_gt_txoutclkmon_inst/O rise edge)
                                                      0.000     0.000 r  
    BUFG_GT_X0Y46        BUFG_GT                      0.000     0.000 r  bd_ab_i/bd_xdma/inst/pcie4_ip_i/inst/bd_ab_bd_xdma_0_pcie4_ip_gt_top_i/diablo_gt.diablo_gt_phy_wrapper/gt_wizard.gtwizard_top_i/bd_ab_bd_xdma_0_pcie4_ip_gt_i/inst/gen_gtwizard_gtye4_top.bd_ab_bd_xdma_0_pcie4_ip_gt_gtwizard_gtye4_inst/gen_gtwizard_gtye4.gen_cpll_cal_gtye4.gen_cpll_cal_inst[5].gen_inst_cpll_cal.gtwizard_ultrascale_v1_7_20_gtye4_cpll_cal_inst/gtwizard_ultrascale_v1_7_20_gtye4_cpll_cal_tx_i/bufg_gt_txoutclkmon_inst/O
    X3Y1 (CLOCK_ROOT)    net (fo=31, routed)          0.566     0.566    bd_ab_i/bd_xdma/inst/pcie4_ip_i/inst/bd_ab_bd_xdma_0_pcie4_ip_gt_top_i/diablo_gt.diablo_gt_phy_wrapper/gt_wizard.gtwizard_top_i/bd_ab_bd_xdma_0_pcie4_ip_gt_i/inst/gen_gtwizard_gtye4_top.bd_ab_bd_xdma_0_pcie4_ip_gt_gtwizard_gtye4_inst/gen_gtwizard_gtye4.gen_cpll_cal_gtye4.gen_cpll_cal_inst[5].gen_inst_cpll_cal.gtwizard_ultrascale_v1_7_20_gtye4_cpll_cal_inst/gtwizard_ultrascale_v1_7_20_gtye4_cpll_cal_tx_i/U_TXOUTCLK_FREQ_COUNTER/reset_synchronizer_testclk_rst_inst/txoutclkmon
    SLICE_X107Y80        FDPE                                         r  bd_ab_i/bd_xdma/inst/pcie4_ip_i/inst/bd_ab_bd_xdma_0_pcie4_ip_gt_top_i/diablo_gt.diablo_gt_phy_wrapper/gt_wizard.gtwizard_top_i/bd_ab_bd_xdma_0_pcie4_ip_gt_i/inst/gen_gtwizard_gtye4_top.bd_ab_bd_xdma_0_pcie4_ip_gt_gtwizard_gtye4_inst/gen_gtwizard_gtye4.gen_cpll_cal_gtye4.gen_cpll_cal_inst[5].gen_inst_cpll_cal.gtwizard_ultrascale_v1_7_20_gtye4_cpll_cal_inst/gtwizard_ultrascale_v1_7_20_gtye4_cpll_cal_tx_i/U_TXOUTCLK_FREQ_COUNTER/reset_synchronizer_testclk_rst_inst/rst_in_out_reg/C
  -------------------------------------------------------------------    -------------------
    SLICE_X107Y80        FDPE (Prop_EFF_SLICEM_C_Q)
                                                      0.076     0.642 f  bd_ab_i/bd_xdma/inst/pcie4_ip_i/inst/bd_ab_bd_xdma_0_pcie4_ip_gt_top_i/diablo_gt.diablo_gt_phy_wrapper/gt_wizard.gtwizard_top_i/bd_ab_bd_xdma_0_pcie4_ip_gt_i/inst/gen_gtwizard_gtye4_top.bd_ab_bd_xdma_0_pcie4_ip_gt_gtwizard_gtye4_inst/gen_gtwizard_gtye4.gen_cpll_cal_gtye4.gen_cpll_cal_inst[5].gen_inst_cpll_cal.gtwizard_ultrascale_v1_7_20_gtye4_cpll_cal_inst/gtwizard_ultrascale_v1_7_20_gtye4_cpll_cal_tx_i/U_TXOUTCLK_FREQ_COUNTER/reset_synchronizer_testclk_rst_inst/rst_in_out_reg/Q
                         net (fo=18, routed)          0.370     1.012    bd_ab_i/bd_xdma/inst/pcie4_ip_i/inst/bd_ab_bd_xdma_0_pcie4_ip_gt_top_i/diablo_gt.diablo_gt_phy_wrapper/gt_wizard.gtwizard_top_i/bd_ab_bd_xdma_0_pcie4_ip_gt_i/inst/gen_gtwizard_gtye4_top.bd_ab_bd_xdma_0_pcie4_ip_gt_gtwizard_gtye4_inst/gen_gtwizard_gtye4.gen_cpll_cal_gtye4.gen_cpll_cal_inst[5].gen_inst_cpll_cal.gtwizard_ultrascale_v1_7_20_gtye4_cpll_cal_inst/gtwizard_ultrascale_v1_7_20_gtye4_cpll_cal_tx_i/U_TXOUTCLK_FREQ_COUNTER/rst_in_out
    SLICE_X107Y81        FDCE                                         f  bd_ab_i/bd_xdma/inst/pcie4_ip_i/inst/bd_ab_bd_xdma_0_pcie4_ip_gt_top_i/diablo_gt.diablo_gt_phy_wrapper/gt_wizard.gtwizard_top_i/bd_ab_bd_xdma_0_pcie4_ip_gt_i/inst/gen_gtwizard_gtye4_top.bd_ab_bd_xdma_0_pcie4_ip_gt_gtwizard_gtye4_inst/gen_gtwizard_gtye4.gen_cpll_cal_gtye4.gen_cpll_cal_inst[5].gen_inst_cpll_cal.gtwizard_ultrascale_v1_7_20_gtye4_cpll_cal_inst/gtwizard_ultrascale_v1_7_20_gtye4_cpll_cal_tx_i/U_TXOUTCLK_FREQ_COUNTER/testclk_cnt_reg[0]/CLR
  -------------------------------------------------------------------    -------------------

                         (clock bd_ab_i/bd_xdma/inst/pcie4_ip_i/inst/bd_ab_bd_xdma_0_pcie4_ip_gt_top_i/diablo_gt.diablo_gt_phy_wrapper/gt_wizard.gtwizard_top_i/bd_ab_bd_xdma_0_pcie4_ip_gt_i/inst/gen_gtwizard_gtye4_top.bd_ab_bd_xdma_0_pcie4_ip_gt_gtwizard_gtye4_inst/gen_gtwizard_gtye4.gen_cpll_cal_gtye4.gen_cpll_cal_inst[5].gen_inst_cpll_cal.gtwizard_ultrascale_v1_7_20_gtye4_cpll_cal_inst/gtwizard_ultrascale_v1_7_20_gtye4_cpll_cal_tx_i/bufg_gt_txoutclkmon_inst/O rise edge)
                                                      8.000     8.000 r  
    BUFG_GT_X0Y46        BUFG_GT                      0.000     8.000 r  bd_ab_i/bd_xdma/inst/pcie4_ip_i/inst/bd_ab_bd_xdma_0_pcie4_ip_gt_top_i/diablo_gt.diablo_gt_phy_wrapper/gt_wizard.gtwizard_top_i/bd_ab_bd_xdma_0_pcie4_ip_gt_i/inst/gen_gtwizard_gtye4_top.bd_ab_bd_xdma_0_pcie4_ip_gt_gtwizard_gtye4_inst/gen_gtwizard_gtye4.gen_cpll_cal_gtye4.gen_cpll_cal_inst[5].gen_inst_cpll_cal.gtwizard_ultrascale_v1_7_20_gtye4_cpll_cal_inst/gtwizard_ultrascale_v1_7_20_gtye4_cpll_cal_tx_i/bufg_gt_txoutclkmon_inst/O
    X3Y1 (CLOCK_ROOT)    net (fo=31, routed)          0.491     8.491    bd_ab_i/bd_xdma/inst/pcie4_ip_i/inst/bd_ab_bd_xdma_0_pcie4_ip_gt_top_i/diablo_gt.diablo_gt_phy_wrapper/gt_wizard.gtwizard_top_i/bd_ab_bd_xdma_0_pcie4_ip_gt_i/inst/gen_gtwizard_gtye4_top.bd_ab_bd_xdma_0_pcie4_ip_gt_gtwizard_gtye4_inst/gen_gtwizard_gtye4.gen_cpll_cal_gtye4.gen_cpll_cal_inst[5].gen_inst_cpll_cal.gtwizard_ultrascale_v1_7_20_gtye4_cpll_cal_inst/gtwizard_ultrascale_v1_7_20_gtye4_cpll_cal_tx_i/U_TXOUTCLK_FREQ_COUNTER/txoutclkmon
    SLICE_X107Y81        FDCE                                         r  bd_ab_i/bd_xdma/inst/pcie4_ip_i/inst/bd_ab_bd_xdma_0_pcie4_ip_gt_top_i/diablo_gt.diablo_gt_phy_wrapper/gt_wizard.gtwizard_top_i/bd_ab_bd_xdma_0_pcie4_ip_gt_i/inst/gen_gtwizard_gtye4_top.bd_ab_bd_xdma_0_pcie4_ip_gt_gtwizard_gtye4_inst/gen_gtwizard_gtye4.gen_cpll_cal_gtye4.gen_cpll_cal_inst[5].gen_inst_cpll_cal.gtwizard_ultrascale_v1_7_20_gtye4_cpll_cal_inst/gtwizard_ultrascale_v1_7_20_gtye4_cpll_cal_tx_i/U_TXOUTCLK_FREQ_COUNTER/testclk_cnt_reg[0]/C
                         clock pessimism              0.052     8.543    
                         clock uncertainty           -0.046     8.496    
    SLICE_X107Y81        FDCE (Recov_AFF_SLICEM_C_CLR)
                                                     -0.066     8.430    bd_ab_i/bd_xdma/inst/pcie4_ip_i/inst/bd_ab_bd_xdma_0_pcie4_ip_gt_top_i/diablo_gt.diablo_gt_phy_wrapper/gt_wizard.gtwizard_top_i/bd_ab_bd_xdma_0_pcie4_ip_gt_i/inst/gen_gtwizard_gtye4_top.bd_ab_bd_xdma_0_pcie4_ip_gt_gtwizard_gtye4_inst/gen_gtwizard_gtye4.gen_cpll_cal_gtye4.gen_cpll_cal_inst[5].gen_inst_cpll_cal.gtwizard_ultrascale_v1_7_20_gtye4_cpll_cal_inst/gtwizard_ultrascale_v1_7_20_gtye4_cpll_cal_tx_i/U_TXOUTCLK_FREQ_COUNTER/testclk_cnt_reg[0]
  -------------------------------------------------------------------
                         required time                          8.430    
                         arrival time                          -1.012    
  -------------------------------------------------------------------
                         slack                                  7.418    





Min Delay Paths
--------------------------------------------------------------------------------------
Slack (MET) :             0.165ns  (arrival time - required time)
  Source:                 bd_ab_i/bd_xdma/inst/pcie4_ip_i/inst/bd_ab_bd_xdma_0_pcie4_ip_gt_top_i/diablo_gt.diablo_gt_phy_wrapper/gt_wizard.gtwizard_top_i/bd_ab_bd_xdma_0_pcie4_ip_gt_i/inst/gen_gtwizard_gtye4_top.bd_ab_bd_xdma_0_pcie4_ip_gt_gtwizard_gtye4_inst/gen_gtwizard_gtye4.gen_cpll_cal_gtye4.gen_cpll_cal_inst[5].gen_inst_cpll_cal.gtwizard_ultrascale_v1_7_20_gtye4_cpll_cal_inst/gtwizard_ultrascale_v1_7_20_gtye4_cpll_cal_tx_i/U_TXOUTCLK_FREQ_COUNTER/reset_synchronizer_testclk_rst_inst/rst_in_out_reg/C
                            (rising edge-triggered cell FDPE clocked by bd_ab_i/bd_xdma/inst/pcie4_ip_i/inst/bd_ab_bd_xdma_0_pcie4_ip_gt_top_i/diablo_gt.diablo_gt_phy_wrapper/gt_wizard.gtwizard_top_i/bd_ab_bd_xdma_0_pcie4_ip_gt_i/inst/gen_gtwizard_gtye4_top.bd_ab_bd_xdma_0_pcie4_ip_gt_gtwizard_gtye4_inst/gen_gtwizard_gtye4.gen_cpll_cal_gtye4.gen_cpll_cal_inst[5].gen_inst_cpll_cal.gtwizard_ultrascale_v1_7_20_gtye4_cpll_cal_inst/gtwizard_ultrascale_v1_7_20_gtye4_cpll_cal_tx_i/bufg_gt_txoutclkmon_inst/O  {rise@0.000ns fall@4.000ns period=8.000ns})
  Destination:            bd_ab_i/bd_xdma/inst/pcie4_ip_i/inst/bd_ab_bd_xdma_0_pcie4_ip_gt_top_i/diablo_gt.diablo_gt_phy_wrapper/gt_wizard.gtwizard_top_i/bd_ab_bd_xdma_0_pcie4_ip_gt_i/inst/gen_gtwizard_gtye4_top.bd_ab_bd_xdma_0_pcie4_ip_gt_gtwizard_gtye4_inst/gen_gtwizard_gtye4.gen_cpll_cal_gtye4.gen_cpll_cal_inst[5].gen_inst_cpll_cal.gtwizard_ultrascale_v1_7_20_gtye4_cpll_cal_inst/gtwizard_ultrascale_v1_7_20_gtye4_cpll_cal_tx_i/U_TXOUTCLK_FREQ_COUNTER/testclk_cnt_reg[10]/CLR
                            (removal check against rising-edge clock bd_ab_i/bd_xdma/inst/pcie4_ip_i/inst/bd_ab_bd_xdma_0_pcie4_ip_gt_top_i/diablo_gt.diablo_gt_phy_wrapper/gt_wizard.gtwizard_top_i/bd_ab_bd_xdma_0_pcie4_ip_gt_i/inst/gen_gtwizard_gtye4_top.bd_ab_bd_xdma_0_pcie4_ip_gt_gtwizard_gtye4_inst/gen_gtwizard_gtye4.gen_cpll_cal_gtye4.gen_cpll_cal_inst[5].gen_inst_cpll_cal.gtwizard_ultrascale_v1_7_20_gtye4_cpll_cal_inst/gtwizard_ultrascale_v1_7_20_gtye4_cpll_cal_tx_i/bufg_gt_txoutclkmon_inst/O  {rise@0.000ns fall@4.000ns period=8.000ns})
  Path Group:             **async_default**
  Path Type:              Removal (Min at Fast Process Corner)
  Requirement:            0.000ns  (bd_ab_i/bd_xdma/inst/pcie4_ip_i/inst/bd_ab_bd_xdma_0_pcie4_ip_gt_top_i/diablo_gt.diablo_gt_phy_wrapper/gt_wizard.gtwizard_top_i/bd_ab_bd_xdma_0_pcie4_ip_gt_i/inst/gen_gtwizard_gtye4_top.bd_ab_bd_xdma_0_pcie4_ip_gt_gtwizard_gtye4_inst/gen_gtwizard_gtye4.gen_cpll_cal_gtye4.gen_cpll_cal_inst[5].gen_inst_cpll_cal.gtwizard_ultrascale_v1_7_20_gtye4_cpll_cal_inst/gtwizard_ultrascale_v1_7_20_gtye4_cpll_cal_tx_i/bufg_gt_txoutclkmon_inst/O rise@0.000ns - bd_ab_i/bd_xdma/inst/pcie4_ip_i/inst/bd_ab_bd_xdma_0_pcie4_ip_gt_top_i/diablo_gt.diablo_gt_phy_wrapper/gt_wizard.gtwizard_top_i/bd_ab_bd_xdma_0_pcie4_ip_gt_i/inst/gen_gtwizard_gtye4_top.bd_ab_bd_xdma_0_pcie4_ip_gt_gtwizard_gtye4_inst/gen_gtwizard_gtye4.gen_cpll_cal_gtye4.gen_cpll_cal_inst[5].gen_inst_cpll_cal.gtwizard_ultrascale_v1_7_20_gtye4_cpll_cal_inst/gtwizard_ultrascale_v1_7_20_gtye4_cpll_cal_tx_i/bufg_gt_txoutclkmon_inst/O rise@0.000ns)
  Data Path Delay:        0.173ns  (logic 0.038ns (21.987%)  route 0.135ns (78.013%))
  Logic Levels:           0  
  Clock Path Skew:        0.028ns (DCD - SCD - CPR)
    Destination Clock Delay (DCD):    0.377ns
    Source Clock Delay      (SCD):    0.320ns
    Clock Pessimism Removal (CPR):    0.030ns
  Clock Net Delay (Source):      0.320ns (routing 0.001ns, distribution 0.319ns)
  Clock Net Delay (Destination): 0.377ns (routing 0.001ns, distribution 0.376ns)

    Location             Delay type                Incr(ns)  Path(ns)    Netlist Resource(s)
  -------------------------------------------------------------------    -------------------
                         (clock bd_ab_i/bd_xdma/inst/pcie4_ip_i/inst/bd_ab_bd_xdma_0_pcie4_ip_gt_top_i/diablo_gt.diablo_gt_phy_wrapper/gt_wizard.gtwizard_top_i/bd_ab_bd_xdma_0_pcie4_ip_gt_i/inst/gen_gtwizard_gtye4_top.bd_ab_bd_xdma_0_pcie4_ip_gt_gtwizard_gtye4_inst/gen_gtwizard_gtye4.gen_cpll_cal_gtye4.gen_cpll_cal_inst[5].gen_inst_cpll_cal.gtwizard_ultrascale_v1_7_20_gtye4_cpll_cal_inst/gtwizard_ultrascale_v1_7_20_gtye4_cpll_cal_tx_i/bufg_gt_txoutclkmon_inst/O rise edge)
                                                      0.000     0.000 r  
    BUFG_GT_X0Y46        BUFG_GT                      0.000     0.000 r  bd_ab_i/bd_xdma/inst/pcie4_ip_i/inst/bd_ab_bd_xdma_0_pcie4_ip_gt_top_i/diablo_gt.diablo_gt_phy_wrapper/gt_wizard.gtwizard_top_i/bd_ab_bd_xdma_0_pcie4_ip_gt_i/inst/gen_gtwizard_gtye4_top.bd_ab_bd_xdma_0_pcie4_ip_gt_gtwizard_gtye4_inst/gen_gtwizard_gtye4.gen_cpll_cal_gtye4.gen_cpll_cal_inst[5].gen_inst_cpll_cal.gtwizard_ultrascale_v1_7_20_gtye4_cpll_cal_inst/gtwizard_ultrascale_v1_7_20_gtye4_cpll_cal_tx_i/bufg_gt_txoutclkmon_inst/O
    X3Y1 (CLOCK_ROOT)    net (fo=31, routed)          0.320     0.320    bd_ab_i/bd_xdma/inst/pcie4_ip_i/inst/bd_ab_bd_xdma_0_pcie4_ip_gt_top_i/diablo_gt.diablo_gt_phy_wrapper/gt_wizard.gtwizard_top_i/bd_ab_bd_xdma_0_pcie4_ip_gt_i/inst/gen_gtwizard_gtye4_top.bd_ab_bd_xdma_0_pcie4_ip_gt_gtwizard_gtye4_inst/gen_gtwizard_gtye4.gen_cpll_cal_gtye4.gen_cpll_cal_inst[5].gen_inst_cpll_cal.gtwizard_ultrascale_v1_7_20_gtye4_cpll_cal_inst/gtwizard_ultrascale_v1_7_20_gtye4_cpll_cal_tx_i/U_TXOUTCLK_FREQ_COUNTER/reset_synchronizer_testclk_rst_inst/txoutclkmon
    SLICE_X107Y80        FDPE                                         r  bd_ab_i/bd_xdma/inst/pcie4_ip_i/inst/bd_ab_bd_xdma_0_pcie4_ip_gt_top_i/diablo_gt.diablo_gt_phy_wrapper/gt_wizard.gtwizard_top_i/bd_ab_bd_xdma_0_pcie4_ip_gt_i/inst/gen_gtwizard_gtye4_top.bd_ab_bd_xdma_0_pcie4_ip_gt_gtwizard_gtye4_inst/gen_gtwizard_gtye4.gen_cpll_cal_gtye4.gen_cpll_cal_inst[5].gen_inst_cpll_cal.gtwizard_ultrascale_v1_7_20_gtye4_cpll_cal_inst/gtwizard_ultrascale_v1_7_20_gtye4_cpll_cal_tx_i/U_TXOUTCLK_FREQ_COUNTER/reset_synchronizer_testclk_rst_inst/rst_in_out_reg/C
  -------------------------------------------------------------------    -------------------
    SLICE_X107Y80        FDPE (Prop_EFF_SLICEM_C_Q)
                                                      0.038     0.358 f  bd_ab_i/bd_xdma/inst/pcie4_ip_i/inst/bd_ab_bd_xdma_0_pcie4_ip_gt_top_i/diablo_gt.diablo_gt_phy_wrapper/gt_wizard.gtwizard_top_i/bd_ab_bd_xdma_0_pcie4_ip_gt_i/inst/gen_gtwizard_gtye4_top.bd_ab_bd_xdma_0_pcie4_ip_gt_gtwizard_gtye4_inst/gen_gtwizard_gtye4.gen_cpll_cal_gtye4.gen_cpll_cal_inst[5].gen_inst_cpll_cal.gtwizard_ultrascale_v1_7_20_gtye4_cpll_cal_inst/gtwizard_ultrascale_v1_7_20_gtye4_cpll_cal_tx_i/U_TXOUTCLK_FREQ_COUNTER/reset_synchronizer_testclk_rst_inst/rst_in_out_reg/Q
                         net (fo=18, routed)          0.135     0.493    bd_ab_i/bd_xdma/inst/pcie4_ip_i/inst/bd_ab_bd_xdma_0_pcie4_ip_gt_top_i/diablo_gt.diablo_gt_phy_wrapper/gt_wizard.gtwizard_top_i/bd_ab_bd_xdma_0_pcie4_ip_gt_i/inst/gen_gtwizard_gtye4_top.bd_ab_bd_xdma_0_pcie4_ip_gt_gtwizard_gtye4_inst/gen_gtwizard_gtye4.gen_cpll_cal_gtye4.gen_cpll_cal_inst[5].gen_inst_cpll_cal.gtwizard_ultrascale_v1_7_20_gtye4_cpll_cal_inst/gtwizard_ultrascale_v1_7_20_gtye4_cpll_cal_tx_i/U_TXOUTCLK_FREQ_COUNTER/rst_in_out
    SLICE_X107Y82        FDCE                                         f  bd_ab_i/bd_xdma/inst/pcie4_ip_i/inst/bd_ab_bd_xdma_0_pcie4_ip_gt_top_i/diablo_gt.diablo_gt_phy_wrapper/gt_wizard.gtwizard_top_i/bd_ab_bd_xdma_0_pcie4_ip_gt_i/inst/gen_gtwizard_gtye4_top.bd_ab_bd_xdma_0_pcie4_ip_gt_gtwizard_gtye4_inst/gen_gtwizard_gtye4.gen_cpll_cal_gtye4.gen_cpll_cal_inst[5].gen_inst_cpll_cal.gtwizard_ultrascale_v1_7_20_gtye4_cpll_cal_inst/gtwizard_ultrascale_v1_7_20_gtye4_cpll_cal_tx_i/U_TXOUTCLK_FREQ_COUNTER/testclk_cnt_reg[10]/CLR
  -------------------------------------------------------------------    -------------------

                         (clock bd_ab_i/bd_xdma/inst/pcie4_ip_i/inst/bd_ab_bd_xdma_0_pcie4_ip_gt_top_i/diablo_gt.diablo_gt_phy_wrapper/gt_wizard.gtwizard_top_i/bd_ab_bd_xdma_0_pcie4_ip_gt_i/inst/gen_gtwizard_gtye4_top.bd_ab_bd_xdma_0_pcie4_ip_gt_gtwizard_gtye4_inst/gen_gtwizard_gtye4.gen_cpll_cal_gtye4.gen_cpll_cal_inst[5].gen_inst_cpll_cal.gtwizard_ultrascale_v1_7_20_gtye4_cpll_cal_inst/gtwizard_ultrascale_v1_7_20_gtye4_cpll_cal_tx_i/bufg_gt_txoutclkmon_inst/O rise edge)
                                                      0.000     0.000 r  
    BUFG_GT_X0Y46        BUFG_GT                      0.000     0.000 r  bd_ab_i/bd_xdma/inst/pcie4_ip_i/inst/bd_ab_bd_xdma_0_pcie4_ip_gt_top_i/diablo_gt.diablo_gt_phy_wrapper/gt_wizard.gtwizard_top_i/bd_ab_bd_xdma_0_pcie4_ip_gt_i/inst/gen_gtwizard_gtye4_top.bd_ab_bd_xdma_0_pcie4_ip_gt_gtwizard_gtye4_inst/gen_gtwizard_gtye4.gen_cpll_cal_gtye4.gen_cpll_cal_inst[5].gen_inst_cpll_cal.gtwizard_ultrascale_v1_7_20_gtye4_cpll_cal_inst/gtwizard_ultrascale_v1_7_20_gtye4_cpll_cal_tx_i/bufg_gt_txoutclkmon_inst/O
    X3Y1 (CLOCK_ROOT)    net (fo=31, routed)          0.377     0.377    bd_ab_i/bd_xdma/inst/pcie4_ip_i/inst/bd_ab_bd_xdma_0_pcie4_ip_gt_top_i/diablo_gt.diablo_gt_phy_wrapper/gt_wizard.gtwizard_top_i/bd_ab_bd_xdma_0_pcie4_ip_gt_i/inst/gen_gtwizard_gtye4_top.bd_ab_bd_xdma_0_pcie4_ip_gt_gtwizard_gtye4_inst/gen_gtwizard_gtye4.gen_cpll_cal_gtye4.gen_cpll_cal_inst[5].gen_inst_cpll_cal.gtwizard_ultrascale_v1_7_20_gtye4_cpll_cal_inst/gtwizard_ultrascale_v1_7_20_gtye4_cpll_cal_tx_i/U_TXOUTCLK_FREQ_COUNTER/txoutclkmon
    SLICE_X107Y82        FDCE                                         r  bd_ab_i/bd_xdma/inst/pcie4_ip_i/inst/bd_ab_bd_xdma_0_pcie4_ip_gt_top_i/diablo_gt.diablo_gt_phy_wrapper/gt_wizard.gtwizard_top_i/bd_ab_bd_xdma_0_pcie4_ip_gt_i/inst/gen_gtwizard_gtye4_top.bd_ab_bd_xdma_0_pcie4_ip_gt_gtwizard_gtye4_inst/gen_gtwizard_gtye4.gen_cpll_cal_gtye4.gen_cpll_cal_inst[5].gen_inst_cpll_cal.gtwizard_ultrascale_v1_7_20_gtye4_cpll_cal_inst/gtwizard_ultrascale_v1_7_20_gtye4_cpll_cal_tx_i/U_TXOUTCLK_FREQ_COUNTER/testclk_cnt_reg[10]/C
                         clock pessimism             -0.030     0.348    
    SLICE_X107Y82        FDCE (Remov_CFF_SLICEM_C_CLR)
                                                     -0.020     0.328    bd_ab_i/bd_xdma/inst/pcie4_ip_i/inst/bd_ab_bd_xdma_0_pcie4_ip_gt_top_i/diablo_gt.diablo_gt_phy_wrapper/gt_wizard.gtwizard_top_i/bd_ab_bd_xdma_0_pcie4_ip_gt_i/inst/gen_gtwizard_gtye4_top.bd_ab_bd_xdma_0_pcie4_ip_gt_gtwizard_gtye4_inst/gen_gtwizard_gtye4.gen_cpll_cal_gtye4.gen_cpll_cal_inst[5].gen_inst_cpll_cal.gtwizard_ultrascale_v1_7_20_gtye4_cpll_cal_inst/gtwizard_ultrascale_v1_7_20_gtye4_cpll_cal_tx_i/U_TXOUTCLK_FREQ_COUNTER/testclk_cnt_reg[10]
  -------------------------------------------------------------------
                         required time                         -0.328    
                         arrival time                           0.493    
  -------------------------------------------------------------------
                         slack                                  0.165    





---------------------------------------------------------------------------------------------------
Path Group:  **async_default**
From Clock:  bd_ab_i/bd_xdma/inst/pcie4_ip_i/inst/bd_ab_bd_xdma_0_pcie4_ip_gt_top_i/diablo_gt.diablo_gt_phy_wrapper/gt_wizard.gtwizard_top_i/bd_ab_bd_xdma_0_pcie4_ip_gt_i/inst/gen_gtwizard_gtye4_top.bd_ab_bd_xdma_0_pcie4_ip_gt_gtwizard_gtye4_inst/gen_gtwizard_gtye4.gen_cpll_cal_gtye4.gen_cpll_cal_inst[6].gen_inst_cpll_cal.gtwizard_ultrascale_v1_7_20_gtye4_cpll_cal_inst/gtwizard_ultrascale_v1_7_20_gtye4_cpll_cal_tx_i/bufg_gt_txoutclkmon_inst/O
  To Clock:  bd_ab_i/bd_xdma/inst/pcie4_ip_i/inst/bd_ab_bd_xdma_0_pcie4_ip_gt_top_i/diablo_gt.diablo_gt_phy_wrapper/gt_wizard.gtwizard_top_i/bd_ab_bd_xdma_0_pcie4_ip_gt_i/inst/gen_gtwizard_gtye4_top.bd_ab_bd_xdma_0_pcie4_ip_gt_gtwizard_gtye4_inst/gen_gtwizard_gtye4.gen_cpll_cal_gtye4.gen_cpll_cal_inst[6].gen_inst_cpll_cal.gtwizard_ultrascale_v1_7_20_gtye4_cpll_cal_inst/gtwizard_ultrascale_v1_7_20_gtye4_cpll_cal_tx_i/bufg_gt_txoutclkmon_inst/O

Setup :            0  Failing Endpoints,  Worst Slack        7.307ns,  Total Violation        0.000ns
Hold  :            0  Failing Endpoints,  Worst Slack        0.144ns,  Total Violation        0.000ns
---------------------------------------------------------------------------------------------------


Max Delay Paths
--------------------------------------------------------------------------------------
Slack (MET) :             7.307ns  (required time - arrival time)
  Source:                 bd_ab_i/bd_xdma/inst/pcie4_ip_i/inst/bd_ab_bd_xdma_0_pcie4_ip_gt_top_i/diablo_gt.diablo_gt_phy_wrapper/gt_wizard.gtwizard_top_i/bd_ab_bd_xdma_0_pcie4_ip_gt_i/inst/gen_gtwizard_gtye4_top.bd_ab_bd_xdma_0_pcie4_ip_gt_gtwizard_gtye4_inst/gen_gtwizard_gtye4.gen_cpll_cal_gtye4.gen_cpll_cal_inst[6].gen_inst_cpll_cal.gtwizard_ultrascale_v1_7_20_gtye4_cpll_cal_inst/gtwizard_ultrascale_v1_7_20_gtye4_cpll_cal_tx_i/U_TXOUTCLK_FREQ_COUNTER/reset_synchronizer_testclk_rst_inst/rst_in_out_reg/C
                            (rising edge-triggered cell FDPE clocked by bd_ab_i/bd_xdma/inst/pcie4_ip_i/inst/bd_ab_bd_xdma_0_pcie4_ip_gt_top_i/diablo_gt.diablo_gt_phy_wrapper/gt_wizard.gtwizard_top_i/bd_ab_bd_xdma_0_pcie4_ip_gt_i/inst/gen_gtwizard_gtye4_top.bd_ab_bd_xdma_0_pcie4_ip_gt_gtwizard_gtye4_inst/gen_gtwizard_gtye4.gen_cpll_cal_gtye4.gen_cpll_cal_inst[6].gen_inst_cpll_cal.gtwizard_ultrascale_v1_7_20_gtye4_cpll_cal_inst/gtwizard_ultrascale_v1_7_20_gtye4_cpll_cal_tx_i/bufg_gt_txoutclkmon_inst/O  {rise@0.000ns fall@4.000ns period=8.000ns})
  Destination:            bd_ab_i/bd_xdma/inst/pcie4_ip_i/inst/bd_ab_bd_xdma_0_pcie4_ip_gt_top_i/diablo_gt.diablo_gt_phy_wrapper/gt_wizard.gtwizard_top_i/bd_ab_bd_xdma_0_pcie4_ip_gt_i/inst/gen_gtwizard_gtye4_top.bd_ab_bd_xdma_0_pcie4_ip_gt_gtwizard_gtye4_inst/gen_gtwizard_gtye4.gen_cpll_cal_gtye4.gen_cpll_cal_inst[6].gen_inst_cpll_cal.gtwizard_ultrascale_v1_7_20_gtye4_cpll_cal_inst/gtwizard_ultrascale_v1_7_20_gtye4_cpll_cal_tx_i/U_TXOUTCLK_FREQ_COUNTER/testclk_cnt_reg[16]/CLR
                            (recovery check against rising-edge clock bd_ab_i/bd_xdma/inst/pcie4_ip_i/inst/bd_ab_bd_xdma_0_pcie4_ip_gt_top_i/diablo_gt.diablo_gt_phy_wrapper/gt_wizard.gtwizard_top_i/bd_ab_bd_xdma_0_pcie4_ip_gt_i/inst/gen_gtwizard_gtye4_top.bd_ab_bd_xdma_0_pcie4_ip_gt_gtwizard_gtye4_inst/gen_gtwizard_gtye4.gen_cpll_cal_gtye4.gen_cpll_cal_inst[6].gen_inst_cpll_cal.gtwizard_ultrascale_v1_7_20_gtye4_cpll_cal_inst/gtwizard_ultrascale_v1_7_20_gtye4_cpll_cal_tx_i/bufg_gt_txoutclkmon_inst/O  {rise@0.000ns fall@4.000ns period=8.000ns})
  Path Group:             **async_default**
  Path Type:              Recovery (Max at Slow Process Corner)
  Requirement:            8.000ns  (bd_ab_i/bd_xdma/inst/pcie4_ip_i/inst/bd_ab_bd_xdma_0_pcie4_ip_gt_top_i/diablo_gt.diablo_gt_phy_wrapper/gt_wizard.gtwizard_top_i/bd_ab_bd_xdma_0_pcie4_ip_gt_i/inst/gen_gtwizard_gtye4_top.bd_ab_bd_xdma_0_pcie4_ip_gt_gtwizard_gtye4_inst/gen_gtwizard_gtye4.gen_cpll_cal_gtye4.gen_cpll_cal_inst[6].gen_inst_cpll_cal.gtwizard_ultrascale_v1_7_20_gtye4_cpll_cal_inst/gtwizard_ultrascale_v1_7_20_gtye4_cpll_cal_tx_i/bufg_gt_txoutclkmon_inst/O rise@8.000ns - bd_ab_i/bd_xdma/inst/pcie4_ip_i/inst/bd_ab_bd_xdma_0_pcie4_ip_gt_top_i/diablo_gt.diablo_gt_phy_wrapper/gt_wizard.gtwizard_top_i/bd_ab_bd_xdma_0_pcie4_ip_gt_i/inst/gen_gtwizard_gtye4_top.bd_ab_bd_xdma_0_pcie4_ip_gt_gtwizard_gtye4_inst/gen_gtwizard_gtye4.gen_cpll_cal_gtye4.gen_cpll_cal_inst[6].gen_inst_cpll_cal.gtwizard_ultrascale_v1_7_20_gtye4_cpll_cal_inst/gtwizard_ultrascale_v1_7_20_gtye4_cpll_cal_tx_i/bufg_gt_txoutclkmon_inst/O rise@0.000ns)
  Data Path Delay:        0.490ns  (logic 0.076ns (15.497%)  route 0.414ns (84.503%))
  Logic Levels:           0  
  Clock Path Skew:        -0.090ns (DCD - SCD + CPR)
    Destination Clock Delay (DCD):    0.475ns = ( 8.475 - 8.000 ) 
    Source Clock Delay      (SCD):    0.566ns
    Clock Pessimism Removal (CPR):    0.002ns
  Clock Uncertainty:      0.046ns  ((TSJ^2 + DJ^2)^1/2) / 2 + PE
    Total System Jitter     (TSJ):    0.071ns
    Discrete Jitter          (DJ):    0.060ns
    Phase Error              (PE):    0.000ns
  Clock Net Delay (Source):      0.566ns (routing 0.002ns, distribution 0.564ns)
  Clock Net Delay (Destination): 0.475ns (routing 0.001ns, distribution 0.474ns)

    Location             Delay type                Incr(ns)  Path(ns)    Netlist Resource(s)
  -------------------------------------------------------------------    -------------------
                         (clock bd_ab_i/bd_xdma/inst/pcie4_ip_i/inst/bd_ab_bd_xdma_0_pcie4_ip_gt_top_i/diablo_gt.diablo_gt_phy_wrapper/gt_wizard.gtwizard_top_i/bd_ab_bd_xdma_0_pcie4_ip_gt_i/inst/gen_gtwizard_gtye4_top.bd_ab_bd_xdma_0_pcie4_ip_gt_gtwizard_gtye4_inst/gen_gtwizard_gtye4.gen_cpll_cal_gtye4.gen_cpll_cal_inst[6].gen_inst_cpll_cal.gtwizard_ultrascale_v1_7_20_gtye4_cpll_cal_inst/gtwizard_ultrascale_v1_7_20_gtye4_cpll_cal_tx_i/bufg_gt_txoutclkmon_inst/O rise edge)
                                                      0.000     0.000 r  
    BUFG_GT_X0Y45        BUFG_GT                      0.000     0.000 r  bd_ab_i/bd_xdma/inst/pcie4_ip_i/inst/bd_ab_bd_xdma_0_pcie4_ip_gt_top_i/diablo_gt.diablo_gt_phy_wrapper/gt_wizard.gtwizard_top_i/bd_ab_bd_xdma_0_pcie4_ip_gt_i/inst/gen_gtwizard_gtye4_top.bd_ab_bd_xdma_0_pcie4_ip_gt_gtwizard_gtye4_inst/gen_gtwizard_gtye4.gen_cpll_cal_gtye4.gen_cpll_cal_inst[6].gen_inst_cpll_cal.gtwizard_ultrascale_v1_7_20_gtye4_cpll_cal_inst/gtwizard_ultrascale_v1_7_20_gtye4_cpll_cal_tx_i/bufg_gt_txoutclkmon_inst/O
    X3Y1 (CLOCK_ROOT)    net (fo=31, routed)          0.566     0.566    bd_ab_i/bd_xdma/inst/pcie4_ip_i/inst/bd_ab_bd_xdma_0_pcie4_ip_gt_top_i/diablo_gt.diablo_gt_phy_wrapper/gt_wizard.gtwizard_top_i/bd_ab_bd_xdma_0_pcie4_ip_gt_i/inst/gen_gtwizard_gtye4_top.bd_ab_bd_xdma_0_pcie4_ip_gt_gtwizard_gtye4_inst/gen_gtwizard_gtye4.gen_cpll_cal_gtye4.gen_cpll_cal_inst[6].gen_inst_cpll_cal.gtwizard_ultrascale_v1_7_20_gtye4_cpll_cal_inst/gtwizard_ultrascale_v1_7_20_gtye4_cpll_cal_tx_i/U_TXOUTCLK_FREQ_COUNTER/reset_synchronizer_testclk_rst_inst/txoutclkmon
    SLICE_X106Y91        FDPE                                         r  bd_ab_i/bd_xdma/inst/pcie4_ip_i/inst/bd_ab_bd_xdma_0_pcie4_ip_gt_top_i/diablo_gt.diablo_gt_phy_wrapper/gt_wizard.gtwizard_top_i/bd_ab_bd_xdma_0_pcie4_ip_gt_i/inst/gen_gtwizard_gtye4_top.bd_ab_bd_xdma_0_pcie4_ip_gt_gtwizard_gtye4_inst/gen_gtwizard_gtye4.gen_cpll_cal_gtye4.gen_cpll_cal_inst[6].gen_inst_cpll_cal.gtwizard_ultrascale_v1_7_20_gtye4_cpll_cal_inst/gtwizard_ultrascale_v1_7_20_gtye4_cpll_cal_tx_i/U_TXOUTCLK_FREQ_COUNTER/reset_synchronizer_testclk_rst_inst/rst_in_out_reg/C
  -------------------------------------------------------------------    -------------------
    SLICE_X106Y91        FDPE (Prop_EFF_SLICEM_C_Q)
                                                      0.076     0.642 f  bd_ab_i/bd_xdma/inst/pcie4_ip_i/inst/bd_ab_bd_xdma_0_pcie4_ip_gt_top_i/diablo_gt.diablo_gt_phy_wrapper/gt_wizard.gtwizard_top_i/bd_ab_bd_xdma_0_pcie4_ip_gt_i/inst/gen_gtwizard_gtye4_top.bd_ab_bd_xdma_0_pcie4_ip_gt_gtwizard_gtye4_inst/gen_gtwizard_gtye4.gen_cpll_cal_gtye4.gen_cpll_cal_inst[6].gen_inst_cpll_cal.gtwizard_ultrascale_v1_7_20_gtye4_cpll_cal_inst/gtwizard_ultrascale_v1_7_20_gtye4_cpll_cal_tx_i/U_TXOUTCLK_FREQ_COUNTER/reset_synchronizer_testclk_rst_inst/rst_in_out_reg/Q
                         net (fo=18, routed)          0.414     1.057    bd_ab_i/bd_xdma/inst/pcie4_ip_i/inst/bd_ab_bd_xdma_0_pcie4_ip_gt_top_i/diablo_gt.diablo_gt_phy_wrapper/gt_wizard.gtwizard_top_i/bd_ab_bd_xdma_0_pcie4_ip_gt_i/inst/gen_gtwizard_gtye4_top.bd_ab_bd_xdma_0_pcie4_ip_gt_gtwizard_gtye4_inst/gen_gtwizard_gtye4.gen_cpll_cal_gtye4.gen_cpll_cal_inst[6].gen_inst_cpll_cal.gtwizard_ultrascale_v1_7_20_gtye4_cpll_cal_inst/gtwizard_ultrascale_v1_7_20_gtye4_cpll_cal_tx_i/U_TXOUTCLK_FREQ_COUNTER/rst_in_out
    SLICE_X107Y92        FDCE                                         f  bd_ab_i/bd_xdma/inst/pcie4_ip_i/inst/bd_ab_bd_xdma_0_pcie4_ip_gt_top_i/diablo_gt.diablo_gt_phy_wrapper/gt_wizard.gtwizard_top_i/bd_ab_bd_xdma_0_pcie4_ip_gt_i/inst/gen_gtwizard_gtye4_top.bd_ab_bd_xdma_0_pcie4_ip_gt_gtwizard_gtye4_inst/gen_gtwizard_gtye4.gen_cpll_cal_gtye4.gen_cpll_cal_inst[6].gen_inst_cpll_cal.gtwizard_ultrascale_v1_7_20_gtye4_cpll_cal_inst/gtwizard_ultrascale_v1_7_20_gtye4_cpll_cal_tx_i/U_TXOUTCLK_FREQ_COUNTER/testclk_cnt_reg[16]/CLR
  -------------------------------------------------------------------    -------------------

                         (clock bd_ab_i/bd_xdma/inst/pcie4_ip_i/inst/bd_ab_bd_xdma_0_pcie4_ip_gt_top_i/diablo_gt.diablo_gt_phy_wrapper/gt_wizard.gtwizard_top_i/bd_ab_bd_xdma_0_pcie4_ip_gt_i/inst/gen_gtwizard_gtye4_top.bd_ab_bd_xdma_0_pcie4_ip_gt_gtwizard_gtye4_inst/gen_gtwizard_gtye4.gen_cpll_cal_gtye4.gen_cpll_cal_inst[6].gen_inst_cpll_cal.gtwizard_ultrascale_v1_7_20_gtye4_cpll_cal_inst/gtwizard_ultrascale_v1_7_20_gtye4_cpll_cal_tx_i/bufg_gt_txoutclkmon_inst/O rise edge)
                                                      8.000     8.000 r  
    BUFG_GT_X0Y45        BUFG_GT                      0.000     8.000 r  bd_ab_i/bd_xdma/inst/pcie4_ip_i/inst/bd_ab_bd_xdma_0_pcie4_ip_gt_top_i/diablo_gt.diablo_gt_phy_wrapper/gt_wizard.gtwizard_top_i/bd_ab_bd_xdma_0_pcie4_ip_gt_i/inst/gen_gtwizard_gtye4_top.bd_ab_bd_xdma_0_pcie4_ip_gt_gtwizard_gtye4_inst/gen_gtwizard_gtye4.gen_cpll_cal_gtye4.gen_cpll_cal_inst[6].gen_inst_cpll_cal.gtwizard_ultrascale_v1_7_20_gtye4_cpll_cal_inst/gtwizard_ultrascale_v1_7_20_gtye4_cpll_cal_tx_i/bufg_gt_txoutclkmon_inst/O
    X3Y1 (CLOCK_ROOT)    net (fo=31, routed)          0.475     8.475    bd_ab_i/bd_xdma/inst/pcie4_ip_i/inst/bd_ab_bd_xdma_0_pcie4_ip_gt_top_i/diablo_gt.diablo_gt_phy_wrapper/gt_wizard.gtwizard_top_i/bd_ab_bd_xdma_0_pcie4_ip_gt_i/inst/gen_gtwizard_gtye4_top.bd_ab_bd_xdma_0_pcie4_ip_gt_gtwizard_gtye4_inst/gen_gtwizard_gtye4.gen_cpll_cal_gtye4.gen_cpll_cal_inst[6].gen_inst_cpll_cal.gtwizard_ultrascale_v1_7_20_gtye4_cpll_cal_inst/gtwizard_ultrascale_v1_7_20_gtye4_cpll_cal_tx_i/U_TXOUTCLK_FREQ_COUNTER/txoutclkmon
    SLICE_X107Y92        FDCE                                         r  bd_ab_i/bd_xdma/inst/pcie4_ip_i/inst/bd_ab_bd_xdma_0_pcie4_ip_gt_top_i/diablo_gt.diablo_gt_phy_wrapper/gt_wizard.gtwizard_top_i/bd_ab_bd_xdma_0_pcie4_ip_gt_i/inst/gen_gtwizard_gtye4_top.bd_ab_bd_xdma_0_pcie4_ip_gt_gtwizard_gtye4_inst/gen_gtwizard_gtye4.gen_cpll_cal_gtye4.gen_cpll_cal_inst[6].gen_inst_cpll_cal.gtwizard_ultrascale_v1_7_20_gtye4_cpll_cal_inst/gtwizard_ultrascale_v1_7_20_gtye4_cpll_cal_tx_i/U_TXOUTCLK_FREQ_COUNTER/testclk_cnt_reg[16]/C
                         clock pessimism              0.002     8.477    
                         clock uncertainty           -0.046     8.430    
    SLICE_X107Y92        FDCE (Recov_AFF_SLICEM_C_CLR)
                                                     -0.066     8.364    bd_ab_i/bd_xdma/inst/pcie4_ip_i/inst/bd_ab_bd_xdma_0_pcie4_ip_gt_top_i/diablo_gt.diablo_gt_phy_wrapper/gt_wizard.gtwizard_top_i/bd_ab_bd_xdma_0_pcie4_ip_gt_i/inst/gen_gtwizard_gtye4_top.bd_ab_bd_xdma_0_pcie4_ip_gt_gtwizard_gtye4_inst/gen_gtwizard_gtye4.gen_cpll_cal_gtye4.gen_cpll_cal_inst[6].gen_inst_cpll_cal.gtwizard_ultrascale_v1_7_20_gtye4_cpll_cal_inst/gtwizard_ultrascale_v1_7_20_gtye4_cpll_cal_tx_i/U_TXOUTCLK_FREQ_COUNTER/testclk_cnt_reg[16]
  -------------------------------------------------------------------
                         required time                          8.364    
                         arrival time                          -1.057    
  -------------------------------------------------------------------
                         slack                                  7.307    





Min Delay Paths
--------------------------------------------------------------------------------------
Slack (MET) :             0.144ns  (arrival time - required time)
  Source:                 bd_ab_i/bd_xdma/inst/pcie4_ip_i/inst/bd_ab_bd_xdma_0_pcie4_ip_gt_top_i/diablo_gt.diablo_gt_phy_wrapper/gt_wizard.gtwizard_top_i/bd_ab_bd_xdma_0_pcie4_ip_gt_i/inst/gen_gtwizard_gtye4_top.bd_ab_bd_xdma_0_pcie4_ip_gt_gtwizard_gtye4_inst/gen_gtwizard_gtye4.gen_cpll_cal_gtye4.gen_cpll_cal_inst[6].gen_inst_cpll_cal.gtwizard_ultrascale_v1_7_20_gtye4_cpll_cal_inst/gtwizard_ultrascale_v1_7_20_gtye4_cpll_cal_tx_i/U_TXOUTCLK_FREQ_COUNTER/reset_synchronizer_testclk_rst_inst/rst_in_out_reg/C
                            (rising edge-triggered cell FDPE clocked by bd_ab_i/bd_xdma/inst/pcie4_ip_i/inst/bd_ab_bd_xdma_0_pcie4_ip_gt_top_i/diablo_gt.diablo_gt_phy_wrapper/gt_wizard.gtwizard_top_i/bd_ab_bd_xdma_0_pcie4_ip_gt_i/inst/gen_gtwizard_gtye4_top.bd_ab_bd_xdma_0_pcie4_ip_gt_gtwizard_gtye4_inst/gen_gtwizard_gtye4.gen_cpll_cal_gtye4.gen_cpll_cal_inst[6].gen_inst_cpll_cal.gtwizard_ultrascale_v1_7_20_gtye4_cpll_cal_inst/gtwizard_ultrascale_v1_7_20_gtye4_cpll_cal_tx_i/bufg_gt_txoutclkmon_inst/O  {rise@0.000ns fall@4.000ns period=8.000ns})
  Destination:            bd_ab_i/bd_xdma/inst/pcie4_ip_i/inst/bd_ab_bd_xdma_0_pcie4_ip_gt_top_i/diablo_gt.diablo_gt_phy_wrapper/gt_wizard.gtwizard_top_i/bd_ab_bd_xdma_0_pcie4_ip_gt_i/inst/gen_gtwizard_gtye4_top.bd_ab_bd_xdma_0_pcie4_ip_gt_gtwizard_gtye4_inst/gen_gtwizard_gtye4.gen_cpll_cal_gtye4.gen_cpll_cal_inst[6].gen_inst_cpll_cal.gtwizard_ultrascale_v1_7_20_gtye4_cpll_cal_inst/gtwizard_ultrascale_v1_7_20_gtye4_cpll_cal_tx_i/U_TXOUTCLK_FREQ_COUNTER/testclk_cnt_reg[10]/CLR
                            (removal check against rising-edge clock bd_ab_i/bd_xdma/inst/pcie4_ip_i/inst/bd_ab_bd_xdma_0_pcie4_ip_gt_top_i/diablo_gt.diablo_gt_phy_wrapper/gt_wizard.gtwizard_top_i/bd_ab_bd_xdma_0_pcie4_ip_gt_i/inst/gen_gtwizard_gtye4_top.bd_ab_bd_xdma_0_pcie4_ip_gt_gtwizard_gtye4_inst/gen_gtwizard_gtye4.gen_cpll_cal_gtye4.gen_cpll_cal_inst[6].gen_inst_cpll_cal.gtwizard_ultrascale_v1_7_20_gtye4_cpll_cal_inst/gtwizard_ultrascale_v1_7_20_gtye4_cpll_cal_tx_i/bufg_gt_txoutclkmon_inst/O  {rise@0.000ns fall@4.000ns period=8.000ns})
  Path Group:             **async_default**
  Path Type:              Removal (Min at Fast Process Corner)
  Requirement:            0.000ns  (bd_ab_i/bd_xdma/inst/pcie4_ip_i/inst/bd_ab_bd_xdma_0_pcie4_ip_gt_top_i/diablo_gt.diablo_gt_phy_wrapper/gt_wizard.gtwizard_top_i/bd_ab_bd_xdma_0_pcie4_ip_gt_i/inst/gen_gtwizard_gtye4_top.bd_ab_bd_xdma_0_pcie4_ip_gt_gtwizard_gtye4_inst/gen_gtwizard_gtye4.gen_cpll_cal_gtye4.gen_cpll_cal_inst[6].gen_inst_cpll_cal.gtwizard_ultrascale_v1_7_20_gtye4_cpll_cal_inst/gtwizard_ultrascale_v1_7_20_gtye4_cpll_cal_tx_i/bufg_gt_txoutclkmon_inst/O rise@0.000ns - bd_ab_i/bd_xdma/inst/pcie4_ip_i/inst/bd_ab_bd_xdma_0_pcie4_ip_gt_top_i/diablo_gt.diablo_gt_phy_wrapper/gt_wizard.gtwizard_top_i/bd_ab_bd_xdma_0_pcie4_ip_gt_i/inst/gen_gtwizard_gtye4_top.bd_ab_bd_xdma_0_pcie4_ip_gt_gtwizard_gtye4_inst/gen_gtwizard_gtye4.gen_cpll_cal_gtye4.gen_cpll_cal_inst[6].gen_inst_cpll_cal.gtwizard_ultrascale_v1_7_20_gtye4_cpll_cal_inst/gtwizard_ultrascale_v1_7_20_gtye4_cpll_cal_tx_i/bufg_gt_txoutclkmon_inst/O rise@0.000ns)
  Data Path Delay:        0.171ns  (logic 0.038ns (22.245%)  route 0.133ns (77.755%))
  Logic Levels:           0  
  Clock Path Skew:        0.047ns (DCD - SCD - CPR)
    Destination Clock Delay (DCD):    0.365ns
    Source Clock Delay      (SCD):    0.318ns
    Clock Pessimism Removal (CPR):    0.001ns
  Clock Net Delay (Source):      0.318ns (routing 0.001ns, distribution 0.317ns)
  Clock Net Delay (Destination): 0.365ns (routing 0.001ns, distribution 0.364ns)

    Location             Delay type                Incr(ns)  Path(ns)    Netlist Resource(s)
  -------------------------------------------------------------------    -------------------
                         (clock bd_ab_i/bd_xdma/inst/pcie4_ip_i/inst/bd_ab_bd_xdma_0_pcie4_ip_gt_top_i/diablo_gt.diablo_gt_phy_wrapper/gt_wizard.gtwizard_top_i/bd_ab_bd_xdma_0_pcie4_ip_gt_i/inst/gen_gtwizard_gtye4_top.bd_ab_bd_xdma_0_pcie4_ip_gt_gtwizard_gtye4_inst/gen_gtwizard_gtye4.gen_cpll_cal_gtye4.gen_cpll_cal_inst[6].gen_inst_cpll_cal.gtwizard_ultrascale_v1_7_20_gtye4_cpll_cal_inst/gtwizard_ultrascale_v1_7_20_gtye4_cpll_cal_tx_i/bufg_gt_txoutclkmon_inst/O rise edge)
                                                      0.000     0.000 r  
    BUFG_GT_X0Y45        BUFG_GT                      0.000     0.000 r  bd_ab_i/bd_xdma/inst/pcie4_ip_i/inst/bd_ab_bd_xdma_0_pcie4_ip_gt_top_i/diablo_gt.diablo_gt_phy_wrapper/gt_wizard.gtwizard_top_i/bd_ab_bd_xdma_0_pcie4_ip_gt_i/inst/gen_gtwizard_gtye4_top.bd_ab_bd_xdma_0_pcie4_ip_gt_gtwizard_gtye4_inst/gen_gtwizard_gtye4.gen_cpll_cal_gtye4.gen_cpll_cal_inst[6].gen_inst_cpll_cal.gtwizard_ultrascale_v1_7_20_gtye4_cpll_cal_inst/gtwizard_ultrascale_v1_7_20_gtye4_cpll_cal_tx_i/bufg_gt_txoutclkmon_inst/O
    X3Y1 (CLOCK_ROOT)    net (fo=31, routed)          0.318     0.318    bd_ab_i/bd_xdma/inst/pcie4_ip_i/inst/bd_ab_bd_xdma_0_pcie4_ip_gt_top_i/diablo_gt.diablo_gt_phy_wrapper/gt_wizard.gtwizard_top_i/bd_ab_bd_xdma_0_pcie4_ip_gt_i/inst/gen_gtwizard_gtye4_top.bd_ab_bd_xdma_0_pcie4_ip_gt_gtwizard_gtye4_inst/gen_gtwizard_gtye4.gen_cpll_cal_gtye4.gen_cpll_cal_inst[6].gen_inst_cpll_cal.gtwizard_ultrascale_v1_7_20_gtye4_cpll_cal_inst/gtwizard_ultrascale_v1_7_20_gtye4_cpll_cal_tx_i/U_TXOUTCLK_FREQ_COUNTER/reset_synchronizer_testclk_rst_inst/txoutclkmon
    SLICE_X106Y91        FDPE                                         r  bd_ab_i/bd_xdma/inst/pcie4_ip_i/inst/bd_ab_bd_xdma_0_pcie4_ip_gt_top_i/diablo_gt.diablo_gt_phy_wrapper/gt_wizard.gtwizard_top_i/bd_ab_bd_xdma_0_pcie4_ip_gt_i/inst/gen_gtwizard_gtye4_top.bd_ab_bd_xdma_0_pcie4_ip_gt_gtwizard_gtye4_inst/gen_gtwizard_gtye4.gen_cpll_cal_gtye4.gen_cpll_cal_inst[6].gen_inst_cpll_cal.gtwizard_ultrascale_v1_7_20_gtye4_cpll_cal_inst/gtwizard_ultrascale_v1_7_20_gtye4_cpll_cal_tx_i/U_TXOUTCLK_FREQ_COUNTER/reset_synchronizer_testclk_rst_inst/rst_in_out_reg/C
  -------------------------------------------------------------------    -------------------
    SLICE_X106Y91        FDPE (Prop_EFF_SLICEM_C_Q)
                                                      0.038     0.356 f  bd_ab_i/bd_xdma/inst/pcie4_ip_i/inst/bd_ab_bd_xdma_0_pcie4_ip_gt_top_i/diablo_gt.diablo_gt_phy_wrapper/gt_wizard.gtwizard_top_i/bd_ab_bd_xdma_0_pcie4_ip_gt_i/inst/gen_gtwizard_gtye4_top.bd_ab_bd_xdma_0_pcie4_ip_gt_gtwizard_gtye4_inst/gen_gtwizard_gtye4.gen_cpll_cal_gtye4.gen_cpll_cal_inst[6].gen_inst_cpll_cal.gtwizard_ultrascale_v1_7_20_gtye4_cpll_cal_inst/gtwizard_ultrascale_v1_7_20_gtye4_cpll_cal_tx_i/U_TXOUTCLK_FREQ_COUNTER/reset_synchronizer_testclk_rst_inst/rst_in_out_reg/Q
                         net (fo=18, routed)          0.133     0.488    bd_ab_i/bd_xdma/inst/pcie4_ip_i/inst/bd_ab_bd_xdma_0_pcie4_ip_gt_top_i/diablo_gt.diablo_gt_phy_wrapper/gt_wizard.gtwizard_top_i/bd_ab_bd_xdma_0_pcie4_ip_gt_i/inst/gen_gtwizard_gtye4_top.bd_ab_bd_xdma_0_pcie4_ip_gt_gtwizard_gtye4_inst/gen_gtwizard_gtye4.gen_cpll_cal_gtye4.gen_cpll_cal_inst[6].gen_inst_cpll_cal.gtwizard_ultrascale_v1_7_20_gtye4_cpll_cal_inst/gtwizard_ultrascale_v1_7_20_gtye4_cpll_cal_tx_i/U_TXOUTCLK_FREQ_COUNTER/rst_in_out
    SLICE_X107Y91        FDCE                                         f  bd_ab_i/bd_xdma/inst/pcie4_ip_i/inst/bd_ab_bd_xdma_0_pcie4_ip_gt_top_i/diablo_gt.diablo_gt_phy_wrapper/gt_wizard.gtwizard_top_i/bd_ab_bd_xdma_0_pcie4_ip_gt_i/inst/gen_gtwizard_gtye4_top.bd_ab_bd_xdma_0_pcie4_ip_gt_gtwizard_gtye4_inst/gen_gtwizard_gtye4.gen_cpll_cal_gtye4.gen_cpll_cal_inst[6].gen_inst_cpll_cal.gtwizard_ultrascale_v1_7_20_gtye4_cpll_cal_inst/gtwizard_ultrascale_v1_7_20_gtye4_cpll_cal_tx_i/U_TXOUTCLK_FREQ_COUNTER/testclk_cnt_reg[10]/CLR
  -------------------------------------------------------------------    -------------------

                         (clock bd_ab_i/bd_xdma/inst/pcie4_ip_i/inst/bd_ab_bd_xdma_0_pcie4_ip_gt_top_i/diablo_gt.diablo_gt_phy_wrapper/gt_wizard.gtwizard_top_i/bd_ab_bd_xdma_0_pcie4_ip_gt_i/inst/gen_gtwizard_gtye4_top.bd_ab_bd_xdma_0_pcie4_ip_gt_gtwizard_gtye4_inst/gen_gtwizard_gtye4.gen_cpll_cal_gtye4.gen_cpll_cal_inst[6].gen_inst_cpll_cal.gtwizard_ultrascale_v1_7_20_gtye4_cpll_cal_inst/gtwizard_ultrascale_v1_7_20_gtye4_cpll_cal_tx_i/bufg_gt_txoutclkmon_inst/O rise edge)
                                                      0.000     0.000 r  
    BUFG_GT_X0Y45        BUFG_GT                      0.000     0.000 r  bd_ab_i/bd_xdma/inst/pcie4_ip_i/inst/bd_ab_bd_xdma_0_pcie4_ip_gt_top_i/diablo_gt.diablo_gt_phy_wrapper/gt_wizard.gtwizard_top_i/bd_ab_bd_xdma_0_pcie4_ip_gt_i/inst/gen_gtwizard_gtye4_top.bd_ab_bd_xdma_0_pcie4_ip_gt_gtwizard_gtye4_inst/gen_gtwizard_gtye4.gen_cpll_cal_gtye4.gen_cpll_cal_inst[6].gen_inst_cpll_cal.gtwizard_ultrascale_v1_7_20_gtye4_cpll_cal_inst/gtwizard_ultrascale_v1_7_20_gtye4_cpll_cal_tx_i/bufg_gt_txoutclkmon_inst/O
    X3Y1 (CLOCK_ROOT)    net (fo=31, routed)          0.365     0.365    bd_ab_i/bd_xdma/inst/pcie4_ip_i/inst/bd_ab_bd_xdma_0_pcie4_ip_gt_top_i/diablo_gt.diablo_gt_phy_wrapper/gt_wizard.gtwizard_top_i/bd_ab_bd_xdma_0_pcie4_ip_gt_i/inst/gen_gtwizard_gtye4_top.bd_ab_bd_xdma_0_pcie4_ip_gt_gtwizard_gtye4_inst/gen_gtwizard_gtye4.gen_cpll_cal_gtye4.gen_cpll_cal_inst[6].gen_inst_cpll_cal.gtwizard_ultrascale_v1_7_20_gtye4_cpll_cal_inst/gtwizard_ultrascale_v1_7_20_gtye4_cpll_cal_tx_i/U_TXOUTCLK_FREQ_COUNTER/txoutclkmon
    SLICE_X107Y91        FDCE                                         r  bd_ab_i/bd_xdma/inst/pcie4_ip_i/inst/bd_ab_bd_xdma_0_pcie4_ip_gt_top_i/diablo_gt.diablo_gt_phy_wrapper/gt_wizard.gtwizard_top_i/bd_ab_bd_xdma_0_pcie4_ip_gt_i/inst/gen_gtwizard_gtye4_top.bd_ab_bd_xdma_0_pcie4_ip_gt_gtwizard_gtye4_inst/gen_gtwizard_gtye4.gen_cpll_cal_gtye4.gen_cpll_cal_inst[6].gen_inst_cpll_cal.gtwizard_ultrascale_v1_7_20_gtye4_cpll_cal_inst/gtwizard_ultrascale_v1_7_20_gtye4_cpll_cal_tx_i/U_TXOUTCLK_FREQ_COUNTER/testclk_cnt_reg[10]/C
                         clock pessimism             -0.001     0.364    
    SLICE_X107Y91        FDCE (Remov_CFF_SLICEM_C_CLR)
                                                     -0.020     0.344    bd_ab_i/bd_xdma/inst/pcie4_ip_i/inst/bd_ab_bd_xdma_0_pcie4_ip_gt_top_i/diablo_gt.diablo_gt_phy_wrapper/gt_wizard.gtwizard_top_i/bd_ab_bd_xdma_0_pcie4_ip_gt_i/inst/gen_gtwizard_gtye4_top.bd_ab_bd_xdma_0_pcie4_ip_gt_gtwizard_gtye4_inst/gen_gtwizard_gtye4.gen_cpll_cal_gtye4.gen_cpll_cal_inst[6].gen_inst_cpll_cal.gtwizard_ultrascale_v1_7_20_gtye4_cpll_cal_inst/gtwizard_ultrascale_v1_7_20_gtye4_cpll_cal_tx_i/U_TXOUTCLK_FREQ_COUNTER/testclk_cnt_reg[10]
  -------------------------------------------------------------------
                         required time                         -0.344    
                         arrival time                           0.488    
  -------------------------------------------------------------------
                         slack                                  0.144    





---------------------------------------------------------------------------------------------------
Path Group:  **async_default**
From Clock:  bd_ab_i/bd_xdma/inst/pcie4_ip_i/inst/bd_ab_bd_xdma_0_pcie4_ip_gt_top_i/diablo_gt.diablo_gt_phy_wrapper/gt_wizard.gtwizard_top_i/bd_ab_bd_xdma_0_pcie4_ip_gt_i/inst/gen_gtwizard_gtye4_top.bd_ab_bd_xdma_0_pcie4_ip_gt_gtwizard_gtye4_inst/gen_gtwizard_gtye4.gen_cpll_cal_gtye4.gen_cpll_cal_inst[7].gen_inst_cpll_cal.gtwizard_ultrascale_v1_7_20_gtye4_cpll_cal_inst/gtwizard_ultrascale_v1_7_20_gtye4_cpll_cal_tx_i/bufg_gt_txoutclkmon_inst/O
  To Clock:  bd_ab_i/bd_xdma/inst/pcie4_ip_i/inst/bd_ab_bd_xdma_0_pcie4_ip_gt_top_i/diablo_gt.diablo_gt_phy_wrapper/gt_wizard.gtwizard_top_i/bd_ab_bd_xdma_0_pcie4_ip_gt_i/inst/gen_gtwizard_gtye4_top.bd_ab_bd_xdma_0_pcie4_ip_gt_gtwizard_gtye4_inst/gen_gtwizard_gtye4.gen_cpll_cal_gtye4.gen_cpll_cal_inst[7].gen_inst_cpll_cal.gtwizard_ultrascale_v1_7_20_gtye4_cpll_cal_inst/gtwizard_ultrascale_v1_7_20_gtye4_cpll_cal_tx_i/bufg_gt_txoutclkmon_inst/O

Setup :            0  Failing Endpoints,  Worst Slack        7.220ns,  Total Violation        0.000ns
Hold  :            0  Failing Endpoints,  Worst Slack        0.146ns,  Total Violation        0.000ns
---------------------------------------------------------------------------------------------------


Max Delay Paths
--------------------------------------------------------------------------------------
Slack (MET) :             7.220ns  (required time - arrival time)
  Source:                 bd_ab_i/bd_xdma/inst/pcie4_ip_i/inst/bd_ab_bd_xdma_0_pcie4_ip_gt_top_i/diablo_gt.diablo_gt_phy_wrapper/gt_wizard.gtwizard_top_i/bd_ab_bd_xdma_0_pcie4_ip_gt_i/inst/gen_gtwizard_gtye4_top.bd_ab_bd_xdma_0_pcie4_ip_gt_gtwizard_gtye4_inst/gen_gtwizard_gtye4.gen_cpll_cal_gtye4.gen_cpll_cal_inst[7].gen_inst_cpll_cal.gtwizard_ultrascale_v1_7_20_gtye4_cpll_cal_inst/gtwizard_ultrascale_v1_7_20_gtye4_cpll_cal_tx_i/U_TXOUTCLK_FREQ_COUNTER/reset_synchronizer_testclk_rst_inst/rst_in_out_reg/C
                            (rising edge-triggered cell FDPE clocked by bd_ab_i/bd_xdma/inst/pcie4_ip_i/inst/bd_ab_bd_xdma_0_pcie4_ip_gt_top_i/diablo_gt.diablo_gt_phy_wrapper/gt_wizard.gtwizard_top_i/bd_ab_bd_xdma_0_pcie4_ip_gt_i/inst/gen_gtwizard_gtye4_top.bd_ab_bd_xdma_0_pcie4_ip_gt_gtwizard_gtye4_inst/gen_gtwizard_gtye4.gen_cpll_cal_gtye4.gen_cpll_cal_inst[7].gen_inst_cpll_cal.gtwizard_ultrascale_v1_7_20_gtye4_cpll_cal_inst/gtwizard_ultrascale_v1_7_20_gtye4_cpll_cal_tx_i/bufg_gt_txoutclkmon_inst/O  {rise@0.000ns fall@4.000ns period=8.000ns})
  Destination:            bd_ab_i/bd_xdma/inst/pcie4_ip_i/inst/bd_ab_bd_xdma_0_pcie4_ip_gt_top_i/diablo_gt.diablo_gt_phy_wrapper/gt_wizard.gtwizard_top_i/bd_ab_bd_xdma_0_pcie4_ip_gt_i/inst/gen_gtwizard_gtye4_top.bd_ab_bd_xdma_0_pcie4_ip_gt_gtwizard_gtye4_inst/gen_gtwizard_gtye4.gen_cpll_cal_gtye4.gen_cpll_cal_inst[7].gen_inst_cpll_cal.gtwizard_ultrascale_v1_7_20_gtye4_cpll_cal_inst/gtwizard_ultrascale_v1_7_20_gtye4_cpll_cal_tx_i/U_TXOUTCLK_FREQ_COUNTER/testclk_cnt_reg[0]/CLR
                            (recovery check against rising-edge clock bd_ab_i/bd_xdma/inst/pcie4_ip_i/inst/bd_ab_bd_xdma_0_pcie4_ip_gt_top_i/diablo_gt.diablo_gt_phy_wrapper/gt_wizard.gtwizard_top_i/bd_ab_bd_xdma_0_pcie4_ip_gt_i/inst/gen_gtwizard_gtye4_top.bd_ab_bd_xdma_0_pcie4_ip_gt_gtwizard_gtye4_inst/gen_gtwizard_gtye4.gen_cpll_cal_gtye4.gen_cpll_cal_inst[7].gen_inst_cpll_cal.gtwizard_ultrascale_v1_7_20_gtye4_cpll_cal_inst/gtwizard_ultrascale_v1_7_20_gtye4_cpll_cal_tx_i/bufg_gt_txoutclkmon_inst/O  {rise@0.000ns fall@4.000ns period=8.000ns})
  Path Group:             **async_default**
  Path Type:              Recovery (Max at Slow Process Corner)
  Requirement:            8.000ns  (bd_ab_i/bd_xdma/inst/pcie4_ip_i/inst/bd_ab_bd_xdma_0_pcie4_ip_gt_top_i/diablo_gt.diablo_gt_phy_wrapper/gt_wizard.gtwizard_top_i/bd_ab_bd_xdma_0_pcie4_ip_gt_i/inst/gen_gtwizard_gtye4_top.bd_ab_bd_xdma_0_pcie4_ip_gt_gtwizard_gtye4_inst/gen_gtwizard_gtye4.gen_cpll_cal_gtye4.gen_cpll_cal_inst[7].gen_inst_cpll_cal.gtwizard_ultrascale_v1_7_20_gtye4_cpll_cal_inst/gtwizard_ultrascale_v1_7_20_gtye4_cpll_cal_tx_i/bufg_gt_txoutclkmon_inst/O rise@8.000ns - bd_ab_i/bd_xdma/inst/pcie4_ip_i/inst/bd_ab_bd_xdma_0_pcie4_ip_gt_top_i/diablo_gt.diablo_gt_phy_wrapper/gt_wizard.gtwizard_top_i/bd_ab_bd_xdma_0_pcie4_ip_gt_i/inst/gen_gtwizard_gtye4_top.bd_ab_bd_xdma_0_pcie4_ip_gt_gtwizard_gtye4_inst/gen_gtwizard_gtye4.gen_cpll_cal_gtye4.gen_cpll_cal_inst[7].gen_inst_cpll_cal.gtwizard_ultrascale_v1_7_20_gtye4_cpll_cal_inst/gtwizard_ultrascale_v1_7_20_gtye4_cpll_cal_tx_i/bufg_gt_txoutclkmon_inst/O rise@0.000ns)
  Data Path Delay:        0.594ns  (logic 0.079ns (13.304%)  route 0.515ns (86.696%))
  Logic Levels:           0  
  Clock Path Skew:        -0.074ns (DCD - SCD + CPR)
    Destination Clock Delay (DCD):    0.492ns = ( 8.492 - 8.000 ) 
    Source Clock Delay      (SCD):    0.567ns
    Clock Pessimism Removal (CPR):    0.001ns
  Clock Uncertainty:      0.046ns  ((TSJ^2 + DJ^2)^1/2) / 2 + PE
    Total System Jitter     (TSJ):    0.071ns
    Discrete Jitter          (DJ):    0.060ns
    Phase Error              (PE):    0.000ns
  Clock Net Delay (Source):      0.567ns (routing 0.002ns, distribution 0.565ns)
  Clock Net Delay (Destination): 0.492ns (routing 0.001ns, distribution 0.491ns)

    Location             Delay type                Incr(ns)  Path(ns)    Netlist Resource(s)
  -------------------------------------------------------------------    -------------------
                         (clock bd_ab_i/bd_xdma/inst/pcie4_ip_i/inst/bd_ab_bd_xdma_0_pcie4_ip_gt_top_i/diablo_gt.diablo_gt_phy_wrapper/gt_wizard.gtwizard_top_i/bd_ab_bd_xdma_0_pcie4_ip_gt_i/inst/gen_gtwizard_gtye4_top.bd_ab_bd_xdma_0_pcie4_ip_gt_gtwizard_gtye4_inst/gen_gtwizard_gtye4.gen_cpll_cal_gtye4.gen_cpll_cal_inst[7].gen_inst_cpll_cal.gtwizard_ultrascale_v1_7_20_gtye4_cpll_cal_inst/gtwizard_ultrascale_v1_7_20_gtye4_cpll_cal_tx_i/bufg_gt_txoutclkmon_inst/O rise edge)
                                                      0.000     0.000 r  
    BUFG_GT_X0Y44        BUFG_GT                      0.000     0.000 r  bd_ab_i/bd_xdma/inst/pcie4_ip_i/inst/bd_ab_bd_xdma_0_pcie4_ip_gt_top_i/diablo_gt.diablo_gt_phy_wrapper/gt_wizard.gtwizard_top_i/bd_ab_bd_xdma_0_pcie4_ip_gt_i/inst/gen_gtwizard_gtye4_top.bd_ab_bd_xdma_0_pcie4_ip_gt_gtwizard_gtye4_inst/gen_gtwizard_gtye4.gen_cpll_cal_gtye4.gen_cpll_cal_inst[7].gen_inst_cpll_cal.gtwizard_ultrascale_v1_7_20_gtye4_cpll_cal_inst/gtwizard_ultrascale_v1_7_20_gtye4_cpll_cal_tx_i/bufg_gt_txoutclkmon_inst/O
    X3Y1 (CLOCK_ROOT)    net (fo=31, routed)          0.567     0.567    bd_ab_i/bd_xdma/inst/pcie4_ip_i/inst/bd_ab_bd_xdma_0_pcie4_ip_gt_top_i/diablo_gt.diablo_gt_phy_wrapper/gt_wizard.gtwizard_top_i/bd_ab_bd_xdma_0_pcie4_ip_gt_i/inst/gen_gtwizard_gtye4_top.bd_ab_bd_xdma_0_pcie4_ip_gt_gtwizard_gtye4_inst/gen_gtwizard_gtye4.gen_cpll_cal_gtye4.gen_cpll_cal_inst[7].gen_inst_cpll_cal.gtwizard_ultrascale_v1_7_20_gtye4_cpll_cal_inst/gtwizard_ultrascale_v1_7_20_gtye4_cpll_cal_tx_i/U_TXOUTCLK_FREQ_COUNTER/reset_synchronizer_testclk_rst_inst/txoutclkmon
    SLICE_X108Y114       FDPE                                         r  bd_ab_i/bd_xdma/inst/pcie4_ip_i/inst/bd_ab_bd_xdma_0_pcie4_ip_gt_top_i/diablo_gt.diablo_gt_phy_wrapper/gt_wizard.gtwizard_top_i/bd_ab_bd_xdma_0_pcie4_ip_gt_i/inst/gen_gtwizard_gtye4_top.bd_ab_bd_xdma_0_pcie4_ip_gt_gtwizard_gtye4_inst/gen_gtwizard_gtye4.gen_cpll_cal_gtye4.gen_cpll_cal_inst[7].gen_inst_cpll_cal.gtwizard_ultrascale_v1_7_20_gtye4_cpll_cal_inst/gtwizard_ultrascale_v1_7_20_gtye4_cpll_cal_tx_i/U_TXOUTCLK_FREQ_COUNTER/reset_synchronizer_testclk_rst_inst/rst_in_out_reg/C
  -------------------------------------------------------------------    -------------------
    SLICE_X108Y114       FDPE (Prop_EFF_SLICEL_C_Q)
                                                      0.079     0.646 f  bd_ab_i/bd_xdma/inst/pcie4_ip_i/inst/bd_ab_bd_xdma_0_pcie4_ip_gt_top_i/diablo_gt.diablo_gt_phy_wrapper/gt_wizard.gtwizard_top_i/bd_ab_bd_xdma_0_pcie4_ip_gt_i/inst/gen_gtwizard_gtye4_top.bd_ab_bd_xdma_0_pcie4_ip_gt_gtwizard_gtye4_inst/gen_gtwizard_gtye4.gen_cpll_cal_gtye4.gen_cpll_cal_inst[7].gen_inst_cpll_cal.gtwizard_ultrascale_v1_7_20_gtye4_cpll_cal_inst/gtwizard_ultrascale_v1_7_20_gtye4_cpll_cal_tx_i/U_TXOUTCLK_FREQ_COUNTER/reset_synchronizer_testclk_rst_inst/rst_in_out_reg/Q
                         net (fo=18, routed)          0.515     1.161    bd_ab_i/bd_xdma/inst/pcie4_ip_i/inst/bd_ab_bd_xdma_0_pcie4_ip_gt_top_i/diablo_gt.diablo_gt_phy_wrapper/gt_wizard.gtwizard_top_i/bd_ab_bd_xdma_0_pcie4_ip_gt_i/inst/gen_gtwizard_gtye4_top.bd_ab_bd_xdma_0_pcie4_ip_gt_gtwizard_gtye4_inst/gen_gtwizard_gtye4.gen_cpll_cal_gtye4.gen_cpll_cal_inst[7].gen_inst_cpll_cal.gtwizard_ultrascale_v1_7_20_gtye4_cpll_cal_inst/gtwizard_ultrascale_v1_7_20_gtye4_cpll_cal_tx_i/U_TXOUTCLK_FREQ_COUNTER/rst_in_out
    SLICE_X109Y111       FDCE                                         f  bd_ab_i/bd_xdma/inst/pcie4_ip_i/inst/bd_ab_bd_xdma_0_pcie4_ip_gt_top_i/diablo_gt.diablo_gt_phy_wrapper/gt_wizard.gtwizard_top_i/bd_ab_bd_xdma_0_pcie4_ip_gt_i/inst/gen_gtwizard_gtye4_top.bd_ab_bd_xdma_0_pcie4_ip_gt_gtwizard_gtye4_inst/gen_gtwizard_gtye4.gen_cpll_cal_gtye4.gen_cpll_cal_inst[7].gen_inst_cpll_cal.gtwizard_ultrascale_v1_7_20_gtye4_cpll_cal_inst/gtwizard_ultrascale_v1_7_20_gtye4_cpll_cal_tx_i/U_TXOUTCLK_FREQ_COUNTER/testclk_cnt_reg[0]/CLR
  -------------------------------------------------------------------    -------------------

                         (clock bd_ab_i/bd_xdma/inst/pcie4_ip_i/inst/bd_ab_bd_xdma_0_pcie4_ip_gt_top_i/diablo_gt.diablo_gt_phy_wrapper/gt_wizard.gtwizard_top_i/bd_ab_bd_xdma_0_pcie4_ip_gt_i/inst/gen_gtwizard_gtye4_top.bd_ab_bd_xdma_0_pcie4_ip_gt_gtwizard_gtye4_inst/gen_gtwizard_gtye4.gen_cpll_cal_gtye4.gen_cpll_cal_inst[7].gen_inst_cpll_cal.gtwizard_ultrascale_v1_7_20_gtye4_cpll_cal_inst/gtwizard_ultrascale_v1_7_20_gtye4_cpll_cal_tx_i/bufg_gt_txoutclkmon_inst/O rise edge)
                                                      8.000     8.000 r  
    BUFG_GT_X0Y44        BUFG_GT                      0.000     8.000 r  bd_ab_i/bd_xdma/inst/pcie4_ip_i/inst/bd_ab_bd_xdma_0_pcie4_ip_gt_top_i/diablo_gt.diablo_gt_phy_wrapper/gt_wizard.gtwizard_top_i/bd_ab_bd_xdma_0_pcie4_ip_gt_i/inst/gen_gtwizard_gtye4_top.bd_ab_bd_xdma_0_pcie4_ip_gt_gtwizard_gtye4_inst/gen_gtwizard_gtye4.gen_cpll_cal_gtye4.gen_cpll_cal_inst[7].gen_inst_cpll_cal.gtwizard_ultrascale_v1_7_20_gtye4_cpll_cal_inst/gtwizard_ultrascale_v1_7_20_gtye4_cpll_cal_tx_i/bufg_gt_txoutclkmon_inst/O
    X3Y1 (CLOCK_ROOT)    net (fo=31, routed)          0.492     8.492    bd_ab_i/bd_xdma/inst/pcie4_ip_i/inst/bd_ab_bd_xdma_0_pcie4_ip_gt_top_i/diablo_gt.diablo_gt_phy_wrapper/gt_wizard.gtwizard_top_i/bd_ab_bd_xdma_0_pcie4_ip_gt_i/inst/gen_gtwizard_gtye4_top.bd_ab_bd_xdma_0_pcie4_ip_gt_gtwizard_gtye4_inst/gen_gtwizard_gtye4.gen_cpll_cal_gtye4.gen_cpll_cal_inst[7].gen_inst_cpll_cal.gtwizard_ultrascale_v1_7_20_gtye4_cpll_cal_inst/gtwizard_ultrascale_v1_7_20_gtye4_cpll_cal_tx_i/U_TXOUTCLK_FREQ_COUNTER/txoutclkmon
    SLICE_X109Y111       FDCE                                         r  bd_ab_i/bd_xdma/inst/pcie4_ip_i/inst/bd_ab_bd_xdma_0_pcie4_ip_gt_top_i/diablo_gt.diablo_gt_phy_wrapper/gt_wizard.gtwizard_top_i/bd_ab_bd_xdma_0_pcie4_ip_gt_i/inst/gen_gtwizard_gtye4_top.bd_ab_bd_xdma_0_pcie4_ip_gt_gtwizard_gtye4_inst/gen_gtwizard_gtye4.gen_cpll_cal_gtye4.gen_cpll_cal_inst[7].gen_inst_cpll_cal.gtwizard_ultrascale_v1_7_20_gtye4_cpll_cal_inst/gtwizard_ultrascale_v1_7_20_gtye4_cpll_cal_tx_i/U_TXOUTCLK_FREQ_COUNTER/testclk_cnt_reg[0]/C
                         clock pessimism              0.001     8.493    
                         clock uncertainty           -0.046     8.447    
    SLICE_X109Y111       FDCE (Recov_AFF_SLICEM_C_CLR)
                                                     -0.066     8.381    bd_ab_i/bd_xdma/inst/pcie4_ip_i/inst/bd_ab_bd_xdma_0_pcie4_ip_gt_top_i/diablo_gt.diablo_gt_phy_wrapper/gt_wizard.gtwizard_top_i/bd_ab_bd_xdma_0_pcie4_ip_gt_i/inst/gen_gtwizard_gtye4_top.bd_ab_bd_xdma_0_pcie4_ip_gt_gtwizard_gtye4_inst/gen_gtwizard_gtye4.gen_cpll_cal_gtye4.gen_cpll_cal_inst[7].gen_inst_cpll_cal.gtwizard_ultrascale_v1_7_20_gtye4_cpll_cal_inst/gtwizard_ultrascale_v1_7_20_gtye4_cpll_cal_tx_i/U_TXOUTCLK_FREQ_COUNTER/testclk_cnt_reg[0]
  -------------------------------------------------------------------
                         required time                          8.381    
                         arrival time                          -1.161    
  -------------------------------------------------------------------
                         slack                                  7.220    





Min Delay Paths
--------------------------------------------------------------------------------------
Slack (MET) :             0.146ns  (arrival time - required time)
  Source:                 bd_ab_i/bd_xdma/inst/pcie4_ip_i/inst/bd_ab_bd_xdma_0_pcie4_ip_gt_top_i/diablo_gt.diablo_gt_phy_wrapper/gt_wizard.gtwizard_top_i/bd_ab_bd_xdma_0_pcie4_ip_gt_i/inst/gen_gtwizard_gtye4_top.bd_ab_bd_xdma_0_pcie4_ip_gt_gtwizard_gtye4_inst/gen_gtwizard_gtye4.gen_cpll_cal_gtye4.gen_cpll_cal_inst[7].gen_inst_cpll_cal.gtwizard_ultrascale_v1_7_20_gtye4_cpll_cal_inst/gtwizard_ultrascale_v1_7_20_gtye4_cpll_cal_tx_i/U_TXOUTCLK_FREQ_COUNTER/reset_synchronizer_testclk_rst_inst/rst_in_out_reg/C
                            (rising edge-triggered cell FDPE clocked by bd_ab_i/bd_xdma/inst/pcie4_ip_i/inst/bd_ab_bd_xdma_0_pcie4_ip_gt_top_i/diablo_gt.diablo_gt_phy_wrapper/gt_wizard.gtwizard_top_i/bd_ab_bd_xdma_0_pcie4_ip_gt_i/inst/gen_gtwizard_gtye4_top.bd_ab_bd_xdma_0_pcie4_ip_gt_gtwizard_gtye4_inst/gen_gtwizard_gtye4.gen_cpll_cal_gtye4.gen_cpll_cal_inst[7].gen_inst_cpll_cal.gtwizard_ultrascale_v1_7_20_gtye4_cpll_cal_inst/gtwizard_ultrascale_v1_7_20_gtye4_cpll_cal_tx_i/bufg_gt_txoutclkmon_inst/O  {rise@0.000ns fall@4.000ns period=8.000ns})
  Destination:            bd_ab_i/bd_xdma/inst/pcie4_ip_i/inst/bd_ab_bd_xdma_0_pcie4_ip_gt_top_i/diablo_gt.diablo_gt_phy_wrapper/gt_wizard.gtwizard_top_i/bd_ab_bd_xdma_0_pcie4_ip_gt_i/inst/gen_gtwizard_gtye4_top.bd_ab_bd_xdma_0_pcie4_ip_gt_gtwizard_gtye4_inst/gen_gtwizard_gtye4.gen_cpll_cal_gtye4.gen_cpll_cal_inst[7].gen_inst_cpll_cal.gtwizard_ultrascale_v1_7_20_gtye4_cpll_cal_inst/gtwizard_ultrascale_v1_7_20_gtye4_cpll_cal_tx_i/U_TXOUTCLK_FREQ_COUNTER/testclk_cnt_reg[10]/CLR
                            (removal check against rising-edge clock bd_ab_i/bd_xdma/inst/pcie4_ip_i/inst/bd_ab_bd_xdma_0_pcie4_ip_gt_top_i/diablo_gt.diablo_gt_phy_wrapper/gt_wizard.gtwizard_top_i/bd_ab_bd_xdma_0_pcie4_ip_gt_i/inst/gen_gtwizard_gtye4_top.bd_ab_bd_xdma_0_pcie4_ip_gt_gtwizard_gtye4_inst/gen_gtwizard_gtye4.gen_cpll_cal_gtye4.gen_cpll_cal_inst[7].gen_inst_cpll_cal.gtwizard_ultrascale_v1_7_20_gtye4_cpll_cal_inst/gtwizard_ultrascale_v1_7_20_gtye4_cpll_cal_tx_i/bufg_gt_txoutclkmon_inst/O  {rise@0.000ns fall@4.000ns period=8.000ns})
  Path Group:             **async_default**
  Path Type:              Removal (Min at Fast Process Corner)
  Requirement:            0.000ns  (bd_ab_i/bd_xdma/inst/pcie4_ip_i/inst/bd_ab_bd_xdma_0_pcie4_ip_gt_top_i/diablo_gt.diablo_gt_phy_wrapper/gt_wizard.gtwizard_top_i/bd_ab_bd_xdma_0_pcie4_ip_gt_i/inst/gen_gtwizard_gtye4_top.bd_ab_bd_xdma_0_pcie4_ip_gt_gtwizard_gtye4_inst/gen_gtwizard_gtye4.gen_cpll_cal_gtye4.gen_cpll_cal_inst[7].gen_inst_cpll_cal.gtwizard_ultrascale_v1_7_20_gtye4_cpll_cal_inst/gtwizard_ultrascale_v1_7_20_gtye4_cpll_cal_tx_i/bufg_gt_txoutclkmon_inst/O rise@0.000ns - bd_ab_i/bd_xdma/inst/pcie4_ip_i/inst/bd_ab_bd_xdma_0_pcie4_ip_gt_top_i/diablo_gt.diablo_gt_phy_wrapper/gt_wizard.gtwizard_top_i/bd_ab_bd_xdma_0_pcie4_ip_gt_i/inst/gen_gtwizard_gtye4_top.bd_ab_bd_xdma_0_pcie4_ip_gt_gtwizard_gtye4_inst/gen_gtwizard_gtye4.gen_cpll_cal_gtye4.gen_cpll_cal_inst[7].gen_inst_cpll_cal.gtwizard_ultrascale_v1_7_20_gtye4_cpll_cal_inst/gtwizard_ultrascale_v1_7_20_gtye4_cpll_cal_tx_i/bufg_gt_txoutclkmon_inst/O rise@0.000ns)
  Data Path Delay:        0.175ns  (logic 0.039ns (22.239%)  route 0.136ns (77.761%))
  Logic Levels:           0  
  Clock Path Skew:        0.049ns (DCD - SCD - CPR)
    Destination Clock Delay (DCD):    0.372ns
    Source Clock Delay      (SCD):    0.322ns
    Clock Pessimism Removal (CPR):    0.001ns
  Clock Net Delay (Source):      0.322ns (routing 0.001ns, distribution 0.321ns)
  Clock Net Delay (Destination): 0.372ns (routing 0.001ns, distribution 0.371ns)

    Location             Delay type                Incr(ns)  Path(ns)    Netlist Resource(s)
  -------------------------------------------------------------------    -------------------
                         (clock bd_ab_i/bd_xdma/inst/pcie4_ip_i/inst/bd_ab_bd_xdma_0_pcie4_ip_gt_top_i/diablo_gt.diablo_gt_phy_wrapper/gt_wizard.gtwizard_top_i/bd_ab_bd_xdma_0_pcie4_ip_gt_i/inst/gen_gtwizard_gtye4_top.bd_ab_bd_xdma_0_pcie4_ip_gt_gtwizard_gtye4_inst/gen_gtwizard_gtye4.gen_cpll_cal_gtye4.gen_cpll_cal_inst[7].gen_inst_cpll_cal.gtwizard_ultrascale_v1_7_20_gtye4_cpll_cal_inst/gtwizard_ultrascale_v1_7_20_gtye4_cpll_cal_tx_i/bufg_gt_txoutclkmon_inst/O rise edge)
                                                      0.000     0.000 r  
    BUFG_GT_X0Y44        BUFG_GT                      0.000     0.000 r  bd_ab_i/bd_xdma/inst/pcie4_ip_i/inst/bd_ab_bd_xdma_0_pcie4_ip_gt_top_i/diablo_gt.diablo_gt_phy_wrapper/gt_wizard.gtwizard_top_i/bd_ab_bd_xdma_0_pcie4_ip_gt_i/inst/gen_gtwizard_gtye4_top.bd_ab_bd_xdma_0_pcie4_ip_gt_gtwizard_gtye4_inst/gen_gtwizard_gtye4.gen_cpll_cal_gtye4.gen_cpll_cal_inst[7].gen_inst_cpll_cal.gtwizard_ultrascale_v1_7_20_gtye4_cpll_cal_inst/gtwizard_ultrascale_v1_7_20_gtye4_cpll_cal_tx_i/bufg_gt_txoutclkmon_inst/O
    X3Y1 (CLOCK_ROOT)    net (fo=31, routed)          0.322     0.322    bd_ab_i/bd_xdma/inst/pcie4_ip_i/inst/bd_ab_bd_xdma_0_pcie4_ip_gt_top_i/diablo_gt.diablo_gt_phy_wrapper/gt_wizard.gtwizard_top_i/bd_ab_bd_xdma_0_pcie4_ip_gt_i/inst/gen_gtwizard_gtye4_top.bd_ab_bd_xdma_0_pcie4_ip_gt_gtwizard_gtye4_inst/gen_gtwizard_gtye4.gen_cpll_cal_gtye4.gen_cpll_cal_inst[7].gen_inst_cpll_cal.gtwizard_ultrascale_v1_7_20_gtye4_cpll_cal_inst/gtwizard_ultrascale_v1_7_20_gtye4_cpll_cal_tx_i/U_TXOUTCLK_FREQ_COUNTER/reset_synchronizer_testclk_rst_inst/txoutclkmon
    SLICE_X108Y114       FDPE                                         r  bd_ab_i/bd_xdma/inst/pcie4_ip_i/inst/bd_ab_bd_xdma_0_pcie4_ip_gt_top_i/diablo_gt.diablo_gt_phy_wrapper/gt_wizard.gtwizard_top_i/bd_ab_bd_xdma_0_pcie4_ip_gt_i/inst/gen_gtwizard_gtye4_top.bd_ab_bd_xdma_0_pcie4_ip_gt_gtwizard_gtye4_inst/gen_gtwizard_gtye4.gen_cpll_cal_gtye4.gen_cpll_cal_inst[7].gen_inst_cpll_cal.gtwizard_ultrascale_v1_7_20_gtye4_cpll_cal_inst/gtwizard_ultrascale_v1_7_20_gtye4_cpll_cal_tx_i/U_TXOUTCLK_FREQ_COUNTER/reset_synchronizer_testclk_rst_inst/rst_in_out_reg/C
  -------------------------------------------------------------------    -------------------
    SLICE_X108Y114       FDPE (Prop_EFF_SLICEL_C_Q)
                                                      0.039     0.361 f  bd_ab_i/bd_xdma/inst/pcie4_ip_i/inst/bd_ab_bd_xdma_0_pcie4_ip_gt_top_i/diablo_gt.diablo_gt_phy_wrapper/gt_wizard.gtwizard_top_i/bd_ab_bd_xdma_0_pcie4_ip_gt_i/inst/gen_gtwizard_gtye4_top.bd_ab_bd_xdma_0_pcie4_ip_gt_gtwizard_gtye4_inst/gen_gtwizard_gtye4.gen_cpll_cal_gtye4.gen_cpll_cal_inst[7].gen_inst_cpll_cal.gtwizard_ultrascale_v1_7_20_gtye4_cpll_cal_inst/gtwizard_ultrascale_v1_7_20_gtye4_cpll_cal_tx_i/U_TXOUTCLK_FREQ_COUNTER/reset_synchronizer_testclk_rst_inst/rst_in_out_reg/Q
                         net (fo=18, routed)          0.136     0.497    bd_ab_i/bd_xdma/inst/pcie4_ip_i/inst/bd_ab_bd_xdma_0_pcie4_ip_gt_top_i/diablo_gt.diablo_gt_phy_wrapper/gt_wizard.gtwizard_top_i/bd_ab_bd_xdma_0_pcie4_ip_gt_i/inst/gen_gtwizard_gtye4_top.bd_ab_bd_xdma_0_pcie4_ip_gt_gtwizard_gtye4_inst/gen_gtwizard_gtye4.gen_cpll_cal_gtye4.gen_cpll_cal_inst[7].gen_inst_cpll_cal.gtwizard_ultrascale_v1_7_20_gtye4_cpll_cal_inst/gtwizard_ultrascale_v1_7_20_gtye4_cpll_cal_tx_i/U_TXOUTCLK_FREQ_COUNTER/rst_in_out
    SLICE_X109Y112       FDCE                                         f  bd_ab_i/bd_xdma/inst/pcie4_ip_i/inst/bd_ab_bd_xdma_0_pcie4_ip_gt_top_i/diablo_gt.diablo_gt_phy_wrapper/gt_wizard.gtwizard_top_i/bd_ab_bd_xdma_0_pcie4_ip_gt_i/inst/gen_gtwizard_gtye4_top.bd_ab_bd_xdma_0_pcie4_ip_gt_gtwizard_gtye4_inst/gen_gtwizard_gtye4.gen_cpll_cal_gtye4.gen_cpll_cal_inst[7].gen_inst_cpll_cal.gtwizard_ultrascale_v1_7_20_gtye4_cpll_cal_inst/gtwizard_ultrascale_v1_7_20_gtye4_cpll_cal_tx_i/U_TXOUTCLK_FREQ_COUNTER/testclk_cnt_reg[10]/CLR
  -------------------------------------------------------------------    -------------------

                         (clock bd_ab_i/bd_xdma/inst/pcie4_ip_i/inst/bd_ab_bd_xdma_0_pcie4_ip_gt_top_i/diablo_gt.diablo_gt_phy_wrapper/gt_wizard.gtwizard_top_i/bd_ab_bd_xdma_0_pcie4_ip_gt_i/inst/gen_gtwizard_gtye4_top.bd_ab_bd_xdma_0_pcie4_ip_gt_gtwizard_gtye4_inst/gen_gtwizard_gtye4.gen_cpll_cal_gtye4.gen_cpll_cal_inst[7].gen_inst_cpll_cal.gtwizard_ultrascale_v1_7_20_gtye4_cpll_cal_inst/gtwizard_ultrascale_v1_7_20_gtye4_cpll_cal_tx_i/bufg_gt_txoutclkmon_inst/O rise edge)
                                                      0.000     0.000 r  
    BUFG_GT_X0Y44        BUFG_GT                      0.000     0.000 r  bd_ab_i/bd_xdma/inst/pcie4_ip_i/inst/bd_ab_bd_xdma_0_pcie4_ip_gt_top_i/diablo_gt.diablo_gt_phy_wrapper/gt_wizard.gtwizard_top_i/bd_ab_bd_xdma_0_pcie4_ip_gt_i/inst/gen_gtwizard_gtye4_top.bd_ab_bd_xdma_0_pcie4_ip_gt_gtwizard_gtye4_inst/gen_gtwizard_gtye4.gen_cpll_cal_gtye4.gen_cpll_cal_inst[7].gen_inst_cpll_cal.gtwizard_ultrascale_v1_7_20_gtye4_cpll_cal_inst/gtwizard_ultrascale_v1_7_20_gtye4_cpll_cal_tx_i/bufg_gt_txoutclkmon_inst/O
    X3Y1 (CLOCK_ROOT)    net (fo=31, routed)          0.372     0.372    bd_ab_i/bd_xdma/inst/pcie4_ip_i/inst/bd_ab_bd_xdma_0_pcie4_ip_gt_top_i/diablo_gt.diablo_gt_phy_wrapper/gt_wizard.gtwizard_top_i/bd_ab_bd_xdma_0_pcie4_ip_gt_i/inst/gen_gtwizard_gtye4_top.bd_ab_bd_xdma_0_pcie4_ip_gt_gtwizard_gtye4_inst/gen_gtwizard_gtye4.gen_cpll_cal_gtye4.gen_cpll_cal_inst[7].gen_inst_cpll_cal.gtwizard_ultrascale_v1_7_20_gtye4_cpll_cal_inst/gtwizard_ultrascale_v1_7_20_gtye4_cpll_cal_tx_i/U_TXOUTCLK_FREQ_COUNTER/txoutclkmon
    SLICE_X109Y112       FDCE                                         r  bd_ab_i/bd_xdma/inst/pcie4_ip_i/inst/bd_ab_bd_xdma_0_pcie4_ip_gt_top_i/diablo_gt.diablo_gt_phy_wrapper/gt_wizard.gtwizard_top_i/bd_ab_bd_xdma_0_pcie4_ip_gt_i/inst/gen_gtwizard_gtye4_top.bd_ab_bd_xdma_0_pcie4_ip_gt_gtwizard_gtye4_inst/gen_gtwizard_gtye4.gen_cpll_cal_gtye4.gen_cpll_cal_inst[7].gen_inst_cpll_cal.gtwizard_ultrascale_v1_7_20_gtye4_cpll_cal_inst/gtwizard_ultrascale_v1_7_20_gtye4_cpll_cal_tx_i/U_TXOUTCLK_FREQ_COUNTER/testclk_cnt_reg[10]/C
                         clock pessimism             -0.001     0.371    
    SLICE_X109Y112       FDCE (Remov_CFF_SLICEM_C_CLR)
                                                     -0.020     0.351    bd_ab_i/bd_xdma/inst/pcie4_ip_i/inst/bd_ab_bd_xdma_0_pcie4_ip_gt_top_i/diablo_gt.diablo_gt_phy_wrapper/gt_wizard.gtwizard_top_i/bd_ab_bd_xdma_0_pcie4_ip_gt_i/inst/gen_gtwizard_gtye4_top.bd_ab_bd_xdma_0_pcie4_ip_gt_gtwizard_gtye4_inst/gen_gtwizard_gtye4.gen_cpll_cal_gtye4.gen_cpll_cal_inst[7].gen_inst_cpll_cal.gtwizard_ultrascale_v1_7_20_gtye4_cpll_cal_inst/gtwizard_ultrascale_v1_7_20_gtye4_cpll_cal_tx_i/U_TXOUTCLK_FREQ_COUNTER/testclk_cnt_reg[10]
  -------------------------------------------------------------------
                         required time                         -0.351    
                         arrival time                           0.497    
  -------------------------------------------------------------------
                         slack                                  0.146    





---------------------------------------------------------------------------------------------------
Path Group:  **async_default**
From Clock:  bd_xdma_axi_aclk
  To Clock:  bd_xdma_axi_aclk

Setup :            0  Failing Endpoints,  Worst Slack        1.661ns,  Total Violation        0.000ns
Hold  :            0  Failing Endpoints,  Worst Slack        0.104ns,  Total Violation        0.000ns
---------------------------------------------------------------------------------------------------


Max Delay Paths
--------------------------------------------------------------------------------------
Slack (MET) :             1.661ns  (required time - arrival time)
  Source:                 bd_ab_i/bd_xdma/inst/pcie4_ip_i/inst/user_reset_reg/C
                            (rising edge-triggered cell FDPE clocked by bd_xdma_axi_aclk  {rise@0.000ns fall@2.000ns period=4.000ns})
  Destination:            <hidden>
                            (recovery check against rising-edge clock bd_xdma_axi_aclk  {rise@0.000ns fall@2.000ns period=4.000ns})
  Path Group:             **async_default**
  Path Type:              Recovery (Max at Slow Process Corner)
  Requirement:            4.000ns  (bd_xdma_axi_aclk rise@4.000ns - bd_xdma_axi_aclk rise@0.000ns)
  Data Path Delay:        2.074ns  (logic 0.079ns (3.809%)  route 1.995ns (96.191%))
  Logic Levels:           0  
  Clock Path Skew:        -0.152ns (DCD - SCD + CPR)
    Destination Clock Delay (DCD):    1.745ns = ( 5.745 - 4.000 ) 
    Source Clock Delay      (SCD):    2.003ns
    Clock Pessimism Removal (CPR):    0.105ns
  Clock Uncertainty:      0.046ns  ((TSJ^2 + DJ^2)^1/2) / 2 + PE
    Total System Jitter     (TSJ):    0.071ns
    Discrete Jitter          (DJ):    0.060ns
    Phase Error              (PE):    0.000ns
  Clock Net Delay (Source):      1.788ns (routing 0.849ns, distribution 0.939ns)
  Clock Net Delay (Destination): 1.553ns (routing 0.767ns, distribution 0.786ns)

    Location             Delay type                Incr(ns)  Path(ns)    Netlist Resource(s)
  -------------------------------------------------------------------    -------------------
                         (clock bd_xdma_axi_aclk rise edge)
                                                      0.000     0.000 r  
    GTYE4_CHANNEL_X0Y7   GTYE4_CHANNEL                0.000     0.000 r  bd_ab_i/bd_xdma/inst/pcie4_ip_i/inst/bd_ab_bd_xdma_0_pcie4_ip_gt_top_i/diablo_gt.diablo_gt_phy_wrapper/gt_wizard.gtwizard_top_i/bd_ab_bd_xdma_0_pcie4_ip_gt_i/inst/gen_gtwizard_gtye4_top.bd_ab_bd_xdma_0_pcie4_ip_gt_gtwizard_gtye4_inst/gen_gtwizard_gtye4.gen_channel_container[1].gen_enabled_channel.gtye4_channel_wrapper_inst/channel_inst/gtye4_channel_gen.gen_gtye4_channel_inst[3].GTYE4_CHANNEL_PRIM_INST/TXOUTCLK
                         net (fo=7, routed)           0.085     0.085    bd_ab_i/bd_xdma/inst/pcie4_ip_i/inst/bd_ab_bd_xdma_0_pcie4_ip_gt_top_i/diablo_gt.diablo_gt_phy_wrapper/phy_clk_i/GT_TXOUTCLK[0]
    BUFG_GT_X0Y39        BUFG_GT (Prop_BUFG_GT_I_O)
                                                      0.130     0.215 r  bd_ab_i/bd_xdma/inst/pcie4_ip_i/inst/bd_ab_bd_xdma_0_pcie4_ip_gt_top_i/diablo_gt.diablo_gt_phy_wrapper/phy_clk_i/bufg_gt_userclk/O
    X2Y0 (CLOCK_ROOT)    net (fo=19796, routed)       1.788     2.003    bd_ab_i/bd_xdma/inst/pcie4_ip_i/inst/user_clk
    SLICE_X94Y17         FDPE                                         r  bd_ab_i/bd_xdma/inst/pcie4_ip_i/inst/user_reset_reg/C
  -------------------------------------------------------------------    -------------------
    SLICE_X94Y17         FDPE (Prop_EFF_SLICEL_C_Q)
                                                      0.079     2.082 f  bd_ab_i/bd_xdma/inst/pcie4_ip_i/inst/user_reset_reg/Q
                         net (fo=1966, routed)        1.995     4.077    <hidden>
    SLICE_X83Y68         FDCE                                         f  <hidden>
  -------------------------------------------------------------------    -------------------

                         (clock bd_xdma_axi_aclk rise edge)
                                                      4.000     4.000 r  
    GTYE4_CHANNEL_X0Y7   GTYE4_CHANNEL                0.000     4.000 r  bd_ab_i/bd_xdma/inst/pcie4_ip_i/inst/bd_ab_bd_xdma_0_pcie4_ip_gt_top_i/diablo_gt.diablo_gt_phy_wrapper/gt_wizard.gtwizard_top_i/bd_ab_bd_xdma_0_pcie4_ip_gt_i/inst/gen_gtwizard_gtye4_top.bd_ab_bd_xdma_0_pcie4_ip_gt_gtwizard_gtye4_inst/gen_gtwizard_gtye4.gen_channel_container[1].gen_enabled_channel.gtye4_channel_wrapper_inst/channel_inst/gtye4_channel_gen.gen_gtye4_channel_inst[3].GTYE4_CHANNEL_PRIM_INST/TXOUTCLK
                         net (fo=7, routed)           0.078     4.078    bd_ab_i/bd_xdma/inst/pcie4_ip_i/inst/bd_ab_bd_xdma_0_pcie4_ip_gt_top_i/diablo_gt.diablo_gt_phy_wrapper/phy_clk_i/GT_TXOUTCLK[0]
    BUFG_GT_X0Y39        BUFG_GT (Prop_BUFG_GT_I_O)
                                                      0.114     4.192 r  bd_ab_i/bd_xdma/inst/pcie4_ip_i/inst/bd_ab_bd_xdma_0_pcie4_ip_gt_top_i/diablo_gt.diablo_gt_phy_wrapper/phy_clk_i/bufg_gt_userclk/O
    X2Y0 (CLOCK_ROOT)    net (fo=19796, routed)       1.553     5.745    <hidden>
    SLICE_X83Y68         FDCE                                         r  <hidden>
                         clock pessimism              0.105     5.850    
                         clock uncertainty           -0.046     5.804    
    SLICE_X83Y68         FDCE (Recov_EFF_SLICEL_C_CLR)
                                                     -0.066     5.738    <hidden>
  -------------------------------------------------------------------
                         required time                          5.738    
                         arrival time                          -4.077    
  -------------------------------------------------------------------
                         slack                                  1.661    





Min Delay Paths
--------------------------------------------------------------------------------------
Slack (MET) :             0.104ns  (arrival time - required time)
  Source:                 bd_ab_i/bd_xdma/inst/pcie4_ip_i/inst/user_reset_reg/C
                            (rising edge-triggered cell FDPE clocked by bd_xdma_axi_aclk  {rise@0.000ns fall@2.000ns period=4.000ns})
  Destination:            <hidden>
                            (removal check against rising-edge clock bd_xdma_axi_aclk  {rise@0.000ns fall@2.000ns period=4.000ns})
  Path Group:             **async_default**
  Path Type:              Removal (Min at Fast Process Corner)
  Requirement:            0.000ns  (bd_xdma_axi_aclk rise@0.000ns - bd_xdma_axi_aclk rise@0.000ns)
  Data Path Delay:        0.146ns  (logic 0.039ns (26.758%)  route 0.107ns (73.242%))
  Logic Levels:           0  
  Clock Path Skew:        0.062ns (DCD - SCD - CPR)
    Destination Clock Delay (DCD):    1.260ns
    Source Clock Delay      (SCD):    1.103ns
    Clock Pessimism Removal (CPR):    0.095ns
  Clock Net Delay (Source):      0.978ns (routing 0.460ns, distribution 0.518ns)
  Clock Net Delay (Destination): 1.121ns (routing 0.513ns, distribution 0.608ns)

    Location             Delay type                Incr(ns)  Path(ns)    Netlist Resource(s)
  -------------------------------------------------------------------    -------------------
                         (clock bd_xdma_axi_aclk rise edge)
                                                      0.000     0.000 r  
    GTYE4_CHANNEL_X0Y7   GTYE4_CHANNEL                0.000     0.000 r  bd_ab_i/bd_xdma/inst/pcie4_ip_i/inst/bd_ab_bd_xdma_0_pcie4_ip_gt_top_i/diablo_gt.diablo_gt_phy_wrapper/gt_wizard.gtwizard_top_i/bd_ab_bd_xdma_0_pcie4_ip_gt_i/inst/gen_gtwizard_gtye4_top.bd_ab_bd_xdma_0_pcie4_ip_gt_gtwizard_gtye4_inst/gen_gtwizard_gtye4.gen_channel_container[1].gen_enabled_channel.gtye4_channel_wrapper_inst/channel_inst/gtye4_channel_gen.gen_gtye4_channel_inst[3].GTYE4_CHANNEL_PRIM_INST/TXOUTCLK
                         net (fo=7, routed)           0.052     0.052    bd_ab_i/bd_xdma/inst/pcie4_ip_i/inst/bd_ab_bd_xdma_0_pcie4_ip_gt_top_i/diablo_gt.diablo_gt_phy_wrapper/phy_clk_i/GT_TXOUTCLK[0]
    BUFG_GT_X0Y39        BUFG_GT (Prop_BUFG_GT_I_O)
                                                      0.073     0.125 r  bd_ab_i/bd_xdma/inst/pcie4_ip_i/inst/bd_ab_bd_xdma_0_pcie4_ip_gt_top_i/diablo_gt.diablo_gt_phy_wrapper/phy_clk_i/bufg_gt_userclk/O
    X2Y0 (CLOCK_ROOT)    net (fo=19796, routed)       0.978     1.103    bd_ab_i/bd_xdma/inst/pcie4_ip_i/inst/user_clk
    SLICE_X94Y17         FDPE                                         r  bd_ab_i/bd_xdma/inst/pcie4_ip_i/inst/user_reset_reg/C
  -------------------------------------------------------------------    -------------------
    SLICE_X94Y17         FDPE (Prop_EFF_SLICEL_C_Q)
                                                      0.039     1.142 f  bd_ab_i/bd_xdma/inst/pcie4_ip_i/inst/user_reset_reg/Q
                         net (fo=1966, routed)        0.107     1.249    <hidden>
    SLICE_X97Y17         FDCE                                         f  <hidden>
  -------------------------------------------------------------------    -------------------

                         (clock bd_xdma_axi_aclk rise edge)
                                                      0.000     0.000 r  
    GTYE4_CHANNEL_X0Y7   GTYE4_CHANNEL                0.000     0.000 r  bd_ab_i/bd_xdma/inst/pcie4_ip_i/inst/bd_ab_bd_xdma_0_pcie4_ip_gt_top_i/diablo_gt.diablo_gt_phy_wrapper/gt_wizard.gtwizard_top_i/bd_ab_bd_xdma_0_pcie4_ip_gt_i/inst/gen_gtwizard_gtye4_top.bd_ab_bd_xdma_0_pcie4_ip_gt_gtwizard_gtye4_inst/gen_gtwizard_gtye4.gen_channel_container[1].gen_enabled_channel.gtye4_channel_wrapper_inst/channel_inst/gtye4_channel_gen.gen_gtye4_channel_inst[3].GTYE4_CHANNEL_PRIM_INST/TXOUTCLK
                         net (fo=7, routed)           0.057     0.057    bd_ab_i/bd_xdma/inst/pcie4_ip_i/inst/bd_ab_bd_xdma_0_pcie4_ip_gt_top_i/diablo_gt.diablo_gt_phy_wrapper/phy_clk_i/GT_TXOUTCLK[0]
    BUFG_GT_X0Y39        BUFG_GT (Prop_BUFG_GT_I_O)
                                                      0.082     0.139 r  bd_ab_i/bd_xdma/inst/pcie4_ip_i/inst/bd_ab_bd_xdma_0_pcie4_ip_gt_top_i/diablo_gt.diablo_gt_phy_wrapper/phy_clk_i/bufg_gt_userclk/O
    X2Y0 (CLOCK_ROOT)    net (fo=19796, routed)       1.121     1.260    <hidden>
    SLICE_X97Y17         FDCE                                         r  <hidden>
                         clock pessimism             -0.095     1.165    
    SLICE_X97Y17         FDCE (Remov_EFF_SLICEL_C_CLR)
                                                     -0.020     1.145    <hidden>
  -------------------------------------------------------------------
                         required time                         -1.145    
                         arrival time                           1.249    
  -------------------------------------------------------------------
                         slack                                  0.104    





---------------------------------------------------------------------------------------------------
Path Group:  **async_default**
From Clock:  pcie_refclk
  To Clock:  pcie_refclk

Setup :            0  Failing Endpoints,  Worst Slack        7.489ns,  Total Violation        0.000ns
Hold  :            0  Failing Endpoints,  Worst Slack        0.116ns,  Total Violation        0.000ns
---------------------------------------------------------------------------------------------------


Max Delay Paths
--------------------------------------------------------------------------------------
Slack (MET) :             7.489ns  (required time - arrival time)
  Source:                 bd_ab_i/bd_xdma/inst/pcie4_ip_i/inst/sys_reset_in_async_rst_inst/arststages_ff_reg[1]/C
                            (rising edge-triggered cell FDCE clocked by pcie_refclk  {rise@0.000ns fall@5.000ns period=10.000ns})
  Destination:            bd_ab_i/bd_xdma/inst/pcie4_ip_i/inst/bd_ab_bd_xdma_0_pcie4_ip_gt_top_i/diablo_gt.diablo_gt_phy_wrapper/phy_rst_i/rst_n_internal_i_reg[0]/CLR
                            (recovery check against rising-edge clock pcie_refclk  {rise@0.000ns fall@5.000ns period=10.000ns})
  Path Group:             **async_default**
  Path Type:              Recovery (Max at Slow Process Corner)
  Requirement:            10.000ns  (pcie_refclk rise@10.000ns - pcie_refclk rise@0.000ns)
  Data Path Delay:        2.442ns  (logic 0.081ns (3.318%)  route 2.361ns (96.682%))
  Logic Levels:           0  
  Clock Path Skew:        0.032ns (DCD - SCD + CPR)
    Destination Clock Delay (DCD):    2.135ns = ( 12.135 - 10.000 ) 
    Source Clock Delay      (SCD):    2.521ns
    Clock Pessimism Removal (CPR):    0.417ns
  Clock Uncertainty:      0.035ns  ((TSJ^2 + TIJ^2)^1/2 + DJ) / 2 + PE
    Total System Jitter     (TSJ):    0.071ns
    Total Input Jitter      (TIJ):    0.000ns
    Discrete Jitter          (DJ):    0.000ns
    Phase Error              (PE):    0.000ns
  Clock Net Delay (Source):      1.927ns (routing 0.751ns, distribution 1.176ns)
  Clock Net Delay (Destination): 1.840ns (routing 0.686ns, distribution 1.154ns)

    Location             Delay type                Incr(ns)  Path(ns)    Netlist Resource(s)
  -------------------------------------------------------------------    -------------------
                         (clock pcie_refclk rise edge)
                                                      0.000     0.000 r  
    GTYE4_COMMON_X0Y1                                 0.000     0.000 r  pcie_refclk_clk_p[0] (IN)
                         net (fo=0)                   0.000     0.000    bd_ab_i/bd_refbuf/U0/IBUF_DS_P[0]
    GTYE4_COMMON_X0Y1    IBUFDS_GTE4 (Prop_IBUFDS0_GTYE4_GTYE4_COMMON_I_ODIV2)
                                                      0.378     0.378 r  bd_ab_i/bd_refbuf/U0/USE_IBUFDS_GTE4.GEN_IBUFDS_GTE4[0].IBUFDS_GTE4_I/ODIV2
                         net (fo=2, routed)           0.086     0.464    bd_ab_i/bd_xdma/inst/pcie4_ip_i/inst/sys_clk
    BUFG_GT_X0Y38        BUFG_GT (Prop_BUFG_GT_I_O)
                                                      0.130     0.594 r  bd_ab_i/bd_xdma/inst/pcie4_ip_i/inst/bufg_gt_sysclk/O
    X1Y1 (CLOCK_ROOT)    net (fo=3512, routed)        1.927     2.521    bd_ab_i/bd_xdma/inst/pcie4_ip_i/inst/sys_reset_in_async_rst_inst/dest_clk
    SLICE_X0Y106         FDCE                                         r  bd_ab_i/bd_xdma/inst/pcie4_ip_i/inst/sys_reset_in_async_rst_inst/arststages_ff_reg[1]/C
  -------------------------------------------------------------------    -------------------
    SLICE_X0Y106         FDCE (Prop_AFF2_SLICEL_C_Q)
                                                      0.081     2.602 r  bd_ab_i/bd_xdma/inst/pcie4_ip_i/inst/sys_reset_in_async_rst_inst/arststages_ff_reg[1]/Q
                         net (fo=7, routed)           2.361     4.962    bd_ab_i/bd_xdma/inst/pcie4_ip_i/inst/bd_ab_bd_xdma_0_pcie4_ip_gt_top_i/diablo_gt.diablo_gt_phy_wrapper/phy_rst_i/rst_n_internal_i_reg[2]_0
    SLICE_X108Y73        FDCE                                         f  bd_ab_i/bd_xdma/inst/pcie4_ip_i/inst/bd_ab_bd_xdma_0_pcie4_ip_gt_top_i/diablo_gt.diablo_gt_phy_wrapper/phy_rst_i/rst_n_internal_i_reg[0]/CLR  (IS_INVERTED)
  -------------------------------------------------------------------    -------------------

                         (clock pcie_refclk rise edge)
                                                     10.000    10.000 r  
    GTYE4_COMMON_X0Y1                                 0.000    10.000 r  pcie_refclk_clk_p[0] (IN)
                         net (fo=0)                   0.000    10.000    bd_ab_i/bd_refbuf/U0/IBUF_DS_P[0]
    GTYE4_COMMON_X0Y1    IBUFDS_GTE4 (Prop_IBUFDS0_GTYE4_GTYE4_COMMON_I_ODIV2)
                                                      0.103    10.103 r  bd_ab_i/bd_refbuf/U0/USE_IBUFDS_GTE4.GEN_IBUFDS_GTE4[0].IBUFDS_GTE4_I/ODIV2
                         net (fo=2, routed)           0.078    10.181    bd_ab_i/bd_xdma/inst/pcie4_ip_i/inst/sys_clk
    BUFG_GT_X0Y38        BUFG_GT (Prop_BUFG_GT_I_O)
                                                      0.114    10.295 r  bd_ab_i/bd_xdma/inst/pcie4_ip_i/inst/bufg_gt_sysclk/O
    X1Y1 (CLOCK_ROOT)    net (fo=3512, routed)        1.840    12.135    bd_ab_i/bd_xdma/inst/pcie4_ip_i/inst/bd_ab_bd_xdma_0_pcie4_ip_gt_top_i/diablo_gt.diablo_gt_phy_wrapper/phy_rst_i/sys_clk_bufg
    SLICE_X108Y73        FDCE                                         r  bd_ab_i/bd_xdma/inst/pcie4_ip_i/inst/bd_ab_bd_xdma_0_pcie4_ip_gt_top_i/diablo_gt.diablo_gt_phy_wrapper/phy_rst_i/rst_n_internal_i_reg[0]/C
                         clock pessimism              0.417    12.553    
                         clock uncertainty           -0.035    12.517    
    SLICE_X108Y73        FDCE (Recov_DFF2_SLICEL_C_CLR)
                                                     -0.066    12.451    bd_ab_i/bd_xdma/inst/pcie4_ip_i/inst/bd_ab_bd_xdma_0_pcie4_ip_gt_top_i/diablo_gt.diablo_gt_phy_wrapper/phy_rst_i/rst_n_internal_i_reg[0]
  -------------------------------------------------------------------
                         required time                         12.451    
                         arrival time                          -4.962    
  -------------------------------------------------------------------
                         slack                                  7.489    





Min Delay Paths
--------------------------------------------------------------------------------------
Slack (MET) :             0.116ns  (arrival time - required time)
  Source:                 bd_ab_i/bd_xdma/inst/pcie4_ip_i/inst/bd_ab_bd_xdma_0_pcie4_ip_gt_top_i/diablo_gt.diablo_gt_phy_wrapper/gt_wizard.gtwizard_top_i/bd_ab_bd_xdma_0_pcie4_ip_gt_i/inst/gen_gtwizard_gtye4_top.bd_ab_bd_xdma_0_pcie4_ip_gt_gtwizard_gtye4_inst/gen_gtwizard_gtye4.gen_cpll_cal_gtye4.gen_cpll_cal_inst[6].gen_inst_cpll_cal.gtwizard_ultrascale_v1_7_20_gtye4_cpll_cal_inst/reset_synchronizer_resetin_tx_inst/rst_in_out_reg/C
                            (rising edge-triggered cell FDPE clocked by pcie_refclk  {rise@0.000ns fall@5.000ns period=10.000ns})
  Destination:            bd_ab_i/bd_xdma/inst/pcie4_ip_i/inst/bd_ab_bd_xdma_0_pcie4_ip_gt_top_i/diablo_gt.diablo_gt_phy_wrapper/gt_wizard.gtwizard_top_i/bd_ab_bd_xdma_0_pcie4_ip_gt_i/inst/gen_gtwizard_gtye4_top.bd_ab_bd_xdma_0_pcie4_ip_gt_gtwizard_gtye4_inst/gen_gtwizard_gtye4.gen_cpll_cal_gtye4.gen_cpll_cal_inst[6].gen_inst_cpll_cal.gtwizard_ultrascale_v1_7_20_gtye4_cpll_cal_inst/gtwizard_ultrascale_v1_7_20_gtye4_cpll_cal_tx_i/drp_state_reg[0]/PRE
                            (removal check against rising-edge clock pcie_refclk  {rise@0.000ns fall@5.000ns period=10.000ns})
  Path Group:             **async_default**
  Path Type:              Removal (Min at Fast Process Corner)
  Requirement:            0.000ns  (pcie_refclk rise@0.000ns - pcie_refclk rise@0.000ns)
  Data Path Delay:        0.157ns  (logic 0.038ns (24.196%)  route 0.119ns (75.804%))
  Logic Levels:           0  
  Clock Path Skew:        0.061ns (DCD - SCD - CPR)
    Destination Clock Delay (DCD):    1.654ns
    Source Clock Delay      (SCD):    1.328ns
    Clock Pessimism Removal (CPR):    0.265ns
  Clock Net Delay (Source):      1.114ns (routing 0.402ns, distribution 0.712ns)
  Clock Net Delay (Destination): 1.259ns (routing 0.444ns, distribution 0.815ns)

    Location             Delay type                Incr(ns)  Path(ns)    Netlist Resource(s)
  -------------------------------------------------------------------    -------------------
                         (clock pcie_refclk rise edge)
                                                      0.000     0.000 r  
    GTYE4_COMMON_X0Y1                                 0.000     0.000 r  pcie_refclk_clk_p[0] (IN)
                         net (fo=0)                   0.000     0.000    bd_ab_i/bd_refbuf/U0/IBUF_DS_P[0]
    GTYE4_COMMON_X0Y1    IBUFDS_GTE4 (Prop_IBUFDS0_GTYE4_GTYE4_COMMON_I_ODIV2)
                                                      0.088     0.088 r  bd_ab_i/bd_refbuf/U0/USE_IBUFDS_GTE4.GEN_IBUFDS_GTE4[0].IBUFDS_GTE4_I/ODIV2
                         net (fo=2, routed)           0.053     0.141    bd_ab_i/bd_xdma/inst/pcie4_ip_i/inst/sys_clk
    BUFG_GT_X0Y38        BUFG_GT (Prop_BUFG_GT_I_O)
                                                      0.073     0.214 r  bd_ab_i/bd_xdma/inst/pcie4_ip_i/inst/bufg_gt_sysclk/O
    X1Y1 (CLOCK_ROOT)    net (fo=3512, routed)        1.114     1.328    bd_ab_i/bd_xdma/inst/pcie4_ip_i/inst/bd_ab_bd_xdma_0_pcie4_ip_gt_top_i/diablo_gt.diablo_gt_phy_wrapper/gt_wizard.gtwizard_top_i/bd_ab_bd_xdma_0_pcie4_ip_gt_i/inst/gen_gtwizard_gtye4_top.bd_ab_bd_xdma_0_pcie4_ip_gt_gtwizard_gtye4_inst/gen_gtwizard_gtye4.gen_cpll_cal_gtye4.gen_cpll_cal_inst[6].gen_inst_cpll_cal.gtwizard_ultrascale_v1_7_20_gtye4_cpll_cal_inst/reset_synchronizer_resetin_tx_inst/drpclk_common_in[0]
    SLICE_X112Y94        FDPE                                         r  bd_ab_i/bd_xdma/inst/pcie4_ip_i/inst/bd_ab_bd_xdma_0_pcie4_ip_gt_top_i/diablo_gt.diablo_gt_phy_wrapper/gt_wizard.gtwizard_top_i/bd_ab_bd_xdma_0_pcie4_ip_gt_i/inst/gen_gtwizard_gtye4_top.bd_ab_bd_xdma_0_pcie4_ip_gt_gtwizard_gtye4_inst/gen_gtwizard_gtye4.gen_cpll_cal_gtye4.gen_cpll_cal_inst[6].gen_inst_cpll_cal.gtwizard_ultrascale_v1_7_20_gtye4_cpll_cal_inst/reset_synchronizer_resetin_tx_inst/rst_in_out_reg/C
  -------------------------------------------------------------------    -------------------
    SLICE_X112Y94        FDPE (Prop_EFF_SLICEM_C_Q)
                                                      0.038     1.366 f  bd_ab_i/bd_xdma/inst/pcie4_ip_i/inst/bd_ab_bd_xdma_0_pcie4_ip_gt_top_i/diablo_gt.diablo_gt_phy_wrapper/gt_wizard.gtwizard_top_i/bd_ab_bd_xdma_0_pcie4_ip_gt_i/inst/gen_gtwizard_gtye4_top.bd_ab_bd_xdma_0_pcie4_ip_gt_gtwizard_gtye4_inst/gen_gtwizard_gtye4.gen_cpll_cal_gtye4.gen_cpll_cal_inst[6].gen_inst_cpll_cal.gtwizard_ultrascale_v1_7_20_gtye4_cpll_cal_inst/reset_synchronizer_resetin_tx_inst/rst_in_out_reg/Q
                         net (fo=73, routed)          0.119     1.485    bd_ab_i/bd_xdma/inst/pcie4_ip_i/inst/bd_ab_bd_xdma_0_pcie4_ip_gt_top_i/diablo_gt.diablo_gt_phy_wrapper/gt_wizard.gtwizard_top_i/bd_ab_bd_xdma_0_pcie4_ip_gt_i/inst/gen_gtwizard_gtye4_top.bd_ab_bd_xdma_0_pcie4_ip_gt_gtwizard_gtye4_inst/gen_gtwizard_gtye4.gen_cpll_cal_gtye4.gen_cpll_cal_inst[6].gen_inst_cpll_cal.gtwizard_ultrascale_v1_7_20_gtye4_cpll_cal_inst/gtwizard_ultrascale_v1_7_20_gtye4_cpll_cal_tx_i/AS[0]
    SLICE_X110Y94        FDPE                                         f  bd_ab_i/bd_xdma/inst/pcie4_ip_i/inst/bd_ab_bd_xdma_0_pcie4_ip_gt_top_i/diablo_gt.diablo_gt_phy_wrapper/gt_wizard.gtwizard_top_i/bd_ab_bd_xdma_0_pcie4_ip_gt_i/inst/gen_gtwizard_gtye4_top.bd_ab_bd_xdma_0_pcie4_ip_gt_gtwizard_gtye4_inst/gen_gtwizard_gtye4.gen_cpll_cal_gtye4.gen_cpll_cal_inst[6].gen_inst_cpll_cal.gtwizard_ultrascale_v1_7_20_gtye4_cpll_cal_inst/gtwizard_ultrascale_v1_7_20_gtye4_cpll_cal_tx_i/drp_state_reg[0]/PRE
  -------------------------------------------------------------------    -------------------

                         (clock pcie_refclk rise edge)
                                                      0.000     0.000 r  
    GTYE4_COMMON_X0Y1                                 0.000     0.000 r  pcie_refclk_clk_p[0] (IN)
                         net (fo=0)                   0.000     0.000    bd_ab_i/bd_refbuf/U0/IBUF_DS_P[0]
    GTYE4_COMMON_X0Y1    IBUFDS_GTE4 (Prop_IBUFDS0_GTYE4_GTYE4_COMMON_I_ODIV2)
                                                      0.256     0.256 r  bd_ab_i/bd_refbuf/U0/USE_IBUFDS_GTE4.GEN_IBUFDS_GTE4[0].IBUFDS_GTE4_I/ODIV2
                         net (fo=2, routed)           0.058     0.314    bd_ab_i/bd_xdma/inst/pcie4_ip_i/inst/sys_clk
    BUFG_GT_X0Y38        BUFG_GT (Prop_BUFG_GT_I_O)
                                                      0.082     0.396 r  bd_ab_i/bd_xdma/inst/pcie4_ip_i/inst/bufg_gt_sysclk/O
    X1Y1 (CLOCK_ROOT)    net (fo=3512, routed)        1.259     1.654    bd_ab_i/bd_xdma/inst/pcie4_ip_i/inst/bd_ab_bd_xdma_0_pcie4_ip_gt_top_i/diablo_gt.diablo_gt_phy_wrapper/gt_wizard.gtwizard_top_i/bd_ab_bd_xdma_0_pcie4_ip_gt_i/inst/gen_gtwizard_gtye4_top.bd_ab_bd_xdma_0_pcie4_ip_gt_gtwizard_gtye4_inst/gen_gtwizard_gtye4.gen_cpll_cal_gtye4.gen_cpll_cal_inst[6].gen_inst_cpll_cal.gtwizard_ultrascale_v1_7_20_gtye4_cpll_cal_inst/gtwizard_ultrascale_v1_7_20_gtye4_cpll_cal_tx_i/drpclk_common_in[0]
    SLICE_X110Y94        FDPE                                         r  bd_ab_i/bd_xdma/inst/pcie4_ip_i/inst/bd_ab_bd_xdma_0_pcie4_ip_gt_top_i/diablo_gt.diablo_gt_phy_wrapper/gt_wizard.gtwizard_top_i/bd_ab_bd_xdma_0_pcie4_ip_gt_i/inst/gen_gtwizard_gtye4_top.bd_ab_bd_xdma_0_pcie4_ip_gt_gtwizard_gtye4_inst/gen_gtwizard_gtye4.gen_cpll_cal_gtye4.gen_cpll_cal_inst[6].gen_inst_cpll_cal.gtwizard_ultrascale_v1_7_20_gtye4_cpll_cal_inst/gtwizard_ultrascale_v1_7_20_gtye4_cpll_cal_tx_i/drp_state_reg[0]/C
                         clock pessimism             -0.265     1.389    
    SLICE_X110Y94        FDPE (Remov_BFF2_SLICEM_C_PRE)
                                                     -0.020     1.369    bd_ab_i/bd_xdma/inst/pcie4_ip_i/inst/bd_ab_bd_xdma_0_pcie4_ip_gt_top_i/diablo_gt.diablo_gt_phy_wrapper/gt_wizard.gtwizard_top_i/bd_ab_bd_xdma_0_pcie4_ip_gt_i/inst/gen_gtwizard_gtye4_top.bd_ab_bd_xdma_0_pcie4_ip_gt_gtwizard_gtye4_inst/gen_gtwizard_gtye4.gen_cpll_cal_gtye4.gen_cpll_cal_inst[6].gen_inst_cpll_cal.gtwizard_ultrascale_v1_7_20_gtye4_cpll_cal_inst/gtwizard_ultrascale_v1_7_20_gtye4_cpll_cal_tx_i/drp_state_reg[0]
  -------------------------------------------------------------------
                         required time                         -1.369    
                         arrival time                           1.485    
  -------------------------------------------------------------------
                         slack                                  0.116    





---------------------------------------------------------------------------------------------------
Path Group:  **async_default**
From Clock:  pipe_clk
  To Clock:  pipe_clk

Setup :            0  Failing Endpoints,  Worst Slack        2.459ns,  Total Violation        0.000ns
Hold  :            0  Failing Endpoints,  Worst Slack        0.260ns,  Total Violation        0.000ns
---------------------------------------------------------------------------------------------------


Max Delay Paths
--------------------------------------------------------------------------------------
Slack (MET) :             2.459ns  (required time - arrival time)
  Source:                 bd_ab_i/bd_xdma/inst/pcie4_ip_i/inst/sys_or_hot_rst_pclk_inst/arststages_ff_reg[1]/C
                            (rising edge-triggered cell FDPE clocked by pipe_clk  {rise@0.000ns fall@2.000ns period=4.000ns})
  Destination:            bd_ab_i/bd_xdma/inst/pcie4_ip_i/inst/as_mac_in_detect_ff1_reg/PRE
                            (recovery check against rising-edge clock pipe_clk  {rise@0.000ns fall@2.000ns period=4.000ns})
  Path Group:             **async_default**
  Path Type:              Recovery (Max at Slow Process Corner)
  Requirement:            4.000ns  (pipe_clk rise@4.000ns - pipe_clk rise@0.000ns)
  Data Path Delay:        1.305ns  (logic 0.081ns (6.206%)  route 1.224ns (93.794%))
  Logic Levels:           0  
  Clock Path Skew:        -0.124ns (DCD - SCD + CPR)
    Destination Clock Delay (DCD):    1.761ns = ( 5.761 - 4.000 ) 
    Source Clock Delay      (SCD):    2.034ns
    Clock Pessimism Removal (CPR):    0.149ns
  Clock Uncertainty:      0.046ns  ((TSJ^2 + DJ^2)^1/2) / 2 + PE
    Total System Jitter     (TSJ):    0.071ns
    Discrete Jitter          (DJ):    0.060ns
    Phase Error              (PE):    0.000ns
  Clock Net Delay (Source):      1.819ns (routing 0.850ns, distribution 0.969ns)
  Clock Net Delay (Destination): 1.569ns (routing 0.768ns, distribution 0.801ns)

    Location             Delay type                Incr(ns)  Path(ns)    Netlist Resource(s)
  -------------------------------------------------------------------    -------------------
                         (clock pipe_clk rise edge)
                                                      0.000     0.000 r  
    GTYE4_CHANNEL_X0Y7   GTYE4_CHANNEL                0.000     0.000 r  bd_ab_i/bd_xdma/inst/pcie4_ip_i/inst/bd_ab_bd_xdma_0_pcie4_ip_gt_top_i/diablo_gt.diablo_gt_phy_wrapper/gt_wizard.gtwizard_top_i/bd_ab_bd_xdma_0_pcie4_ip_gt_i/inst/gen_gtwizard_gtye4_top.bd_ab_bd_xdma_0_pcie4_ip_gt_gtwizard_gtye4_inst/gen_gtwizard_gtye4.gen_channel_container[1].gen_enabled_channel.gtye4_channel_wrapper_inst/channel_inst/gtye4_channel_gen.gen_gtye4_channel_inst[3].GTYE4_CHANNEL_PRIM_INST/TXOUTCLK
                         net (fo=7, routed)           0.085     0.085    bd_ab_i/bd_xdma/inst/pcie4_ip_i/inst/bd_ab_bd_xdma_0_pcie4_ip_gt_top_i/diablo_gt.diablo_gt_phy_wrapper/phy_clk_i/GT_TXOUTCLK[0]
    BUFG_GT_X0Y40        BUFG_GT (Prop_BUFG_GT_I_O)
                                                      0.130     0.215 r  bd_ab_i/bd_xdma/inst/pcie4_ip_i/inst/bd_ab_bd_xdma_0_pcie4_ip_gt_top_i/diablo_gt.diablo_gt_phy_wrapper/phy_clk_i/bufg_gt_pclk/O
    X2Y0 (CLOCK_ROOT)    net (fo=2246, routed)        1.819     2.034    bd_ab_i/bd_xdma/inst/pcie4_ip_i/inst/sys_or_hot_rst_pclk_inst/dest_clk
    SLICE_X104Y34        FDPE                                         r  bd_ab_i/bd_xdma/inst/pcie4_ip_i/inst/sys_or_hot_rst_pclk_inst/arststages_ff_reg[1]/C
  -------------------------------------------------------------------    -------------------
    SLICE_X104Y34        FDPE (Prop_EFF2_SLICEL_C_Q)
                                                      0.081     2.115 f  bd_ab_i/bd_xdma/inst/pcie4_ip_i/inst/sys_or_hot_rst_pclk_inst/arststages_ff_reg[1]/Q
                         net (fo=5, routed)           1.224     3.339    bd_ab_i/bd_xdma/inst/pcie4_ip_i/inst/sys_or_hot_rst_pclk
    SLICE_X100Y29        FDPE                                         f  bd_ab_i/bd_xdma/inst/pcie4_ip_i/inst/as_mac_in_detect_ff1_reg/PRE
  -------------------------------------------------------------------    -------------------

                         (clock pipe_clk rise edge)
                                                      4.000     4.000 r  
    GTYE4_CHANNEL_X0Y7   GTYE4_CHANNEL                0.000     4.000 r  bd_ab_i/bd_xdma/inst/pcie4_ip_i/inst/bd_ab_bd_xdma_0_pcie4_ip_gt_top_i/diablo_gt.diablo_gt_phy_wrapper/gt_wizard.gtwizard_top_i/bd_ab_bd_xdma_0_pcie4_ip_gt_i/inst/gen_gtwizard_gtye4_top.bd_ab_bd_xdma_0_pcie4_ip_gt_gtwizard_gtye4_inst/gen_gtwizard_gtye4.gen_channel_container[1].gen_enabled_channel.gtye4_channel_wrapper_inst/channel_inst/gtye4_channel_gen.gen_gtye4_channel_inst[3].GTYE4_CHANNEL_PRIM_INST/TXOUTCLK
                         net (fo=7, routed)           0.078     4.078    bd_ab_i/bd_xdma/inst/pcie4_ip_i/inst/bd_ab_bd_xdma_0_pcie4_ip_gt_top_i/diablo_gt.diablo_gt_phy_wrapper/phy_clk_i/GT_TXOUTCLK[0]
    BUFG_GT_X0Y40        BUFG_GT (Prop_BUFG_GT_I_O)
                                                      0.114     4.192 r  bd_ab_i/bd_xdma/inst/pcie4_ip_i/inst/bd_ab_bd_xdma_0_pcie4_ip_gt_top_i/diablo_gt.diablo_gt_phy_wrapper/phy_clk_i/bufg_gt_pclk/O
    X2Y0 (CLOCK_ROOT)    net (fo=2246, routed)        1.569     5.761    bd_ab_i/bd_xdma/inst/pcie4_ip_i/inst/pipe_clk
    SLICE_X100Y29        FDPE                                         r  bd_ab_i/bd_xdma/inst/pcie4_ip_i/inst/as_mac_in_detect_ff1_reg/C
                         clock pessimism              0.149     5.910    
                         clock uncertainty           -0.046     5.864    
    SLICE_X100Y29        FDPE (Recov_EFF_SLICEL_C_PRE)
                                                     -0.066     5.798    bd_ab_i/bd_xdma/inst/pcie4_ip_i/inst/as_mac_in_detect_ff1_reg
  -------------------------------------------------------------------
                         required time                          5.798    
                         arrival time                          -3.339    
  -------------------------------------------------------------------
                         slack                                  2.459    





Min Delay Paths
--------------------------------------------------------------------------------------
Slack (MET) :             0.260ns  (arrival time - required time)
  Source:                 bd_ab_i/bd_xdma/inst/pcie4_ip_i/inst/bd_ab_bd_xdma_0_pcie4_ip_gt_top_i/diablo_gt.diablo_gt_phy_wrapper/rst_psrst_n_r_rep_reg/C
                            (rising edge-triggered cell FDRE clocked by pipe_clk  {rise@0.000ns fall@2.000ns period=4.000ns})
  Destination:            bd_ab_i/bd_xdma/inst/pcie4_ip_i/inst/bd_ab_bd_xdma_0_pcie4_ip_gt_top_i/phy_pipeline/per_lane_ff_chain[0].phy_phystatus_chain/with_ff_chain.ff_chain_gen[0].async_rst.ff_chain_reg[1][0]/PRE
                            (removal check against rising-edge clock pipe_clk  {rise@0.000ns fall@2.000ns period=4.000ns})
  Path Group:             **async_default**
  Path Type:              Removal (Min at Fast Process Corner)
  Requirement:            0.000ns  (pipe_clk rise@0.000ns - pipe_clk rise@0.000ns)
  Data Path Delay:        0.300ns  (logic 0.038ns (12.677%)  route 0.262ns (87.323%))
  Logic Levels:           0  
  Clock Path Skew:        0.059ns (DCD - SCD - CPR)
    Destination Clock Delay (DCD):    1.293ns
    Source Clock Delay      (SCD):    1.139ns
    Clock Pessimism Removal (CPR):    0.096ns
  Clock Net Delay (Source):      1.014ns (routing 0.461ns, distribution 0.553ns)
  Clock Net Delay (Destination): 1.154ns (routing 0.515ns, distribution 0.639ns)

    Location             Delay type                Incr(ns)  Path(ns)    Netlist Resource(s)
  -------------------------------------------------------------------    -------------------
                         (clock pipe_clk rise edge)
                                                      0.000     0.000 r  
    GTYE4_CHANNEL_X0Y7   GTYE4_CHANNEL                0.000     0.000 r  bd_ab_i/bd_xdma/inst/pcie4_ip_i/inst/bd_ab_bd_xdma_0_pcie4_ip_gt_top_i/diablo_gt.diablo_gt_phy_wrapper/gt_wizard.gtwizard_top_i/bd_ab_bd_xdma_0_pcie4_ip_gt_i/inst/gen_gtwizard_gtye4_top.bd_ab_bd_xdma_0_pcie4_ip_gt_gtwizard_gtye4_inst/gen_gtwizard_gtye4.gen_channel_container[1].gen_enabled_channel.gtye4_channel_wrapper_inst/channel_inst/gtye4_channel_gen.gen_gtye4_channel_inst[3].GTYE4_CHANNEL_PRIM_INST/TXOUTCLK
                         net (fo=7, routed)           0.052     0.052    bd_ab_i/bd_xdma/inst/pcie4_ip_i/inst/bd_ab_bd_xdma_0_pcie4_ip_gt_top_i/diablo_gt.diablo_gt_phy_wrapper/phy_clk_i/GT_TXOUTCLK[0]
    BUFG_GT_X0Y40        BUFG_GT (Prop_BUFG_GT_I_O)
                                                      0.073     0.125 r  bd_ab_i/bd_xdma/inst/pcie4_ip_i/inst/bd_ab_bd_xdma_0_pcie4_ip_gt_top_i/diablo_gt.diablo_gt_phy_wrapper/phy_clk_i/bufg_gt_pclk/O
    X2Y0 (CLOCK_ROOT)    net (fo=2246, routed)        1.014     1.139    bd_ab_i/bd_xdma/inst/pcie4_ip_i/inst/bd_ab_bd_xdma_0_pcie4_ip_gt_top_i/diablo_gt.diablo_gt_phy_wrapper/CLK_PCLK2
    SLICE_X106Y43        FDRE                                         r  bd_ab_i/bd_xdma/inst/pcie4_ip_i/inst/bd_ab_bd_xdma_0_pcie4_ip_gt_top_i/diablo_gt.diablo_gt_phy_wrapper/rst_psrst_n_r_rep_reg/C
  -------------------------------------------------------------------    -------------------
    SLICE_X106Y43        FDRE (Prop_EFF_SLICEM_C_Q)
                                                      0.038     1.177 r  bd_ab_i/bd_xdma/inst/pcie4_ip_i/inst/bd_ab_bd_xdma_0_pcie4_ip_gt_top_i/diablo_gt.diablo_gt_phy_wrapper/rst_psrst_n_r_rep_reg/Q
                         net (fo=357, routed)         0.262     1.438    bd_ab_i/bd_xdma/inst/pcie4_ip_i/inst/bd_ab_bd_xdma_0_pcie4_ip_gt_top_i/phy_pipeline/per_lane_ff_chain[0].phy_phystatus_chain/rst_psrst_n_r_rep_reg_0[0]_alias
    SLICE_X107Y48        FDPE                                         f  bd_ab_i/bd_xdma/inst/pcie4_ip_i/inst/bd_ab_bd_xdma_0_pcie4_ip_gt_top_i/phy_pipeline/per_lane_ff_chain[0].phy_phystatus_chain/with_ff_chain.ff_chain_gen[0].async_rst.ff_chain_reg[1][0]/PRE  (IS_INVERTED)
  -------------------------------------------------------------------    -------------------

                         (clock pipe_clk rise edge)
                                                      0.000     0.000 r  
    GTYE4_CHANNEL_X0Y7   GTYE4_CHANNEL                0.000     0.000 r  bd_ab_i/bd_xdma/inst/pcie4_ip_i/inst/bd_ab_bd_xdma_0_pcie4_ip_gt_top_i/diablo_gt.diablo_gt_phy_wrapper/gt_wizard.gtwizard_top_i/bd_ab_bd_xdma_0_pcie4_ip_gt_i/inst/gen_gtwizard_gtye4_top.bd_ab_bd_xdma_0_pcie4_ip_gt_gtwizard_gtye4_inst/gen_gtwizard_gtye4.gen_channel_container[1].gen_enabled_channel.gtye4_channel_wrapper_inst/channel_inst/gtye4_channel_gen.gen_gtye4_channel_inst[3].GTYE4_CHANNEL_PRIM_INST/TXOUTCLK
                         net (fo=7, routed)           0.057     0.057    bd_ab_i/bd_xdma/inst/pcie4_ip_i/inst/bd_ab_bd_xdma_0_pcie4_ip_gt_top_i/diablo_gt.diablo_gt_phy_wrapper/phy_clk_i/GT_TXOUTCLK[0]
    BUFG_GT_X0Y40        BUFG_GT (Prop_BUFG_GT_I_O)
                                                      0.082     0.139 r  bd_ab_i/bd_xdma/inst/pcie4_ip_i/inst/bd_ab_bd_xdma_0_pcie4_ip_gt_top_i/diablo_gt.diablo_gt_phy_wrapper/phy_clk_i/bufg_gt_pclk/O
    X2Y0 (CLOCK_ROOT)    net (fo=2246, routed)        1.154     1.293    bd_ab_i/bd_xdma/inst/pcie4_ip_i/inst/bd_ab_bd_xdma_0_pcie4_ip_gt_top_i/phy_pipeline/per_lane_ff_chain[0].phy_phystatus_chain/CLK
    SLICE_X107Y48        FDPE                                         r  bd_ab_i/bd_xdma/inst/pcie4_ip_i/inst/bd_ab_bd_xdma_0_pcie4_ip_gt_top_i/phy_pipeline/per_lane_ff_chain[0].phy_phystatus_chain/with_ff_chain.ff_chain_gen[0].async_rst.ff_chain_reg[1][0]/C
                         clock pessimism             -0.096     1.198    
    SLICE_X107Y48        FDPE (Remov_EFF_SLICEM_C_PRE)
                                                     -0.020     1.178    bd_ab_i/bd_xdma/inst/pcie4_ip_i/inst/bd_ab_bd_xdma_0_pcie4_ip_gt_top_i/phy_pipeline/per_lane_ff_chain[0].phy_phystatus_chain/with_ff_chain.ff_chain_gen[0].async_rst.ff_chain_reg[1][0]
  -------------------------------------------------------------------
                         required time                         -1.178    
                         arrival time                           1.438    
  -------------------------------------------------------------------
                         slack                                  0.260    





