
*** Running vivado
    with args -log bd_ab_bd_xdma_0.vds -m64 -product Vivado -mode batch -messageDb vivado.pb -notrace -source bd_ab_bd_xdma_0.tcl



****** Vivado v2025.1 (64-bit)
  **** SW Build 6140274 on Thu May 22 00:12:29 MDT 2025
  **** IP Build 6138677 on Thu May 22 03:10:11 MDT 2025
  **** SharedData Build 6139179 on Tue May 20 17:58:58 MDT 2025
  **** Start of session at: Wed Sep  9 11:57:12 2026
    ** Copyright 1986-2022 Xilinx, Inc. All Rights Reserved.
    ** Copyright 2022-2025 Advanced Micro Devices, Inc. All Rights Reserved.

source bd_ab_bd_xdma_0.tcl -notrace
create_project: Time (s): cpu = 00:00:09 ; elapsed = 00:00:06 . Memory (MB): peak = 656.410 ; gain = 204.980
Command: synth_design -top bd_ab_bd_xdma_0 -part xcku5p-ffvb676-2-e -incremental_mode off -mode out_of_context
Starting synth_design
Attempting to get a license for feature 'Synthesis' and/or device 'xcku5p'
INFO: [Common 17-349] Got license for feature 'Synthesis' and/or device 'xcku5p'
INFO: [Device 21-403] Loading part xcku5p-ffvb676-2-e
INFO: [Synth 8-7079] Multithreading enabled for synth_design using a maximum of 2 processes.
INFO: [Synth 8-7078] Launching helper process for spawning children vivado processes
INFO: [Synth 8-7075] Helper process launched with PID 26220
---------------------------------------------------------------------------------
Starting RTL Elaboration : Time (s): cpu = 00:00:08 ; elapsed = 00:00:08 . Memory (MB): peak = 2067.449 ; gain = 243.023
---------------------------------------------------------------------------------
INFO: [Synth 8-11241] undeclared symbol 'RdDeQ', assumed default net type 'wire' [c:/Users/diego/Documents/TF-BB84/qkd_abc/vivado/nodo_a/nodo_a.gen/sources_1/bd/bd_ab/ipshared/1a94/hdl/verilog/axidma_fifo.vh:179]
INFO: [Synth 8-11241] undeclared symbol 'cfg_config_space_enable', assumed default net type 'wire' [c:/Users/diego/Documents/TF-BB84/qkd_abc/vivado/nodo_a/nodo_a.gen/sources_1/bd/bd_ab/ip/bd_ab_bd_xdma_0/xdma_v4_2/hdl/verilog/bd_ab_bd_xdma_0_core_top.sv:4348]
INFO: [Synth 8-11241] undeclared symbol 'cfg_hot_reset_in', assumed default net type 'wire' [c:/Users/diego/Documents/TF-BB84/qkd_abc/vivado/nodo_a/nodo_a.gen/sources_1/bd/bd_ab/ip/bd_ab_bd_xdma_0/xdma_v4_2/hdl/verilog/bd_ab_bd_xdma_0_core_top.sv:4349]
INFO: [Synth 8-11241] undeclared symbol 'usr_irq_fail', assumed default net type 'wire' [c:/Users/diego/Documents/TF-BB84/qkd_abc/vivado/nodo_a/nodo_a.gen/sources_1/bd/bd_ab/ip/bd_ab_bd_xdma_0/xdma_v4_2/hdl/verilog/bd_ab_bd_xdma_0_core_top.sv:4838]
WARNING: [Synth 8-10940] macro 'XPREG' is redefined [c:/Users/diego/Documents/TF-BB84/qkd_abc/vivado/nodo_a/nodo_a.gen/sources_1/bd/bd_ab/ip/bd_ab_bd_xdma_0/ip_0/source/bd_ab_bd_xdma_0_pcie4_ip_pipe.v:66]
INFO: [Synth 8-11241] undeclared symbol 'conf_mcap_design_switch_o', assumed default net type 'wire' [c:/Users/diego/Documents/TF-BB84/qkd_abc/vivado/nodo_a/nodo_a.gen/sources_1/bd/bd_ab/ip/bd_ab_bd_xdma_0/ip_0/source/bd_ab_bd_xdma_0_pcie4_ip_pcie4_uscale_core_top.v:5699]
INFO: [Synth 8-6157] synthesizing module 'bd_ab_bd_xdma_0' [c:/Users/diego/Documents/TF-BB84/qkd_abc/vivado/nodo_a/nodo_a.gen/sources_1/bd/bd_ab/ip/bd_ab_bd_xdma_0/synth/bd_ab_bd_xdma_0.sv:53]
INFO: [Synth 8-6157] synthesizing module 'bd_ab_bd_xdma_0_core_top' [c:/Users/diego/Documents/TF-BB84/qkd_abc/vivado/nodo_a/nodo_a.gen/sources_1/bd/bd_ab/ip/bd_ab_bd_xdma_0/xdma_v4_2/hdl/verilog/bd_ab_bd_xdma_0_core_top.sv:60]
INFO: [Synth 8-6157] synthesizing module 'dma_pcie_axis_rq_if' [c:/Users/diego/Documents/TF-BB84/qkd_abc/vivado/nodo_a/nodo_a.gen/sources_1/bd/bd_ab/ipshared/1a94/hdl/verilog/dma_pcie_axis_rq_if.svh:3]
	Parameter DATA_WIDTH bound to: 256 - type: integer 
	Parameter USER_WIDTH bound to: 62 - type: integer 
INFO: [Synth 8-6155] done synthesizing module 'dma_pcie_axis_rq_if' (0#1) [c:/Users/diego/Documents/TF-BB84/qkd_abc/vivado/nodo_a/nodo_a.gen/sources_1/bd/bd_ab/ipshared/1a94/hdl/verilog/dma_pcie_axis_rq_if.svh:3]
INFO: [Synth 8-6157] synthesizing module 'dma_pcie_axis_cc_if' [c:/Users/diego/Documents/TF-BB84/qkd_abc/vivado/nodo_a/nodo_a.gen/sources_1/bd/bd_ab/ipshared/1a94/hdl/verilog/dma_pcie_axis_cc_if.svh:3]
	Parameter DATA_WIDTH bound to: 256 - type: integer 
	Parameter USER_WIDTH bound to: 33 - type: integer 
INFO: [Synth 8-6155] done synthesizing module 'dma_pcie_axis_cc_if' (0#1) [c:/Users/diego/Documents/TF-BB84/qkd_abc/vivado/nodo_a/nodo_a.gen/sources_1/bd/bd_ab/ipshared/1a94/hdl/verilog/dma_pcie_axis_cc_if.svh:3]
INFO: [Synth 8-6157] synthesizing module 'dma_pcie_axis_rc_if' [c:/Users/diego/Documents/TF-BB84/qkd_abc/vivado/nodo_a/nodo_a.gen/sources_1/bd/bd_ab/ipshared/1a94/hdl/verilog/dma_pcie_axis_rc_if.svh:3]
	Parameter DATA_WIDTH bound to: 256 - type: integer 
	Parameter USER_WIDTH bound to: 75 - type: integer 
INFO: [Synth 8-6155] done synthesizing module 'dma_pcie_axis_rc_if' (0#1) [c:/Users/diego/Documents/TF-BB84/qkd_abc/vivado/nodo_a/nodo_a.gen/sources_1/bd/bd_ab/ipshared/1a94/hdl/verilog/dma_pcie_axis_rc_if.svh:3]
INFO: [Synth 8-6157] synthesizing module 'dma_pcie_axis_cq_if' [c:/Users/diego/Documents/TF-BB84/qkd_abc/vivado/nodo_a/nodo_a.gen/sources_1/bd/bd_ab/ipshared/1a94/hdl/verilog/dma_pcie_axis_cq_if.svh:3]
	Parameter DATA_WIDTH bound to: 256 - type: integer 
	Parameter USER_WIDTH bound to: 88 - type: integer 
INFO: [Synth 8-6155] done synthesizing module 'dma_pcie_axis_cq_if' (0#1) [c:/Users/diego/Documents/TF-BB84/qkd_abc/vivado/nodo_a/nodo_a.gen/sources_1/bd/bd_ab/ipshared/1a94/hdl/verilog/dma_pcie_axis_cq_if.svh:3]
INFO: [Synth 8-6157] synthesizing module 'dma_pcie_misc_output_if' [c:/Users/diego/Documents/TF-BB84/qkd_abc/vivado/nodo_a/nodo_a.gen/sources_1/bd/bd_ab/ipshared/1a94/hdl/verilog/dma_pcie_misc_output_if.svh:4]
INFO: [Synth 8-6155] done synthesizing module 'dma_pcie_misc_output_if' (0#1) [c:/Users/diego/Documents/TF-BB84/qkd_abc/vivado/nodo_a/nodo_a.gen/sources_1/bd/bd_ab/ipshared/1a94/hdl/verilog/dma_pcie_misc_output_if.svh:4]
INFO: [Synth 8-6157] synthesizing module 'dma_pcie_misc_input_if' [c:/Users/diego/Documents/TF-BB84/qkd_abc/vivado/nodo_a/nodo_a.gen/sources_1/bd/bd_ab/ipshared/1a94/hdl/verilog/dma_pcie_misc_input_if.svh:4]
INFO: [Synth 8-6155] done synthesizing module 'dma_pcie_misc_input_if' (0#1) [c:/Users/diego/Documents/TF-BB84/qkd_abc/vivado/nodo_a/nodo_a.gen/sources_1/bd/bd_ab/ipshared/1a94/hdl/verilog/dma_pcie_misc_input_if.svh:4]
INFO: [Synth 8-6157] synthesizing module 'dma_pcie_gic_if' [c:/Users/diego/Documents/TF-BB84/qkd_abc/vivado/nodo_a/nodo_a.gen/sources_1/bd/bd_ab/ipshared/1a94/hdl/verilog/dma_pcie_gic_if.svh:3]
INFO: [Synth 8-6155] done synthesizing module 'dma_pcie_gic_if' (0#1) [c:/Users/diego/Documents/TF-BB84/qkd_abc/vivado/nodo_a/nodo_a.gen/sources_1/bd/bd_ab/ipshared/1a94/hdl/verilog/dma_pcie_gic_if.svh:3]
INFO: [Synth 8-6157] synthesizing module 'dma_pcie_fabric_output_if' [c:/Users/diego/Documents/TF-BB84/qkd_abc/vivado/nodo_a/nodo_a.gen/sources_1/bd/bd_ab/ipshared/1a94/hdl/verilog/dma_pcie_fabric_output_if.svh:3]
INFO: [Synth 8-6155] done synthesizing module 'dma_pcie_fabric_output_if' (0#1) [c:/Users/diego/Documents/TF-BB84/qkd_abc/vivado/nodo_a/nodo_a.gen/sources_1/bd/bd_ab/ipshared/1a94/hdl/verilog/dma_pcie_fabric_output_if.svh:3]
INFO: [Synth 8-6157] synthesizing module 'dma_pcie_fabric_input_if' [c:/Users/diego/Documents/TF-BB84/qkd_abc/vivado/nodo_a/nodo_a.gen/sources_1/bd/bd_ab/ipshared/1a94/hdl/verilog/dma_pcie_fabric_input_if.svh:3]
INFO: [Synth 8-6155] done synthesizing module 'dma_pcie_fabric_input_if' (0#1) [c:/Users/diego/Documents/TF-BB84/qkd_abc/vivado/nodo_a/nodo_a.gen/sources_1/bd/bd_ab/ipshared/1a94/hdl/verilog/dma_pcie_fabric_input_if.svh:3]
INFO: [Synth 8-6157] synthesizing module 'dma_pcie_mi_4Bx2048_4Bwe_ram_if' [c:/Users/diego/Documents/TF-BB84/qkd_abc/vivado/nodo_a/nodo_a.gen/sources_1/bd/bd_ab/ipshared/1a94/hdl/verilog/dma_pcie_mi_4Bx2048_4Bwe_ram_if.svh:4]
INFO: [Synth 8-6155] done synthesizing module 'dma_pcie_mi_4Bx2048_4Bwe_ram_if' (0#1) [c:/Users/diego/Documents/TF-BB84/qkd_abc/vivado/nodo_a/nodo_a.gen/sources_1/bd/bd_ab/ipshared/1a94/hdl/verilog/dma_pcie_mi_4Bx2048_4Bwe_ram_if.svh:4]
INFO: [Synth 8-6157] synthesizing module 'dma_pcie_mi_16Bx2048_4Bwe_ram_if' [c:/Users/diego/Documents/TF-BB84/qkd_abc/vivado/nodo_a/nodo_a.gen/sources_1/bd/bd_ab/ipshared/1a94/hdl/verilog/dma_pcie_mi_16Bx2048_4Bwe_ram_if.svh:5]
INFO: [Synth 8-6155] done synthesizing module 'dma_pcie_mi_16Bx2048_4Bwe_ram_if' (0#1) [c:/Users/diego/Documents/TF-BB84/qkd_abc/vivado/nodo_a/nodo_a.gen/sources_1/bd/bd_ab/ipshared/1a94/hdl/verilog/dma_pcie_mi_16Bx2048_4Bwe_ram_if.svh:5]
INFO: [Synth 8-6157] synthesizing module 'dma_pcie_mi_2Bx2048_ram_if' [c:/Users/diego/Documents/TF-BB84/qkd_abc/vivado/nodo_a/nodo_a.gen/sources_1/bd/bd_ab/ipshared/1a94/hdl/verilog/dma_pcie_mi_2Bx2048_ram_if.svh:3]
INFO: [Synth 8-6155] done synthesizing module 'dma_pcie_mi_2Bx2048_ram_if' (0#1) [c:/Users/diego/Documents/TF-BB84/qkd_abc/vivado/nodo_a/nodo_a.gen/sources_1/bd/bd_ab/ipshared/1a94/hdl/verilog/dma_pcie_mi_2Bx2048_ram_if.svh:3]
INFO: [Synth 8-6157] synthesizing module 'dma_pcie_mi_8Bx2048_4Bwe_ram_if' [c:/Users/diego/Documents/TF-BB84/qkd_abc/vivado/nodo_a/nodo_a.gen/sources_1/bd/bd_ab/ipshared/1a94/hdl/verilog/dma_pcie_mi_8Bx2048_4Bwe_ram_if.svh:4]
INFO: [Synth 8-6155] done synthesizing module 'dma_pcie_mi_8Bx2048_4Bwe_ram_if' (0#1) [c:/Users/diego/Documents/TF-BB84/qkd_abc/vivado/nodo_a/nodo_a.gen/sources_1/bd/bd_ab/ipshared/1a94/hdl/verilog/dma_pcie_mi_8Bx2048_4Bwe_ram_if.svh:4]
INFO: [Synth 8-6157] synthesizing module 'dma_pcie_mi_dsc_cpli_if' [c:/Users/diego/Documents/TF-BB84/qkd_abc/vivado/nodo_a/nodo_a.gen/sources_1/bd/bd_ab/ipshared/1a94/hdl/verilog/dma_pcie_mi_dsc_cpli_if.svh:4]
INFO: [Synth 8-6155] done synthesizing module 'dma_pcie_mi_dsc_cpli_if' (0#1) [c:/Users/diego/Documents/TF-BB84/qkd_abc/vivado/nodo_a/nodo_a.gen/sources_1/bd/bd_ab/ipshared/1a94/hdl/verilog/dma_pcie_mi_dsc_cpli_if.svh:4]
INFO: [Synth 8-6157] synthesizing module 'dma_pcie_mi_dsc_cpld_if' [c:/Users/diego/Documents/TF-BB84/qkd_abc/vivado/nodo_a/nodo_a.gen/sources_1/bd/bd_ab/ipshared/1a94/hdl/verilog/dma_pcie_mi_dsc_cpld_if.svh:3]
INFO: [Synth 8-6155] done synthesizing module 'dma_pcie_mi_dsc_cpld_if' (0#1) [c:/Users/diego/Documents/TF-BB84/qkd_abc/vivado/nodo_a/nodo_a.gen/sources_1/bd/bd_ab/ipshared/1a94/hdl/verilog/dma_pcie_mi_dsc_cpld_if.svh:3]
INFO: [Synth 8-6157] synthesizing module 'dma_pcie_mi_dsc_cpli_if' [c:/Users/diego/Documents/TF-BB84/qkd_abc/vivado/nodo_a/nodo_a.gen/sources_1/bd/bd_ab/ipshared/1a94/hdl/verilog/dma_pcie_mi_dsc_cpli_if.svh:4]
INFO: [Synth 8-6155] done synthesizing module 'dma_pcie_mi_dsc_cpli_if' (0#1) [c:/Users/diego/Documents/TF-BB84/qkd_abc/vivado/nodo_a/nodo_a.gen/sources_1/bd/bd_ab/ipshared/1a94/hdl/verilog/dma_pcie_mi_dsc_cpli_if.svh:4]
INFO: [Synth 8-6157] synthesizing module 'dma_pcie_mi_dsc_cpld_if' [c:/Users/diego/Documents/TF-BB84/qkd_abc/vivado/nodo_a/nodo_a.gen/sources_1/bd/bd_ab/ipshared/1a94/hdl/verilog/dma_pcie_mi_dsc_cpld_if.svh:3]
INFO: [Synth 8-6155] done synthesizing module 'dma_pcie_mi_dsc_cpld_if' (0#1) [c:/Users/diego/Documents/TF-BB84/qkd_abc/vivado/nodo_a/nodo_a.gen/sources_1/bd/bd_ab/ipshared/1a94/hdl/verilog/dma_pcie_mi_dsc_cpld_if.svh:3]
INFO: [Synth 8-6157] synthesizing module 'dma_pcie_mi_dsc_cpli_if' [c:/Users/diego/Documents/TF-BB84/qkd_abc/vivado/nodo_a/nodo_a.gen/sources_1/bd/bd_ab/ipshared/1a94/hdl/verilog/dma_pcie_mi_dsc_cpli_if.svh:4]
INFO: [Synth 8-6155] done synthesizing module 'dma_pcie_mi_dsc_cpli_if' (0#1) [c:/Users/diego/Documents/TF-BB84/qkd_abc/vivado/nodo_a/nodo_a.gen/sources_1/bd/bd_ab/ipshared/1a94/hdl/verilog/dma_pcie_mi_dsc_cpli_if.svh:4]
INFO: [Synth 8-6157] synthesizing module 'dma_pcie_mi_dsc_cpld_if' [c:/Users/diego/Documents/TF-BB84/qkd_abc/vivado/nodo_a/nodo_a.gen/sources_1/bd/bd_ab/ipshared/1a94/hdl/verilog/dma_pcie_mi_dsc_cpld_if.svh:3]
INFO: [Synth 8-6155] done synthesizing module 'dma_pcie_mi_dsc_cpld_if' (0#1) [c:/Users/diego/Documents/TF-BB84/qkd_abc/vivado/nodo_a/nodo_a.gen/sources_1/bd/bd_ab/ipshared/1a94/hdl/verilog/dma_pcie_mi_dsc_cpld_if.svh:3]
INFO: [Synth 8-6157] synthesizing module 'dma_pcie_mi_dsc_cpli_if' [c:/Users/diego/Documents/TF-BB84/qkd_abc/vivado/nodo_a/nodo_a.gen/sources_1/bd/bd_ab/ipshared/1a94/hdl/verilog/dma_pcie_mi_dsc_cpli_if.svh:4]
INFO: [Synth 8-6155] done synthesizing module 'dma_pcie_mi_dsc_cpli_if' (0#1) [c:/Users/diego/Documents/TF-BB84/qkd_abc/vivado/nodo_a/nodo_a.gen/sources_1/bd/bd_ab/ipshared/1a94/hdl/verilog/dma_pcie_mi_dsc_cpli_if.svh:4]
INFO: [Synth 8-6157] synthesizing module 'dma_pcie_mi_dsc_cpld_if' [c:/Users/diego/Documents/TF-BB84/qkd_abc/vivado/nodo_a/nodo_a.gen/sources_1/bd/bd_ab/ipshared/1a94/hdl/verilog/dma_pcie_mi_dsc_cpld_if.svh:3]
INFO: [Synth 8-6155] done synthesizing module 'dma_pcie_mi_dsc_cpld_if' (0#1) [c:/Users/diego/Documents/TF-BB84/qkd_abc/vivado/nodo_a/nodo_a.gen/sources_1/bd/bd_ab/ipshared/1a94/hdl/verilog/dma_pcie_mi_dsc_cpld_if.svh:3]
INFO: [Synth 8-6157] synthesizing module 'dma_pcie_dsc_in_if' [c:/Users/diego/Documents/TF-BB84/qkd_abc/vivado/nodo_a/nodo_a.gen/sources_1/bd/bd_ab/ipshared/1a94/hdl/verilog/dma_pcie_dsc_in_if.svh:5]
INFO: [Synth 8-6155] done synthesizing module 'dma_pcie_dsc_in_if' (0#1) [c:/Users/diego/Documents/TF-BB84/qkd_abc/vivado/nodo_a/nodo_a.gen/sources_1/bd/bd_ab/ipshared/1a94/hdl/verilog/dma_pcie_dsc_in_if.svh:5]
INFO: [Synth 8-6157] synthesizing module 'dma_pcie_dsc_out_if' [c:/Users/diego/Documents/TF-BB84/qkd_abc/vivado/nodo_a/nodo_a.gen/sources_1/bd/bd_ab/ipshared/1a94/hdl/verilog/dma_pcie_dsc_out_if.svh:5]
INFO: [Synth 8-6155] done synthesizing module 'dma_pcie_dsc_out_if' (0#1) [c:/Users/diego/Documents/TF-BB84/qkd_abc/vivado/nodo_a/nodo_a.gen/sources_1/bd/bd_ab/ipshared/1a94/hdl/verilog/dma_pcie_dsc_out_if.svh:5]
INFO: [Synth 8-6157] synthesizing module 'dma_pcie_mi_64Bx256_32Bwe_ram_if' [c:/Users/diego/Documents/TF-BB84/qkd_abc/vivado/nodo_a/nodo_a.gen/sources_1/bd/bd_ab/ipshared/1a94/hdl/verilog/dma_pcie_mi_64Bx256_32Bwe_ram_if.svh:3]
INFO: [Synth 8-6155] done synthesizing module 'dma_pcie_mi_64Bx256_32Bwe_ram_if' (0#1) [c:/Users/diego/Documents/TF-BB84/qkd_abc/vivado/nodo_a/nodo_a.gen/sources_1/bd/bd_ab/ipshared/1a94/hdl/verilog/dma_pcie_mi_64Bx256_32Bwe_ram_if.svh:3]
INFO: [Synth 8-6157] synthesizing module 'dma_pcie_mi_64Bx256_32Bwe_ram_if' [c:/Users/diego/Documents/TF-BB84/qkd_abc/vivado/nodo_a/nodo_a.gen/sources_1/bd/bd_ab/ipshared/1a94/hdl/verilog/dma_pcie_mi_64Bx256_32Bwe_ram_if.svh:3]
INFO: [Synth 8-6155] done synthesizing module 'dma_pcie_mi_64Bx256_32Bwe_ram_if' (0#1) [c:/Users/diego/Documents/TF-BB84/qkd_abc/vivado/nodo_a/nodo_a.gen/sources_1/bd/bd_ab/ipshared/1a94/hdl/verilog/dma_pcie_mi_64Bx256_32Bwe_ram_if.svh:3]
INFO: [Synth 8-6157] synthesizing module 'dma_pcie_mi_64Bx256_32Bwe_ram_if' [c:/Users/diego/Documents/TF-BB84/qkd_abc/vivado/nodo_a/nodo_a.gen/sources_1/bd/bd_ab/ipshared/1a94/hdl/verilog/dma_pcie_mi_64Bx256_32Bwe_ram_if.svh:3]
INFO: [Synth 8-6155] done synthesizing module 'dma_pcie_mi_64Bx256_32Bwe_ram_if' (0#1) [c:/Users/diego/Documents/TF-BB84/qkd_abc/vivado/nodo_a/nodo_a.gen/sources_1/bd/bd_ab/ipshared/1a94/hdl/verilog/dma_pcie_mi_64Bx256_32Bwe_ram_if.svh:3]
INFO: [Synth 8-6157] synthesizing module 'dma_pcie_mi_64Bx256_32Bwe_ram_if' [c:/Users/diego/Documents/TF-BB84/qkd_abc/vivado/nodo_a/nodo_a.gen/sources_1/bd/bd_ab/ipshared/1a94/hdl/verilog/dma_pcie_mi_64Bx256_32Bwe_ram_if.svh:3]
INFO: [Synth 8-6155] done synthesizing module 'dma_pcie_mi_64Bx256_32Bwe_ram_if' (0#1) [c:/Users/diego/Documents/TF-BB84/qkd_abc/vivado/nodo_a/nodo_a.gen/sources_1/bd/bd_ab/ipshared/1a94/hdl/verilog/dma_pcie_mi_64Bx256_32Bwe_ram_if.svh:3]
INFO: [Synth 8-6157] synthesizing module 'dma_pcie_mi_64Bx256_32Bwe_ram_if' [c:/Users/diego/Documents/TF-BB84/qkd_abc/vivado/nodo_a/nodo_a.gen/sources_1/bd/bd_ab/ipshared/1a94/hdl/verilog/dma_pcie_mi_64Bx256_32Bwe_ram_if.svh:3]
INFO: [Synth 8-6155] done synthesizing module 'dma_pcie_mi_64Bx256_32Bwe_ram_if' (0#1) [c:/Users/diego/Documents/TF-BB84/qkd_abc/vivado/nodo_a/nodo_a.gen/sources_1/bd/bd_ab/ipshared/1a94/hdl/verilog/dma_pcie_mi_64Bx256_32Bwe_ram_if.svh:3]
INFO: [Synth 8-6157] synthesizing module 'dma_pcie_mi_64Bx256_32Bwe_ram_if' [c:/Users/diego/Documents/TF-BB84/qkd_abc/vivado/nodo_a/nodo_a.gen/sources_1/bd/bd_ab/ipshared/1a94/hdl/verilog/dma_pcie_mi_64Bx256_32Bwe_ram_if.svh:3]
INFO: [Synth 8-6155] done synthesizing module 'dma_pcie_mi_64Bx256_32Bwe_ram_if' (0#1) [c:/Users/diego/Documents/TF-BB84/qkd_abc/vivado/nodo_a/nodo_a.gen/sources_1/bd/bd_ab/ipshared/1a94/hdl/verilog/dma_pcie_mi_64Bx256_32Bwe_ram_if.svh:3]
INFO: [Synth 8-6157] synthesizing module 'dma_pcie_mi_64Bx256_32Bwe_ram_if' [c:/Users/diego/Documents/TF-BB84/qkd_abc/vivado/nodo_a/nodo_a.gen/sources_1/bd/bd_ab/ipshared/1a94/hdl/verilog/dma_pcie_mi_64Bx256_32Bwe_ram_if.svh:3]
INFO: [Synth 8-6155] done synthesizing module 'dma_pcie_mi_64Bx256_32Bwe_ram_if' (0#1) [c:/Users/diego/Documents/TF-BB84/qkd_abc/vivado/nodo_a/nodo_a.gen/sources_1/bd/bd_ab/ipshared/1a94/hdl/verilog/dma_pcie_mi_64Bx256_32Bwe_ram_if.svh:3]
INFO: [Synth 8-6157] synthesizing module 'dma_pcie_mi_64Bx256_32Bwe_ram_if' [c:/Users/diego/Documents/TF-BB84/qkd_abc/vivado/nodo_a/nodo_a.gen/sources_1/bd/bd_ab/ipshared/1a94/hdl/verilog/dma_pcie_mi_64Bx256_32Bwe_ram_if.svh:3]
INFO: [Synth 8-6155] done synthesizing module 'dma_pcie_mi_64Bx256_32Bwe_ram_if' (0#1) [c:/Users/diego/Documents/TF-BB84/qkd_abc/vivado/nodo_a/nodo_a.gen/sources_1/bd/bd_ab/ipshared/1a94/hdl/verilog/dma_pcie_mi_64Bx256_32Bwe_ram_if.svh:3]
INFO: [Synth 8-6157] synthesizing module 'dma_pcie_mi_64Bx512_32Bwe_ram_if' [c:/Users/diego/Documents/TF-BB84/qkd_abc/vivado/nodo_a/nodo_a.gen/sources_1/bd/bd_ab/ipshared/1a94/hdl/verilog/dma_pcie_mi_64Bx512_32Bwe_ram_if.svh:3]
INFO: [Synth 8-6155] done synthesizing module 'dma_pcie_mi_64Bx512_32Bwe_ram_if' (0#1) [c:/Users/diego/Documents/TF-BB84/qkd_abc/vivado/nodo_a/nodo_a.gen/sources_1/bd/bd_ab/ipshared/1a94/hdl/verilog/dma_pcie_mi_64Bx512_32Bwe_ram_if.svh:3]
INFO: [Synth 8-6157] synthesizing module 'dma_pcie_mi_64Bx2048_32Bwe_ram_if' [c:/Users/diego/Documents/TF-BB84/qkd_abc/vivado/nodo_a/nodo_a.gen/sources_1/bd/bd_ab/ipshared/1a94/hdl/verilog/dma_pcie_mi_64Bx2048_32Bwe_ram_if.svh:3]
INFO: [Synth 8-6155] done synthesizing module 'dma_pcie_mi_64Bx2048_32Bwe_ram_if' (0#1) [c:/Users/diego/Documents/TF-BB84/qkd_abc/vivado/nodo_a/nodo_a.gen/sources_1/bd/bd_ab/ipshared/1a94/hdl/verilog/dma_pcie_mi_64Bx2048_32Bwe_ram_if.svh:3]
INFO: [Synth 8-6157] synthesizing module 'dma_pcie_mi_64Bx1024_32Bwe_ram_if' [c:/Users/diego/Documents/TF-BB84/qkd_abc/vivado/nodo_a/nodo_a.gen/sources_1/bd/bd_ab/ipshared/1a94/hdl/verilog/dma_pcie_mi_64Bx1024_32Bwe_ram_if.svh:3]
INFO: [Synth 8-6155] done synthesizing module 'dma_pcie_mi_64Bx1024_32Bwe_ram_if' (0#1) [c:/Users/diego/Documents/TF-BB84/qkd_abc/vivado/nodo_a/nodo_a.gen/sources_1/bd/bd_ab/ipshared/1a94/hdl/verilog/dma_pcie_mi_64Bx1024_32Bwe_ram_if.svh:3]
INFO: [Synth 8-6157] synthesizing module 'dma_pcie_mi_64Bx256_32Bwe_ram_if' [c:/Users/diego/Documents/TF-BB84/qkd_abc/vivado/nodo_a/nodo_a.gen/sources_1/bd/bd_ab/ipshared/1a94/hdl/verilog/dma_pcie_mi_64Bx256_32Bwe_ram_if.svh:3]
INFO: [Synth 8-6155] done synthesizing module 'dma_pcie_mi_64Bx256_32Bwe_ram_if' (0#1) [c:/Users/diego/Documents/TF-BB84/qkd_abc/vivado/nodo_a/nodo_a.gen/sources_1/bd/bd_ab/ipshared/1a94/hdl/verilog/dma_pcie_mi_64Bx256_32Bwe_ram_if.svh:3]
INFO: [Synth 8-6157] synthesizing module 'dma_pcie_mi_dsc_cpld_if' [c:/Users/diego/Documents/TF-BB84/qkd_abc/vivado/nodo_a/nodo_a.gen/sources_1/bd/bd_ab/ipshared/1a94/hdl/verilog/dma_pcie_mi_dsc_cpld_if.svh:3]
INFO: [Synth 8-6155] done synthesizing module 'dma_pcie_mi_dsc_cpld_if' (0#1) [c:/Users/diego/Documents/TF-BB84/qkd_abc/vivado/nodo_a/nodo_a.gen/sources_1/bd/bd_ab/ipshared/1a94/hdl/verilog/dma_pcie_mi_dsc_cpld_if.svh:3]
INFO: [Synth 8-6157] synthesizing module 'dma_pcie_mi_dsc_cpld_if' [c:/Users/diego/Documents/TF-BB84/qkd_abc/vivado/nodo_a/nodo_a.gen/sources_1/bd/bd_ab/ipshared/1a94/hdl/verilog/dma_pcie_mi_dsc_cpld_if.svh:3]
INFO: [Synth 8-6155] done synthesizing module 'dma_pcie_mi_dsc_cpld_if' (0#1) [c:/Users/diego/Documents/TF-BB84/qkd_abc/vivado/nodo_a/nodo_a.gen/sources_1/bd/bd_ab/ipshared/1a94/hdl/verilog/dma_pcie_mi_dsc_cpld_if.svh:3]
INFO: [Synth 8-6157] synthesizing module 'xdma_v4_2_0_GenericFIFOAsync' [c:/Users/diego/Documents/TF-BB84/qkd_abc/vivado/nodo_a/nodo_a.gen/sources_1/bd/bd_ab/ipshared/1a94/hdl/verilog/axidma_fifo.vh:571]
INFO: [Synth 8-6155] done synthesizing module 'xdma_v4_2_0_GenericFIFOAsync' (0#1) [c:/Users/diego/Documents/TF-BB84/qkd_abc/vivado/nodo_a/nodo_a.gen/sources_1/bd/bd_ab/ipshared/1a94/hdl/verilog/axidma_fifo.vh:571]
INFO: [Synth 8-6157] synthesizing module 'xdma_v4_2_0_GenericFIFOAsync__parameterized0' [c:/Users/diego/Documents/TF-BB84/qkd_abc/vivado/nodo_a/nodo_a.gen/sources_1/bd/bd_ab/ipshared/1a94/hdl/verilog/axidma_fifo.vh:571]
INFO: [Synth 8-6155] done synthesizing module 'xdma_v4_2_0_GenericFIFOAsync__parameterized0' (0#1) [c:/Users/diego/Documents/TF-BB84/qkd_abc/vivado/nodo_a/nodo_a.gen/sources_1/bd/bd_ab/ipshared/1a94/hdl/verilog/axidma_fifo.vh:571]
INFO: [Synth 8-6157] synthesizing module 'xdma_v4_2_0_GenericFIFOHead' [c:/Users/diego/Documents/TF-BB84/qkd_abc/vivado/nodo_a/nodo_a.gen/sources_1/bd/bd_ab/ipshared/1a94/hdl/verilog/axidma_fifo.vh:739]
INFO: [Synth 8-6155] done synthesizing module 'xdma_v4_2_0_GenericFIFOHead' (0#1) [c:/Users/diego/Documents/TF-BB84/qkd_abc/vivado/nodo_a/nodo_a.gen/sources_1/bd/bd_ab/ipshared/1a94/hdl/verilog/axidma_fifo.vh:739]
INFO: [Synth 8-6157] synthesizing module 'xdma_v4_2_0_GenericFIFO' [c:/Users/diego/Documents/TF-BB84/qkd_abc/vivado/nodo_a/nodo_a.gen/sources_1/bd/bd_ab/ipshared/1a94/hdl/verilog/axidma_fifo.vh:279]
INFO: [Synth 8-6155] done synthesizing module 'xdma_v4_2_0_GenericFIFO' (0#1) [c:/Users/diego/Documents/TF-BB84/qkd_abc/vivado/nodo_a/nodo_a.gen/sources_1/bd/bd_ab/ipshared/1a94/hdl/verilog/axidma_fifo.vh:279]
INFO: [Synth 8-6157] synthesizing module 'xdma_v4_2_0_GenericFIFOAsync__parameterized1' [c:/Users/diego/Documents/TF-BB84/qkd_abc/vivado/nodo_a/nodo_a.gen/sources_1/bd/bd_ab/ipshared/1a94/hdl/verilog/axidma_fifo.vh:571]
INFO: [Synth 8-6155] done synthesizing module 'xdma_v4_2_0_GenericFIFOAsync__parameterized1' (0#1) [c:/Users/diego/Documents/TF-BB84/qkd_abc/vivado/nodo_a/nodo_a.gen/sources_1/bd/bd_ab/ipshared/1a94/hdl/verilog/axidma_fifo.vh:571]
INFO: [Synth 8-6157] synthesizing module 'xdma_v4_2_0_GenericFIFOHead__parameterized0' [c:/Users/diego/Documents/TF-BB84/qkd_abc/vivado/nodo_a/nodo_a.gen/sources_1/bd/bd_ab/ipshared/1a94/hdl/verilog/axidma_fifo.vh:739]
INFO: [Synth 8-6155] done synthesizing module 'xdma_v4_2_0_GenericFIFOHead__parameterized0' (0#1) [c:/Users/diego/Documents/TF-BB84/qkd_abc/vivado/nodo_a/nodo_a.gen/sources_1/bd/bd_ab/ipshared/1a94/hdl/verilog/axidma_fifo.vh:739]
INFO: [Synth 8-6157] synthesizing module 'xdma_v4_2_0_GenericFIFO__parameterized0' [c:/Users/diego/Documents/TF-BB84/qkd_abc/vivado/nodo_a/nodo_a.gen/sources_1/bd/bd_ab/ipshared/1a94/hdl/verilog/axidma_fifo.vh:279]
INFO: [Synth 8-6155] done synthesizing module 'xdma_v4_2_0_GenericFIFO__parameterized0' (0#1) [c:/Users/diego/Documents/TF-BB84/qkd_abc/vivado/nodo_a/nodo_a.gen/sources_1/bd/bd_ab/ipshared/1a94/hdl/verilog/axidma_fifo.vh:279]
INFO: [Synth 8-6157] synthesizing module 'xdma_v4_2_0_GenericFIFOHead__parameterized1' [c:/Users/diego/Documents/TF-BB84/qkd_abc/vivado/nodo_a/nodo_a.gen/sources_1/bd/bd_ab/ipshared/1a94/hdl/verilog/axidma_fifo.vh:739]
INFO: [Synth 8-6155] done synthesizing module 'xdma_v4_2_0_GenericFIFOHead__parameterized1' (0#1) [c:/Users/diego/Documents/TF-BB84/qkd_abc/vivado/nodo_a/nodo_a.gen/sources_1/bd/bd_ab/ipshared/1a94/hdl/verilog/axidma_fifo.vh:739]
INFO: [Synth 8-6157] synthesizing module 'xdma_v4_2_0_GenericFIFOHead__parameterized2' [c:/Users/diego/Documents/TF-BB84/qkd_abc/vivado/nodo_a/nodo_a.gen/sources_1/bd/bd_ab/ipshared/1a94/hdl/verilog/axidma_fifo.vh:739]
INFO: [Synth 8-6155] done synthesizing module 'xdma_v4_2_0_GenericFIFOHead__parameterized2' (0#1) [c:/Users/diego/Documents/TF-BB84/qkd_abc/vivado/nodo_a/nodo_a.gen/sources_1/bd/bd_ab/ipshared/1a94/hdl/verilog/axidma_fifo.vh:739]
INFO: [Synth 8-6157] synthesizing module 'xdma_v4_2_0_GenericFIFOHead__parameterized3' [c:/Users/diego/Documents/TF-BB84/qkd_abc/vivado/nodo_a/nodo_a.gen/sources_1/bd/bd_ab/ipshared/1a94/hdl/verilog/axidma_fifo.vh:739]
INFO: [Synth 8-6155] done synthesizing module 'xdma_v4_2_0_GenericFIFOHead__parameterized3' (0#1) [c:/Users/diego/Documents/TF-BB84/qkd_abc/vivado/nodo_a/nodo_a.gen/sources_1/bd/bd_ab/ipshared/1a94/hdl/verilog/axidma_fifo.vh:739]
INFO: [Synth 8-6157] synthesizing module 'xdma_v4_2_0_GenericFIFO__parameterized1' [c:/Users/diego/Documents/TF-BB84/qkd_abc/vivado/nodo_a/nodo_a.gen/sources_1/bd/bd_ab/ipshared/1a94/hdl/verilog/axidma_fifo.vh:279]
INFO: [Synth 8-6155] done synthesizing module 'xdma_v4_2_0_GenericFIFO__parameterized1' (0#1) [c:/Users/diego/Documents/TF-BB84/qkd_abc/vivado/nodo_a/nodo_a.gen/sources_1/bd/bd_ab/ipshared/1a94/hdl/verilog/axidma_fifo.vh:279]
INFO: [Synth 8-6157] synthesizing module 'xdma_v4_2_0_GenericFIFO__parameterized2' [c:/Users/diego/Documents/TF-BB84/qkd_abc/vivado/nodo_a/nodo_a.gen/sources_1/bd/bd_ab/ipshared/1a94/hdl/verilog/axidma_fifo.vh:279]
INFO: [Synth 8-6155] done synthesizing module 'xdma_v4_2_0_GenericFIFO__parameterized2' (0#1) [c:/Users/diego/Documents/TF-BB84/qkd_abc/vivado/nodo_a/nodo_a.gen/sources_1/bd/bd_ab/ipshared/1a94/hdl/verilog/axidma_fifo.vh:279]
INFO: [Synth 8-6157] synthesizing module 'xdma_v4_2_0_GenericFIFOHead2' [c:/Users/diego/Documents/TF-BB84/qkd_abc/vivado/nodo_a/nodo_a.gen/sources_1/bd/bd_ab/ipshared/1a94/hdl/verilog/axidma_fifo.vh:927]
INFO: [Synth 8-6155] done synthesizing module 'xdma_v4_2_0_GenericFIFOHead2' (0#1) [c:/Users/diego/Documents/TF-BB84/qkd_abc/vivado/nodo_a/nodo_a.gen/sources_1/bd/bd_ab/ipshared/1a94/hdl/verilog/axidma_fifo.vh:927]
INFO: [Synth 8-6157] synthesizing module 'xdma_v4_2_0_GenericFIFO__parameterized3' [c:/Users/diego/Documents/TF-BB84/qkd_abc/vivado/nodo_a/nodo_a.gen/sources_1/bd/bd_ab/ipshared/1a94/hdl/verilog/axidma_fifo.vh:279]
INFO: [Synth 8-6155] done synthesizing module 'xdma_v4_2_0_GenericFIFO__parameterized3' (0#1) [c:/Users/diego/Documents/TF-BB84/qkd_abc/vivado/nodo_a/nodo_a.gen/sources_1/bd/bd_ab/ipshared/1a94/hdl/verilog/axidma_fifo.vh:279]
INFO: [Synth 8-6157] synthesizing module 'xdma_v4_2_0_GenericFIFO__parameterized4' [c:/Users/diego/Documents/TF-BB84/qkd_abc/vivado/nodo_a/nodo_a.gen/sources_1/bd/bd_ab/ipshared/1a94/hdl/verilog/axidma_fifo.vh:279]
INFO: [Synth 8-6155] done synthesizing module 'xdma_v4_2_0_GenericFIFO__parameterized4' (0#1) [c:/Users/diego/Documents/TF-BB84/qkd_abc/vivado/nodo_a/nodo_a.gen/sources_1/bd/bd_ab/ipshared/1a94/hdl/verilog/axidma_fifo.vh:279]
INFO: [Synth 8-6157] synthesizing module 'xpm_cdc_single' [C:/Xilinx/2025.1/Vivado/data/ip/xpm/xpm_cdc/hdl/xpm_cdc.sv:152]
INFO: [Synth 8-6155] done synthesizing module 'xpm_cdc_single' (0#1) [C:/Xilinx/2025.1/Vivado/data/ip/xpm/xpm_cdc/hdl/xpm_cdc.sv:152]
INFO: [Synth 8-6157] synthesizing module 'xpm_memory_sdpram' [C:/Xilinx/2025.1/Vivado/data/ip/xpm/xpm_memory/hdl/xpm_memory.sv:8994]
INFO: [Synth 8-6157] synthesizing module 'xpm_memory_base' [C:/Xilinx/2025.1/Vivado/data/ip/xpm/xpm_memory/hdl/xpm_memory.sv:54]
INFO: [Synth 8-6059] Synth Info: [XPM_MEMORY 20-2] MEMORY_INIT_FILE (none), MEMORY_INIT_PARAM together specify no memory initialization. Initial memory contents will be all 0's.   [C:/Xilinx/2025.1/Vivado/data/ip/xpm/xpm_memory/hdl/xpm_memory.sv:524]
INFO: [Synth 8-6155] done synthesizing module 'xpm_memory_base' (0#1) [C:/Xilinx/2025.1/Vivado/data/ip/xpm/xpm_memory/hdl/xpm_memory.sv:54]
INFO: [Synth 8-6155] done synthesizing module 'xpm_memory_sdpram' (0#1) [C:/Xilinx/2025.1/Vivado/data/ip/xpm/xpm_memory/hdl/xpm_memory.sv:8994]
INFO: [Synth 8-6157] synthesizing module 'xpm_memory_sdpram__parameterized0' [C:/Xilinx/2025.1/Vivado/data/ip/xpm/xpm_memory/hdl/xpm_memory.sv:8994]
INFO: [Synth 8-6157] synthesizing module 'xpm_memory_base__parameterized0' [C:/Xilinx/2025.1/Vivado/data/ip/xpm/xpm_memory/hdl/xpm_memory.sv:54]
INFO: [Synth 8-6059] Synth Info: [XPM_MEMORY 20-2] MEMORY_INIT_FILE (none), MEMORY_INIT_PARAM together specify no memory initialization. Initial memory contents will be all 0's.   [C:/Xilinx/2025.1/Vivado/data/ip/xpm/xpm_memory/hdl/xpm_memory.sv:524]
INFO: [Synth 8-6155] done synthesizing module 'xpm_memory_base__parameterized0' (0#1) [C:/Xilinx/2025.1/Vivado/data/ip/xpm/xpm_memory/hdl/xpm_memory.sv:54]
INFO: [Synth 8-6155] done synthesizing module 'xpm_memory_sdpram__parameterized0' (0#1) [C:/Xilinx/2025.1/Vivado/data/ip/xpm/xpm_memory/hdl/xpm_memory.sv:8994]
INFO: [Synth 8-6157] synthesizing module 'bd_ab_bd_xdma_0_pcie4_ip' [c:/Users/diego/Documents/TF-BB84/qkd_abc/vivado/nodo_a/nodo_a.gen/sources_1/bd/bd_ab/ip/bd_ab_bd_xdma_0/ip_0/synth/bd_ab_bd_xdma_0_pcie4_ip.v:53]
INFO: [Synth 8-6157] synthesizing module 'bd_ab_bd_xdma_0_pcie4_ip_pcie4_uscale_core_top' [c:/Users/diego/Documents/TF-BB84/qkd_abc/vivado/nodo_a/nodo_a.gen/sources_1/bd/bd_ab/ip/bd_ab_bd_xdma_0/ip_0/source/bd_ab_bd_xdma_0_pcie4_ip_pcie4_uscale_core_top.v:58]
INFO: [Synth 8-6157] synthesizing module 'bd_ab_bd_xdma_0_pcie4_ip_pipe' [c:/Users/diego/Documents/TF-BB84/qkd_abc/vivado/nodo_a/nodo_a.gen/sources_1/bd/bd_ab/ip/bd_ab_bd_xdma_0/ip_0/source/bd_ab_bd_xdma_0_pcie4_ip_pipe.v:70]
INFO: [Synth 8-6157] synthesizing module 'bd_ab_bd_xdma_0_pcie4_ip_seqnum_fifo' [c:/Users/diego/Documents/TF-BB84/qkd_abc/vivado/nodo_a/nodo_a.gen/sources_1/bd/bd_ab/ip/bd_ab_bd_xdma_0/ip_0/source/bd_ab_bd_xdma_0_pcie4_ip_seqnum_fifo.v:58]
INFO: [Synth 8-6155] done synthesizing module 'bd_ab_bd_xdma_0_pcie4_ip_seqnum_fifo' (0#1) [c:/Users/diego/Documents/TF-BB84/qkd_abc/vivado/nodo_a/nodo_a.gen/sources_1/bd/bd_ab/ip/bd_ab_bd_xdma_0/ip_0/source/bd_ab_bd_xdma_0_pcie4_ip_seqnum_fifo.v:58]
INFO: [Synth 8-6157] synthesizing module 'PCIE40E4' [C:/Xilinx/2025.1/Vivado/scripts/rt/data/unisim_comp.v:108696]
INFO: [Synth 8-6155] done synthesizing module 'PCIE40E4' (0#1) [C:/Xilinx/2025.1/Vivado/scripts/rt/data/unisim_comp.v:108696]
INFO: [Synth 8-6157] synthesizing module 'bd_ab_bd_xdma_0_pcie4_ip_bram' [c:/Users/diego/Documents/TF-BB84/qkd_abc/vivado/nodo_a/nodo_a.gen/sources_1/bd/bd_ab/ip/bd_ab_bd_xdma_0/ip_0/source/bd_ab_bd_xdma_0_pcie4_ip_bram.v:58]
INFO: [Synth 8-6157] synthesizing module 'bd_ab_bd_xdma_0_pcie4_ip_bram_32k' [c:/Users/diego/Documents/TF-BB84/qkd_abc/vivado/nodo_a/nodo_a.gen/sources_1/bd/bd_ab/ip/bd_ab_bd_xdma_0/ip_0/source/bd_ab_bd_xdma_0_pcie4_ip_bram_32k.v:58]
INFO: [Synth 8-6157] synthesizing module 'bd_ab_bd_xdma_0_pcie4_ip_bram_16k_int' [c:/Users/diego/Documents/TF-BB84/qkd_abc/vivado/nodo_a/nodo_a.gen/sources_1/bd/bd_ab/ip/bd_ab_bd_xdma_0/ip_0/source/bd_ab_bd_xdma_0_pcie4_ip_bram_16k_int.v:58]
INFO: [Synth 8-6157] synthesizing module 'RAMB36E2' [C:/Xilinx/2025.1/Vivado/scripts/rt/data/unisim_comp.v:153471]
INFO: [Synth 8-6155] done synthesizing module 'RAMB36E2' (0#1) [C:/Xilinx/2025.1/Vivado/scripts/rt/data/unisim_comp.v:153471]
INFO: [Synth 8-6155] done synthesizing module 'bd_ab_bd_xdma_0_pcie4_ip_bram_16k_int' (0#1) [c:/Users/diego/Documents/TF-BB84/qkd_abc/vivado/nodo_a/nodo_a.gen/sources_1/bd/bd_ab/ip/bd_ab_bd_xdma_0/ip_0/source/bd_ab_bd_xdma_0_pcie4_ip_bram_16k_int.v:58]
INFO: [Synth 8-6155] done synthesizing module 'bd_ab_bd_xdma_0_pcie4_ip_bram_32k' (0#1) [c:/Users/diego/Documents/TF-BB84/qkd_abc/vivado/nodo_a/nodo_a.gen/sources_1/bd/bd_ab/ip/bd_ab_bd_xdma_0/ip_0/source/bd_ab_bd_xdma_0_pcie4_ip_bram_32k.v:58]
INFO: [Synth 8-6157] synthesizing module 'bd_ab_bd_xdma_0_pcie4_ip_bram_rep' [c:/Users/diego/Documents/TF-BB84/qkd_abc/vivado/nodo_a/nodo_a.gen/sources_1/bd/bd_ab/ip/bd_ab_bd_xdma_0/ip_0/source/bd_ab_bd_xdma_0_pcie4_ip_bram_rep.v:58]
INFO: [Synth 8-6157] synthesizing module 'bd_ab_bd_xdma_0_pcie4_ip_bram_rep_int' [c:/Users/diego/Documents/TF-BB84/qkd_abc/vivado/nodo_a/nodo_a.gen/sources_1/bd/bd_ab/ip/bd_ab_bd_xdma_0/ip_0/source/bd_ab_bd_xdma_0_pcie4_ip_bram_rep_int.v:58]
INFO: [Synth 8-6157] synthesizing module 'RAMB36E2__parameterized0' [C:/Xilinx/2025.1/Vivado/scripts/rt/data/unisim_comp.v:153471]
INFO: [Synth 8-6155] done synthesizing module 'RAMB36E2__parameterized0' (0#1) [C:/Xilinx/2025.1/Vivado/scripts/rt/data/unisim_comp.v:153471]
INFO: [Synth 8-6155] done synthesizing module 'bd_ab_bd_xdma_0_pcie4_ip_bram_rep_int' (0#1) [c:/Users/diego/Documents/TF-BB84/qkd_abc/vivado/nodo_a/nodo_a.gen/sources_1/bd/bd_ab/ip/bd_ab_bd_xdma_0/ip_0/source/bd_ab_bd_xdma_0_pcie4_ip_bram_rep_int.v:58]
INFO: [Synth 8-6155] done synthesizing module 'bd_ab_bd_xdma_0_pcie4_ip_bram_rep' (0#1) [c:/Users/diego/Documents/TF-BB84/qkd_abc/vivado/nodo_a/nodo_a.gen/sources_1/bd/bd_ab/ip/bd_ab_bd_xdma_0/ip_0/source/bd_ab_bd_xdma_0_pcie4_ip_bram_rep.v:58]
INFO: [Synth 8-6157] synthesizing module 'bd_ab_bd_xdma_0_pcie4_ip_bram_16k' [c:/Users/diego/Documents/TF-BB84/qkd_abc/vivado/nodo_a/nodo_a.gen/sources_1/bd/bd_ab/ip/bd_ab_bd_xdma_0/ip_0/source/bd_ab_bd_xdma_0_pcie4_ip_bram_16k.v:58]
INFO: [Synth 8-6155] done synthesizing module 'bd_ab_bd_xdma_0_pcie4_ip_bram_16k' (0#1) [c:/Users/diego/Documents/TF-BB84/qkd_abc/vivado/nodo_a/nodo_a.gen/sources_1/bd/bd_ab/ip/bd_ab_bd_xdma_0/ip_0/source/bd_ab_bd_xdma_0_pcie4_ip_bram_16k.v:58]
INFO: [Synth 8-6157] synthesizing module 'bd_ab_bd_xdma_0_pcie4_ip_bram_msix' [c:/Users/diego/Documents/TF-BB84/qkd_abc/vivado/nodo_a/nodo_a.gen/sources_1/bd/bd_ab/ip/bd_ab_bd_xdma_0/ip_0/source/bd_ab_bd_xdma_0_pcie4_ip_bram_msix.v:58]
INFO: [Synth 8-6155] done synthesizing module 'bd_ab_bd_xdma_0_pcie4_ip_bram_msix' (0#1) [c:/Users/diego/Documents/TF-BB84/qkd_abc/vivado/nodo_a/nodo_a.gen/sources_1/bd/bd_ab/ip/bd_ab_bd_xdma_0/ip_0/source/bd_ab_bd_xdma_0_pcie4_ip_bram_msix.v:58]
INFO: [Synth 8-6157] synthesizing module 'bd_ab_bd_xdma_0_pcie4_ip_bram_tph' [c:/Users/diego/Documents/TF-BB84/qkd_abc/vivado/nodo_a/nodo_a.gen/sources_1/bd/bd_ab/ip/bd_ab_bd_xdma_0/ip_0/source/bd_ab_bd_xdma_0_pcie4_ip_bram_tph.v:58]
INFO: [Synth 8-6155] done synthesizing module 'bd_ab_bd_xdma_0_pcie4_ip_bram_tph' (0#1) [c:/Users/diego/Documents/TF-BB84/qkd_abc/vivado/nodo_a/nodo_a.gen/sources_1/bd/bd_ab/ip/bd_ab_bd_xdma_0/ip_0/source/bd_ab_bd_xdma_0_pcie4_ip_bram_tph.v:58]
INFO: [Synth 8-6155] done synthesizing module 'bd_ab_bd_xdma_0_pcie4_ip_bram' (0#1) [c:/Users/diego/Documents/TF-BB84/qkd_abc/vivado/nodo_a/nodo_a.gen/sources_1/bd/bd_ab/ip/bd_ab_bd_xdma_0/ip_0/source/bd_ab_bd_xdma_0_pcie4_ip_bram.v:58]
INFO: [Synth 8-6157] synthesizing module 'bd_ab_bd_xdma_0_pcie4_ip_init_ctrl' [c:/Users/diego/Documents/TF-BB84/qkd_abc/vivado/nodo_a/nodo_a.gen/sources_1/bd/bd_ab/ip/bd_ab_bd_xdma_0/ip_0/source/bd_ab_bd_xdma_0_pcie4_ip_init_ctrl.v:61]
INFO: [Synth 8-155] case statement is not full and has no default [c:/Users/diego/Documents/TF-BB84/qkd_abc/vivado/nodo_a/nodo_a.gen/sources_1/bd/bd_ab/ip/bd_ab_bd_xdma_0/ip_0/source/bd_ab_bd_xdma_0_pcie4_ip_init_ctrl.v:265]
INFO: [Synth 8-155] case statement is not full and has no default [c:/Users/diego/Documents/TF-BB84/qkd_abc/vivado/nodo_a/nodo_a.gen/sources_1/bd/bd_ab/ip/bd_ab_bd_xdma_0/ip_0/source/bd_ab_bd_xdma_0_pcie4_ip_init_ctrl.v:314]
INFO: [Synth 8-6155] done synthesizing module 'bd_ab_bd_xdma_0_pcie4_ip_init_ctrl' (0#1) [c:/Users/diego/Documents/TF-BB84/qkd_abc/vivado/nodo_a/nodo_a.gen/sources_1/bd/bd_ab/ip/bd_ab_bd_xdma_0/ip_0/source/bd_ab_bd_xdma_0_pcie4_ip_init_ctrl.v:61]
INFO: [Synth 8-6157] synthesizing module 'bd_ab_bd_xdma_0_pcie4_ip_vf_decode' [c:/Users/diego/Documents/TF-BB84/qkd_abc/vivado/nodo_a/nodo_a.gen/sources_1/bd/bd_ab/ip/bd_ab_bd_xdma_0/ip_0/source/bd_ab_bd_xdma_0_pcie4_ip_vf_decode.v:58]
INFO: [Synth 8-6155] done synthesizing module 'bd_ab_bd_xdma_0_pcie4_ip_vf_decode' (0#1) [c:/Users/diego/Documents/TF-BB84/qkd_abc/vivado/nodo_a/nodo_a.gen/sources_1/bd/bd_ab/ip/bd_ab_bd_xdma_0/ip_0/source/bd_ab_bd_xdma_0_pcie4_ip_vf_decode.v:58]
INFO: [Synth 8-6157] synthesizing module 'bd_ab_bd_xdma_0_pcie4_ip_pl_eq' [c:/Users/diego/Documents/TF-BB84/qkd_abc/vivado/nodo_a/nodo_a.gen/sources_1/bd/bd_ab/ip/bd_ab_bd_xdma_0/ip_0/source/bd_ab_bd_xdma_0_pcie4_ip_pl_eq.v:58]
INFO: [Synth 8-6155] done synthesizing module 'bd_ab_bd_xdma_0_pcie4_ip_pl_eq' (0#1) [c:/Users/diego/Documents/TF-BB84/qkd_abc/vivado/nodo_a/nodo_a.gen/sources_1/bd/bd_ab/ip/bd_ab_bd_xdma_0/ip_0/source/bd_ab_bd_xdma_0_pcie4_ip_pl_eq.v:58]
INFO: [Synth 8-6155] done synthesizing module 'bd_ab_bd_xdma_0_pcie4_ip_pipe' (0#1) [c:/Users/diego/Documents/TF-BB84/qkd_abc/vivado/nodo_a/nodo_a.gen/sources_1/bd/bd_ab/ip/bd_ab_bd_xdma_0/ip_0/source/bd_ab_bd_xdma_0_pcie4_ip_pipe.v:70]
INFO: [Synth 8-6157] synthesizing module 'BUFG_GT' [C:/Xilinx/2025.1/Vivado/scripts/rt/data/unisim_comp.v:2855]
INFO: [Synth 8-6155] done synthesizing module 'BUFG_GT' (0#1) [C:/Xilinx/2025.1/Vivado/scripts/rt/data/unisim_comp.v:2855]
INFO: [Synth 8-6157] synthesizing module 'BUFG_GT_SYNC' [C:/Xilinx/2025.1/Vivado/scripts/rt/data/unisim_comp.v:2877]
INFO: [Synth 8-6155] done synthesizing module 'BUFG_GT_SYNC' (0#1) [C:/Xilinx/2025.1/Vivado/scripts/rt/data/unisim_comp.v:2877]
INFO: [Synth 8-6157] synthesizing module 'bd_ab_bd_xdma_0_pcie4_ip_phy_top' [c:/Users/diego/Documents/TF-BB84/qkd_abc/vivado/nodo_a/nodo_a.gen/sources_1/bd/bd_ab/ip/bd_ab_bd_xdma_0/ip_0/source/bd_ab_bd_xdma_0_pcie4_ip_phy_top.v:110]
INFO: [Synth 8-6157] synthesizing module 'bd_ab_bd_xdma_0_pcie4_ip_gt_phy_wrapper' [c:/Users/diego/Documents/TF-BB84/qkd_abc/vivado/nodo_a/nodo_a.gen/sources_1/bd/bd_ab/ip/bd_ab_bd_xdma_0/ip_0/source/bd_ab_bd_xdma_0_pcie4_ip_gt_phy_wrapper.v:139]
INFO: [Synth 8-6157] synthesizing module 'bd_ab_bd_xdma_0_pcie4_ip_gt_phy_txeq' [c:/Users/diego/Documents/TF-BB84/qkd_abc/vivado/nodo_a/nodo_a.gen/sources_1/bd/bd_ab/ip/bd_ab_bd_xdma_0/ip_0/source/bd_ab_bd_xdma_0_pcie4_ip_gt_phy_txeq.v:69]
INFO: [Synth 8-6157] synthesizing module 'bd_ab_bd_xdma_0_pcie4_ip_sync' [c:/Users/diego/Documents/TF-BB84/qkd_abc/vivado/nodo_a/nodo_a.gen/sources_1/bd/bd_ab/ip/bd_ab_bd_xdma_0/ip_0/source/bd_ab_bd_xdma_0_pcie4_ip_sync.v:65]
INFO: [Synth 8-6157] synthesizing module 'bd_ab_bd_xdma_0_pcie4_ip_sync_cell' [c:/Users/diego/Documents/TF-BB84/qkd_abc/vivado/nodo_a/nodo_a.gen/sources_1/bd/bd_ab/ip/bd_ab_bd_xdma_0/ip_0/source/bd_ab_bd_xdma_0_pcie4_ip_sync_cell.v:65]
INFO: [Synth 8-6155] done synthesizing module 'bd_ab_bd_xdma_0_pcie4_ip_sync_cell' (0#1) [c:/Users/diego/Documents/TF-BB84/qkd_abc/vivado/nodo_a/nodo_a.gen/sources_1/bd/bd_ab/ip/bd_ab_bd_xdma_0/ip_0/source/bd_ab_bd_xdma_0_pcie4_ip_sync_cell.v:65]
INFO: [Synth 8-6155] done synthesizing module 'bd_ab_bd_xdma_0_pcie4_ip_sync' (0#1) [c:/Users/diego/Documents/TF-BB84/qkd_abc/vivado/nodo_a/nodo_a.gen/sources_1/bd/bd_ab/ip/bd_ab_bd_xdma_0/ip_0/source/bd_ab_bd_xdma_0_pcie4_ip_sync.v:65]
INFO: [Synth 8-6157] synthesizing module 'bd_ab_bd_xdma_0_pcie4_ip_sync__parameterized0' [c:/Users/diego/Documents/TF-BB84/qkd_abc/vivado/nodo_a/nodo_a.gen/sources_1/bd/bd_ab/ip/bd_ab_bd_xdma_0/ip_0/source/bd_ab_bd_xdma_0_pcie4_ip_sync.v:65]
INFO: [Synth 8-6155] done synthesizing module 'bd_ab_bd_xdma_0_pcie4_ip_sync__parameterized0' (0#1) [c:/Users/diego/Documents/TF-BB84/qkd_abc/vivado/nodo_a/nodo_a.gen/sources_1/bd/bd_ab/ip/bd_ab_bd_xdma_0/ip_0/source/bd_ab_bd_xdma_0_pcie4_ip_sync.v:65]
INFO: [Synth 8-6157] synthesizing module 'bd_ab_bd_xdma_0_pcie4_ip_sync__parameterized1' [c:/Users/diego/Documents/TF-BB84/qkd_abc/vivado/nodo_a/nodo_a.gen/sources_1/bd/bd_ab/ip/bd_ab_bd_xdma_0/ip_0/source/bd_ab_bd_xdma_0_pcie4_ip_sync.v:65]
INFO: [Synth 8-6155] done synthesizing module 'bd_ab_bd_xdma_0_pcie4_ip_sync__parameterized1' (0#1) [c:/Users/diego/Documents/TF-BB84/qkd_abc/vivado/nodo_a/nodo_a.gen/sources_1/bd/bd_ab/ip/bd_ab_bd_xdma_0/ip_0/source/bd_ab_bd_xdma_0_pcie4_ip_sync.v:65]
INFO: [Synth 8-226] default block is never used [c:/Users/diego/Documents/TF-BB84/qkd_abc/vivado/nodo_a/nodo_a.gen/sources_1/bd/bd_ab/ip/bd_ab_bd_xdma_0/ip_0/source/bd_ab_bd_xdma_0_pcie4_ip_gt_phy_txeq.v:287]
INFO: [Synth 8-6155] done synthesizing module 'bd_ab_bd_xdma_0_pcie4_ip_gt_phy_txeq' (0#1) [c:/Users/diego/Documents/TF-BB84/qkd_abc/vivado/nodo_a/nodo_a.gen/sources_1/bd/bd_ab/ip/bd_ab_bd_xdma_0/ip_0/source/bd_ab_bd_xdma_0_pcie4_ip_gt_phy_txeq.v:69]
INFO: [Synth 8-6157] synthesizing module 'bd_ab_bd_xdma_0_pcie4_ip_gt_phy_rxeq' [c:/Users/diego/Documents/TF-BB84/qkd_abc/vivado/nodo_a/nodo_a.gen/sources_1/bd/bd_ab/ip/bd_ab_bd_xdma_0/ip_0/source/bd_ab_bd_xdma_0_pcie4_ip_gt_phy_rxeq.v:65]
INFO: [Synth 8-6157] synthesizing module 'bd_ab_bd_xdma_0_pcie4_ip_sync__parameterized2' [c:/Users/diego/Documents/TF-BB84/qkd_abc/vivado/nodo_a/nodo_a.gen/sources_1/bd/bd_ab/ip/bd_ab_bd_xdma_0/ip_0/source/bd_ab_bd_xdma_0_pcie4_ip_sync.v:65]
INFO: [Synth 8-6155] done synthesizing module 'bd_ab_bd_xdma_0_pcie4_ip_sync__parameterized2' (0#1) [c:/Users/diego/Documents/TF-BB84/qkd_abc/vivado/nodo_a/nodo_a.gen/sources_1/bd/bd_ab/ip/bd_ab_bd_xdma_0/ip_0/source/bd_ab_bd_xdma_0_pcie4_ip_sync.v:65]
INFO: [Synth 8-226] default block is never used [c:/Users/diego/Documents/TF-BB84/qkd_abc/vivado/nodo_a/nodo_a.gen/sources_1/bd/bd_ab/ip/bd_ab_bd_xdma_0/ip_0/source/bd_ab_bd_xdma_0_pcie4_ip_gt_phy_rxeq.v:225]
INFO: [Synth 8-6155] done synthesizing module 'bd_ab_bd_xdma_0_pcie4_ip_gt_phy_rxeq' (0#1) [c:/Users/diego/Documents/TF-BB84/qkd_abc/vivado/nodo_a/nodo_a.gen/sources_1/bd/bd_ab/ip/bd_ab_bd_xdma_0/ip_0/source/bd_ab_bd_xdma_0_pcie4_ip_gt_phy_rxeq.v:65]
INFO: [Synth 8-6157] synthesizing module 'bd_ab_bd_xdma_0_pcie4_ip_gt_receiver_detect_rxterm' [c:/Users/diego/Documents/TF-BB84/qkd_abc/vivado/nodo_a/nodo_a.gen/sources_1/bd/bd_ab/ip/bd_ab_bd_xdma_0/ip_0/source/bd_ab_bd_xdma_0_pcie4_ip_gt_receiver_detect_rxterm.v:68]
INFO: [Synth 8-6157] synthesizing module 'bd_ab_bd_xdma_0_pcie4_ip_sync__parameterized3' [c:/Users/diego/Documents/TF-BB84/qkd_abc/vivado/nodo_a/nodo_a.gen/sources_1/bd/bd_ab/ip/bd_ab_bd_xdma_0/ip_0/source/bd_ab_bd_xdma_0_pcie4_ip_sync.v:65]
INFO: [Synth 8-6155] done synthesizing module 'bd_ab_bd_xdma_0_pcie4_ip_sync__parameterized3' (0#1) [c:/Users/diego/Documents/TF-BB84/qkd_abc/vivado/nodo_a/nodo_a.gen/sources_1/bd/bd_ab/ip/bd_ab_bd_xdma_0/ip_0/source/bd_ab_bd_xdma_0_pcie4_ip_sync.v:65]
INFO: [Synth 8-6155] done synthesizing module 'bd_ab_bd_xdma_0_pcie4_ip_gt_receiver_detect_rxterm' (0#1) [c:/Users/diego/Documents/TF-BB84/qkd_abc/vivado/nodo_a/nodo_a.gen/sources_1/bd/bd_ab/ip/bd_ab_bd_xdma_0/ip_0/source/bd_ab_bd_xdma_0_pcie4_ip_gt_receiver_detect_rxterm.v:68]
INFO: [Synth 8-6157] synthesizing module 'bd_ab_bd_xdma_0_pcie4_ip_gt_cdr_ctrl_on_eidle' [c:/Users/diego/Documents/TF-BB84/qkd_abc/vivado/nodo_a/nodo_a.gen/sources_1/bd/bd_ab/ip/bd_ab_bd_xdma_0/ip_0/source/bd_ab_bd_xdma_0_pcie4_ip_gt_cdr_ctrl_on_eidle.v:65]
INFO: [Synth 8-6155] done synthesizing module 'bd_ab_bd_xdma_0_pcie4_ip_gt_cdr_ctrl_on_eidle' (0#1) [c:/Users/diego/Documents/TF-BB84/qkd_abc/vivado/nodo_a/nodo_a.gen/sources_1/bd/bd_ab/ip/bd_ab_bd_xdma_0/ip_0/source/bd_ab_bd_xdma_0_pcie4_ip_gt_cdr_ctrl_on_eidle.v:65]
INFO: [Synth 8-6157] synthesizing module 'bd_ab_bd_xdma_0_pcie4_ip_gtwizard_top' [c:/Users/diego/Documents/TF-BB84/qkd_abc/vivado/nodo_a/nodo_a.gen/sources_1/bd/bd_ab/ip/bd_ab_bd_xdma_0/ip_0/source/bd_ab_bd_xdma_0_pcie4_ip_gtwizard_top.v:65]
INFO: [Synth 8-6157] synthesizing module 'bd_ab_bd_xdma_0_pcie4_ip_gt' [c:/Users/diego/Documents/TF-BB84/qkd_abc/vivado/nodo_a/nodo_a.gen/sources_1/bd/bd_ab/ip/bd_ab_bd_xdma_0/ip_0/ip_0/synth/bd_ab_bd_xdma_0_pcie4_ip_gt.v:53]
INFO: [Synth 8-6157] synthesizing module 'bd_ab_bd_xdma_0_pcie4_ip_gt_gtwizard_top' [c:/Users/diego/Documents/TF-BB84/qkd_abc/vivado/nodo_a/nodo_a.gen/sources_1/bd/bd_ab/ip/bd_ab_bd_xdma_0/ip_0/ip_0/synth/bd_ab_bd_xdma_0_pcie4_ip_gt_gtwizard_top.v:173]
INFO: [Synth 8-6157] synthesizing module 'bd_ab_bd_xdma_0_pcie4_ip_gt_gtwizard_gtye4' [c:/Users/diego/Documents/TF-BB84/qkd_abc/vivado/nodo_a/nodo_a.gen/sources_1/bd/bd_ab/ip/bd_ab_bd_xdma_0/ip_0/ip_0/synth/bd_ab_bd_xdma_0_pcie4_ip_gt_gtwizard_gtye4.v:141]
INFO: [Synth 8-6157] synthesizing module 'bd_ab_bd_xdma_0_pcie4_ip_gt_gtye4_common_wrapper' [c:/Users/diego/Documents/TF-BB84/qkd_abc/vivado/nodo_a/nodo_a.gen/sources_1/bd/bd_ab/ip/bd_ab_bd_xdma_0/ip_0/ip_0/synth/bd_ab_bd_xdma_0_pcie4_ip_gt_gtye4_common_wrapper.v:56]
INFO: [Synth 8-6157] synthesizing module 'gtwizard_ultrascale_v1_7_20_gtye4_common' [c:/Users/diego/Documents/TF-BB84/qkd_abc/vivado/nodo_a/nodo_a.gen/sources_1/bd/bd_ab/ip/bd_ab_bd_xdma_0/ip_0/ip_0/synth/gtwizard_ultrascale_v1_7_gtye4_common.v:53]
INFO: [Synth 8-6157] synthesizing module 'GTYE4_COMMON' [C:/Xilinx/2025.1/Vivado/scripts/rt/data/unisim_comp.v:58066]
INFO: [Synth 8-6155] done synthesizing module 'GTYE4_COMMON' (0#1) [C:/Xilinx/2025.1/Vivado/scripts/rt/data/unisim_comp.v:58066]
INFO: [Synth 8-6155] done synthesizing module 'gtwizard_ultrascale_v1_7_20_gtye4_common' (0#1) [c:/Users/diego/Documents/TF-BB84/qkd_abc/vivado/nodo_a/nodo_a.gen/sources_1/bd/bd_ab/ip/bd_ab_bd_xdma_0/ip_0/ip_0/synth/gtwizard_ultrascale_v1_7_gtye4_common.v:53]
INFO: [Synth 8-6155] done synthesizing module 'bd_ab_bd_xdma_0_pcie4_ip_gt_gtye4_common_wrapper' (0#1) [c:/Users/diego/Documents/TF-BB84/qkd_abc/vivado/nodo_a/nodo_a.gen/sources_1/bd/bd_ab/ip/bd_ab_bd_xdma_0/ip_0/ip_0/synth/bd_ab_bd_xdma_0_pcie4_ip_gt_gtye4_common_wrapper.v:56]
INFO: [Synth 8-6157] synthesizing module 'bd_ab_bd_xdma_0_pcie4_ip_gt_gtye4_channel_wrapper' [c:/Users/diego/Documents/TF-BB84/qkd_abc/vivado/nodo_a/nodo_a.gen/sources_1/bd/bd_ab/ip/bd_ab_bd_xdma_0/ip_0/ip_0/synth/bd_ab_bd_xdma_0_pcie4_ip_gt_gtye4_channel_wrapper.v:56]
INFO: [Synth 8-6157] synthesizing module 'gtwizard_ultrascale_v1_7_20_gtye4_channel' [c:/Users/diego/Documents/TF-BB84/qkd_abc/vivado/nodo_a/nodo_a.gen/sources_1/bd/bd_ab/ip/bd_ab_bd_xdma_0/ip_0/ip_0/synth/gtwizard_ultrascale_v1_7_gtye4_channel.v:53]
INFO: [Common 17-14] Message 'Synth 8-6157' appears 100 times and further instances of the messages will be disabled. Use the Tcl command set_msg_config to change the current settings.
INFO: [Synth 8-6155] done synthesizing module 'GTYE4_CHANNEL' (0#1) [C:/Xilinx/2025.1/Vivado/scripts/rt/data/unisim_comp.v:56905]
INFO: [Synth 8-6155] done synthesizing module 'gtwizard_ultrascale_v1_7_20_gtye4_channel' (0#1) [c:/Users/diego/Documents/TF-BB84/qkd_abc/vivado/nodo_a/nodo_a.gen/sources_1/bd/bd_ab/ip/bd_ab_bd_xdma_0/ip_0/ip_0/synth/gtwizard_ultrascale_v1_7_gtye4_channel.v:53]
INFO: [Synth 8-6155] done synthesizing module 'bd_ab_bd_xdma_0_pcie4_ip_gt_gtye4_channel_wrapper' (0#1) [c:/Users/diego/Documents/TF-BB84/qkd_abc/vivado/nodo_a/nodo_a.gen/sources_1/bd/bd_ab/ip/bd_ab_bd_xdma_0/ip_0/ip_0/synth/bd_ab_bd_xdma_0_pcie4_ip_gt_gtye4_channel_wrapper.v:56]
INFO: [Synth 8-6155] done synthesizing module 'gtwizard_ultrascale_v1_7_20_reset_synchronizer' (0#1) [c:/Users/diego/Documents/TF-BB84/qkd_abc/vivado/nodo_a/nodo_a.gen/sources_1/bd/bd_ab/ipshared/3da2/hdl/gtwizard_ultrascale_v1_7_reset_sync.v:53]
INFO: [Synth 8-6155] done synthesizing module 'gtwizard_ultrascale_v1_7_20_bit_synchronizer' (0#1) [c:/Users/diego/Documents/TF-BB84/qkd_abc/vivado/nodo_a/nodo_a.gen/sources_1/bd/bd_ab/ipshared/3da2/hdl/gtwizard_ultrascale_v1_7_bit_sync.v:53]
INFO: [Synth 8-6155] done synthesizing module 'gtwizard_ultrascale_v1_7_20_gtye4_cpll_cal_freq_counter' (0#1) [c:/Users/diego/Documents/TF-BB84/qkd_abc/vivado/nodo_a/nodo_a.gen/sources_1/bd/bd_ab/ipshared/3da2/hdl/gtwizard_ultrascale_v1_7_gtye4_cal_freqcnt.v:53]
INFO: [Synth 8-6155] done synthesizing module 'gtwizard_ultrascale_v1_7_20_gtye4_cpll_cal_tx' (0#1) [c:/Users/diego/Documents/TF-BB84/qkd_abc/vivado/nodo_a/nodo_a.gen/sources_1/bd/bd_ab/ipshared/3da2/hdl/gtwizard_ultrascale_v1_7_gtye4_cpll_cal_tx.v:53]
INFO: [Synth 8-6155] done synthesizing module 'gtwizard_ultrascale_v1_7_20_gtye4_cpll_cal_rx' (0#1) [c:/Users/diego/Documents/TF-BB84/qkd_abc/vivado/nodo_a/nodo_a.gen/sources_1/bd/bd_ab/ipshared/3da2/hdl/gtwizard_ultrascale_v1_7_gtye4_cpll_cal_rx.v:53]
INFO: [Synth 8-6155] done synthesizing module 'gtwizard_ultrascale_v1_7_20_gte4_drp_arb' (0#1) [c:/Users/diego/Documents/TF-BB84/qkd_abc/vivado/nodo_a/nodo_a.gen/sources_1/bd/bd_ab/ipshared/3da2/hdl/gtwizard_ultrascale_v1_7_gte4_drp_arb.v:53]
INFO: [Synth 8-6155] done synthesizing module 'gtwizard_ultrascale_v1_7_20_gtye4_cpll_cal' (0#1) [c:/Users/diego/Documents/TF-BB84/qkd_abc/vivado/nodo_a/nodo_a.gen/sources_1/bd/bd_ab/ipshared/3da2/hdl/gtwizard_ultrascale_v1_7_gtye4_cpll_cal.v:53]
INFO: [Synth 8-6155] done synthesizing module 'gtwizard_ultrascale_v1_7_20_gtye4_delay_powergood' (0#1) [c:/Users/diego/Documents/TF-BB84/qkd_abc/vivado/nodo_a/nodo_a.gen/sources_1/bd/bd_ab/ipshared/3da2/hdl/gtwizard_ultrascale_v1_7_gtye4_delay_powergood.v:53]
INFO: [Synth 8-6155] done synthesizing module 'bd_ab_bd_xdma_0_pcie4_ip_gt_gtwizard_gtye4' (0#1) [c:/Users/diego/Documents/TF-BB84/qkd_abc/vivado/nodo_a/nodo_a.gen/sources_1/bd/bd_ab/ip/bd_ab_bd_xdma_0/ip_0/ip_0/synth/bd_ab_bd_xdma_0_pcie4_ip_gt_gtwizard_gtye4.v:141]
INFO: [Common 17-14] Message 'Synth 8-6155' appears 100 times and further instances of the messages will be disabled. Use the Tcl command set_msg_config to change the current settings.
INFO: [Synth 8-226] default block is never used [c:/Users/diego/Documents/TF-BB84/qkd_abc/vivado/nodo_a/nodo_a.gen/sources_1/bd/bd_ab/ip/bd_ab_bd_xdma_0/ip_0/source/bd_ab_bd_xdma_0_pcie4_ip_gt_phy_rst.v:417]
WARNING: [Synth 8-7071] port 'cfg_fc_vc_sel' of module 'bd_ab_bd_xdma_0_core_top' is unconnected for instance 'inst' [c:/Users/diego/Documents/TF-BB84/qkd_abc/vivado/nodo_a/nodo_a.gen/sources_1/bd/bd_ab/ip/bd_ab_bd_xdma_0/synth/bd_ab_bd_xdma_0.sv:634]
WARNING: [Synth 8-7023] instance 'inst' of module 'bd_ab_bd_xdma_0_core_top' has 1313 connections declared, but only 1312 given [c:/Users/diego/Documents/TF-BB84/qkd_abc/vivado/nodo_a/nodo_a.gen/sources_1/bd/bd_ab/ip/bd_ab_bd_xdma_0/synth/bd_ab_bd_xdma_0.sv:634]
WARNING: [Synth 8-4767] Trying to implement RAM 'rdreqRunBufAddrq_ff_reg' in registers. Block RAM or DRAM implementation is not possible; see log for reasons.
Reason is one or more of the following :
	1: Only 1 word in RAM 
RAM "rdreqRunBufAddrq_ff_reg" dissolved into registers
WARNING: [Synth 8-4767] Trying to implement RAM 'rdreqIdq_ff_reg' in registers. Block RAM or DRAM implementation is not possible; see log for reasons.
Reason is one or more of the following :
	1: Only 1 word in RAM 
RAM "rdreqIdq_ff_reg" dissolved into registers
WARNING: [Synth 8-6014] Unused sequential element wlengthback_ff_reg was removed. 
WARNING: [Synth 8-6014] Unused sequential element wrreqChnlIdq_ff_reg was removed. 
WARNING: [Synth 8-4767] Trying to implement RAM 'brespLastq_ff_reg' in registers. Block RAM or DRAM implementation is not possible; see log for reasons.
Reason is one or more of the following :
	1: Only 1 word in RAM 
RAM "brespLastq_ff_reg" dissolved into registers
WARNING: [Synth 8-6014] Unused sequential element rrq_did_nn1_reg was removed. 
WARNING: [Synth 8-6014] Unused sequential element rrq_dadr_nn1_reg was removed. 
WARNING: [Synth 8-6014] Unused sequential element rrq_did_nn1_reg was removed. 
WARNING: [Synth 8-6014] Unused sequential element m_axi_awcacheq_reg was removed. 
WARNING: [Synth 8-6014] Unused sequential element m_axi_reqidq_reg was removed. 
WARNING: [Synth 8-6014] Unused sequential element m_axi_barq_reg was removed. 
WARNING: [Synth 8-6014] Unused sequential element m_axi_arcacheissueq_reg was removed. 
WARNING: [Synth 8-6014] Unused sequential element m_axi_reqidq_reg was removed. 
WARNING: [Synth 8-6014] Unused sequential element m_axi_arlenpendq_reg was removed. 
WARNING: [Synth 8-6014] Unused sequential element m_axi_barq_reg was removed. 
WARNING: [Synth 8-4767] Trying to implement RAM 'MemArray_reg' in registers. Block RAM or DRAM implementation is not possible; see log for reasons.
Reason is one or more of the following :
	1: Only 1 word in RAM 
RAM "MemArray_reg" dissolved into registers
WARNING: [Synth 8-6014] Unused sequential element tag_rrq_usr_ofst_mem_even_reg was removed. 
WARNING: [Synth 8-6014] Unused sequential element tag_rrq_usr_ofst_mem_odd_reg was removed. 
WARNING: [Synth 8-6014] Unused sequential element gen_rd_b.gen_doutb_pipe.enb_pipe_reg[0] was removed.  [C:/Xilinx/2025.1/Vivado/data/ip/xpm/xpm_memory/hdl/xpm_memory.sv:3085]
WARNING: [Synth 8-6014] Unused sequential element reg_prev_data_reg was removed.  [c:/Users/diego/Documents/TF-BB84/qkd_abc/vivado/nodo_a/nodo_a.gen/sources_1/bd/bd_ab/ip/bd_ab_bd_xdma_0/ip_0/source/bd_ab_bd_xdma_0_pcie4_ip_seqnum_fifo.v:133]
WARNING: [Synth 8-6014] Unused sequential element reg_in_fsm_state_reg was removed.  [c:/Users/diego/Documents/TF-BB84/qkd_abc/vivado/nodo_a/nodo_a.gen/sources_1/bd/bd_ab/ip/bd_ab_bd_xdma_0/ip_0/source/bd_ab_bd_xdma_0_pcie4_ip_seqnum_fifo.v:142]
WARNING: [Synth 8-6014] Unused sequential element hot_reset_timer_reg was removed.  [c:/Users/diego/Documents/TF-BB84/qkd_abc/vivado/nodo_a/nodo_a.gen/sources_1/bd/bd_ab/ip/bd_ab_bd_xdma_0/ip_0/source/bd_ab_bd_xdma_0_pcie4_ip_init_ctrl.v:250]
WARNING: [Synth 8-6014] Unused sequential element reg_cfg_interrupt_msix_vf_flr_msk_reg was removed.  [c:/Users/diego/Documents/TF-BB84/qkd_abc/vivado/nodo_a/nodo_a.gen/sources_1/bd/bd_ab/ip/bd_ab_bd_xdma_0/ip_0/source/bd_ab_bd_xdma_0_pcie4_ip_vf_decode.v:193]
WARNING: [Synth 8-6014] Unused sequential element pipe_rx00_phy_status_ff_reg was removed.  [c:/Users/diego/Documents/TF-BB84/qkd_abc/vivado/nodo_a/nodo_a.gen/sources_1/bd/bd_ab/ip/bd_ab_bd_xdma_0/ip_0/source/bd_ab_bd_xdma_0_pcie4_ip_pipe.v:1374]
WARNING: [Synth 8-6014] Unused sequential element pipe_rx01_phy_status_ff_reg was removed.  [c:/Users/diego/Documents/TF-BB84/qkd_abc/vivado/nodo_a/nodo_a.gen/sources_1/bd/bd_ab/ip/bd_ab_bd_xdma_0/ip_0/source/bd_ab_bd_xdma_0_pcie4_ip_pipe.v:1375]
WARNING: [Synth 8-6014] Unused sequential element pipe_rx02_phy_status_ff_reg was removed.  [c:/Users/diego/Documents/TF-BB84/qkd_abc/vivado/nodo_a/nodo_a.gen/sources_1/bd/bd_ab/ip/bd_ab_bd_xdma_0/ip_0/source/bd_ab_bd_xdma_0_pcie4_ip_pipe.v:1376]
WARNING: [Synth 8-6014] Unused sequential element pipe_rx03_phy_status_ff_reg was removed.  [c:/Users/diego/Documents/TF-BB84/qkd_abc/vivado/nodo_a/nodo_a.gen/sources_1/bd/bd_ab/ip/bd_ab_bd_xdma_0/ip_0/source/bd_ab_bd_xdma_0_pcie4_ip_pipe.v:1377]
WARNING: [Synth 8-6014] Unused sequential element pipe_rx04_phy_status_ff_reg was removed.  [c:/Users/diego/Documents/TF-BB84/qkd_abc/vivado/nodo_a/nodo_a.gen/sources_1/bd/bd_ab/ip/bd_ab_bd_xdma_0/ip_0/source/bd_ab_bd_xdma_0_pcie4_ip_pipe.v:1378]
WARNING: [Synth 8-6014] Unused sequential element pipe_rx05_phy_status_ff_reg was removed.  [c:/Users/diego/Documents/TF-BB84/qkd_abc/vivado/nodo_a/nodo_a.gen/sources_1/bd/bd_ab/ip/bd_ab_bd_xdma_0/ip_0/source/bd_ab_bd_xdma_0_pcie4_ip_pipe.v:1379]
WARNING: [Synth 8-6014] Unused sequential element pipe_rx06_phy_status_ff_reg was removed.  [c:/Users/diego/Documents/TF-BB84/qkd_abc/vivado/nodo_a/nodo_a.gen/sources_1/bd/bd_ab/ip/bd_ab_bd_xdma_0/ip_0/source/bd_ab_bd_xdma_0_pcie4_ip_pipe.v:1380]
WARNING: [Synth 8-6014] Unused sequential element pipe_rx07_phy_status_ff_reg was removed.  [c:/Users/diego/Documents/TF-BB84/qkd_abc/vivado/nodo_a/nodo_a.gen/sources_1/bd/bd_ab/ip/bd_ab_bd_xdma_0/ip_0/source/bd_ab_bd_xdma_0_pcie4_ip_pipe.v:1381]
WARNING: [Synth 8-6014] Unused sequential element pipe_rx08_phy_status_ff_reg was removed.  [c:/Users/diego/Documents/TF-BB84/qkd_abc/vivado/nodo_a/nodo_a.gen/sources_1/bd/bd_ab/ip/bd_ab_bd_xdma_0/ip_0/source/bd_ab_bd_xdma_0_pcie4_ip_pipe.v:1382]
WARNING: [Synth 8-6014] Unused sequential element pipe_rx09_phy_status_ff_reg was removed.  [c:/Users/diego/Documents/TF-BB84/qkd_abc/vivado/nodo_a/nodo_a.gen/sources_1/bd/bd_ab/ip/bd_ab_bd_xdma_0/ip_0/source/bd_ab_bd_xdma_0_pcie4_ip_pipe.v:1383]
WARNING: [Synth 8-6014] Unused sequential element pipe_rx10_phy_status_ff_reg was removed.  [c:/Users/diego/Documents/TF-BB84/qkd_abc/vivado/nodo_a/nodo_a.gen/sources_1/bd/bd_ab/ip/bd_ab_bd_xdma_0/ip_0/source/bd_ab_bd_xdma_0_pcie4_ip_pipe.v:1384]
WARNING: [Synth 8-6014] Unused sequential element pipe_rx11_phy_status_ff_reg was removed.  [c:/Users/diego/Documents/TF-BB84/qkd_abc/vivado/nodo_a/nodo_a.gen/sources_1/bd/bd_ab/ip/bd_ab_bd_xdma_0/ip_0/source/bd_ab_bd_xdma_0_pcie4_ip_pipe.v:1385]
WARNING: [Synth 8-6014] Unused sequential element pipe_rx12_phy_status_ff_reg was removed.  [c:/Users/diego/Documents/TF-BB84/qkd_abc/vivado/nodo_a/nodo_a.gen/sources_1/bd/bd_ab/ip/bd_ab_bd_xdma_0/ip_0/source/bd_ab_bd_xdma_0_pcie4_ip_pipe.v:1386]
WARNING: [Synth 8-6014] Unused sequential element pipe_rx13_phy_status_ff_reg was removed.  [c:/Users/diego/Documents/TF-BB84/qkd_abc/vivado/nodo_a/nodo_a.gen/sources_1/bd/bd_ab/ip/bd_ab_bd_xdma_0/ip_0/source/bd_ab_bd_xdma_0_pcie4_ip_pipe.v:1387]
WARNING: [Synth 8-6014] Unused sequential element pipe_rx14_phy_status_ff_reg was removed.  [c:/Users/diego/Documents/TF-BB84/qkd_abc/vivado/nodo_a/nodo_a.gen/sources_1/bd/bd_ab/ip/bd_ab_bd_xdma_0/ip_0/source/bd_ab_bd_xdma_0_pcie4_ip_pipe.v:1388]
WARNING: [Synth 8-6014] Unused sequential element pipe_rx15_phy_status_ff_reg was removed.  [c:/Users/diego/Documents/TF-BB84/qkd_abc/vivado/nodo_a/nodo_a.gen/sources_1/bd/bd_ab/ip/bd_ab_bd_xdma_0/ip_0/source/bd_ab_bd_xdma_0_pcie4_ip_pipe.v:1389]
WARNING: [Synth 8-6014] Unused sequential element pipe_rx00_status_ff_reg was removed.  [c:/Users/diego/Documents/TF-BB84/qkd_abc/vivado/nodo_a/nodo_a.gen/sources_1/bd/bd_ab/ip/bd_ab_bd_xdma_0/ip_0/source/bd_ab_bd_xdma_0_pcie4_ip_pipe.v:1390]
WARNING: [Synth 8-6014] Unused sequential element pipe_rx01_status_ff_reg was removed.  [c:/Users/diego/Documents/TF-BB84/qkd_abc/vivado/nodo_a/nodo_a.gen/sources_1/bd/bd_ab/ip/bd_ab_bd_xdma_0/ip_0/source/bd_ab_bd_xdma_0_pcie4_ip_pipe.v:1391]
WARNING: [Synth 8-6014] Unused sequential element pipe_rx02_status_ff_reg was removed.  [c:/Users/diego/Documents/TF-BB84/qkd_abc/vivado/nodo_a/nodo_a.gen/sources_1/bd/bd_ab/ip/bd_ab_bd_xdma_0/ip_0/source/bd_ab_bd_xdma_0_pcie4_ip_pipe.v:1392]
WARNING: [Synth 8-6014] Unused sequential element pipe_rx03_status_ff_reg was removed.  [c:/Users/diego/Documents/TF-BB84/qkd_abc/vivado/nodo_a/nodo_a.gen/sources_1/bd/bd_ab/ip/bd_ab_bd_xdma_0/ip_0/source/bd_ab_bd_xdma_0_pcie4_ip_pipe.v:1393]
WARNING: [Synth 8-6014] Unused sequential element pipe_rx04_status_ff_reg was removed.  [c:/Users/diego/Documents/TF-BB84/qkd_abc/vivado/nodo_a/nodo_a.gen/sources_1/bd/bd_ab/ip/bd_ab_bd_xdma_0/ip_0/source/bd_ab_bd_xdma_0_pcie4_ip_pipe.v:1394]
WARNING: [Synth 8-6014] Unused sequential element pipe_rx05_status_ff_reg was removed.  [c:/Users/diego/Documents/TF-BB84/qkd_abc/vivado/nodo_a/nodo_a.gen/sources_1/bd/bd_ab/ip/bd_ab_bd_xdma_0/ip_0/source/bd_ab_bd_xdma_0_pcie4_ip_pipe.v:1395]
WARNING: [Synth 8-6014] Unused sequential element pipe_rx06_status_ff_reg was removed.  [c:/Users/diego/Documents/TF-BB84/qkd_abc/vivado/nodo_a/nodo_a.gen/sources_1/bd/bd_ab/ip/bd_ab_bd_xdma_0/ip_0/source/bd_ab_bd_xdma_0_pcie4_ip_pipe.v:1396]
WARNING: [Synth 8-6014] Unused sequential element pipe_rx07_status_ff_reg was removed.  [c:/Users/diego/Documents/TF-BB84/qkd_abc/vivado/nodo_a/nodo_a.gen/sources_1/bd/bd_ab/ip/bd_ab_bd_xdma_0/ip_0/source/bd_ab_bd_xdma_0_pcie4_ip_pipe.v:1397]
WARNING: [Synth 8-6014] Unused sequential element pipe_rx08_status_ff_reg was removed.  [c:/Users/diego/Documents/TF-BB84/qkd_abc/vivado/nodo_a/nodo_a.gen/sources_1/bd/bd_ab/ip/bd_ab_bd_xdma_0/ip_0/source/bd_ab_bd_xdma_0_pcie4_ip_pipe.v:1398]
WARNING: [Synth 8-6014] Unused sequential element pipe_rx09_status_ff_reg was removed.  [c:/Users/diego/Documents/TF-BB84/qkd_abc/vivado/nodo_a/nodo_a.gen/sources_1/bd/bd_ab/ip/bd_ab_bd_xdma_0/ip_0/source/bd_ab_bd_xdma_0_pcie4_ip_pipe.v:1399]
WARNING: [Synth 8-6014] Unused sequential element pipe_rx10_status_ff_reg was removed.  [c:/Users/diego/Documents/TF-BB84/qkd_abc/vivado/nodo_a/nodo_a.gen/sources_1/bd/bd_ab/ip/bd_ab_bd_xdma_0/ip_0/source/bd_ab_bd_xdma_0_pcie4_ip_pipe.v:1400]
WARNING: [Synth 8-6014] Unused sequential element pipe_rx11_status_ff_reg was removed.  [c:/Users/diego/Documents/TF-BB84/qkd_abc/vivado/nodo_a/nodo_a.gen/sources_1/bd/bd_ab/ip/bd_ab_bd_xdma_0/ip_0/source/bd_ab_bd_xdma_0_pcie4_ip_pipe.v:1401]
WARNING: [Synth 8-6014] Unused sequential element pipe_rx12_status_ff_reg was removed.  [c:/Users/diego/Documents/TF-BB84/qkd_abc/vivado/nodo_a/nodo_a.gen/sources_1/bd/bd_ab/ip/bd_ab_bd_xdma_0/ip_0/source/bd_ab_bd_xdma_0_pcie4_ip_pipe.v:1402]
WARNING: [Synth 8-6014] Unused sequential element pipe_rx13_status_ff_reg was removed.  [c:/Users/diego/Documents/TF-BB84/qkd_abc/vivado/nodo_a/nodo_a.gen/sources_1/bd/bd_ab/ip/bd_ab_bd_xdma_0/ip_0/source/bd_ab_bd_xdma_0_pcie4_ip_pipe.v:1403]
WARNING: [Synth 8-6014] Unused sequential element pipe_rx14_status_ff_reg was removed.  [c:/Users/diego/Documents/TF-BB84/qkd_abc/vivado/nodo_a/nodo_a.gen/sources_1/bd/bd_ab/ip/bd_ab_bd_xdma_0/ip_0/source/bd_ab_bd_xdma_0_pcie4_ip_pipe.v:1404]
WARNING: [Synth 8-6014] Unused sequential element pipe_rx15_status_ff_reg was removed.  [c:/Users/diego/Documents/TF-BB84/qkd_abc/vivado/nodo_a/nodo_a.gen/sources_1/bd/bd_ab/ip/bd_ab_bd_xdma_0/ip_0/source/bd_ab_bd_xdma_0_pcie4_ip_pipe.v:1405]
WARNING: [Synth 8-6014] Unused sequential element txpreset_reg was removed.  [c:/Users/diego/Documents/TF-BB84/qkd_abc/vivado/nodo_a/nodo_a.gen/sources_1/bd/bd_ab/ip/bd_ab_bd_xdma_0/ip_0/source/bd_ab_bd_xdma_0_pcie4_ip_gt_phy_rxeq.v:205]
WARNING: [Synth 8-6014] Unused sequential element txcoeff_reg was removed.  [c:/Users/diego/Documents/TF-BB84/qkd_abc/vivado/nodo_a/nodo_a.gen/sources_1/bd/bd_ab/ip/bd_ab_bd_xdma_0/ip_0/source/bd_ab_bd_xdma_0_pcie4_ip_gt_phy_rxeq.v:206]
WARNING: [Synth 8-6014] Unused sequential element rxelecidle_r_reg was removed.  [c:/Users/diego/Documents/TF-BB84/qkd_abc/vivado/nodo_a/nodo_a.gen/sources_1/bd/bd_ab/ip/bd_ab_bd_xdma_0/ip_0/source/bd_ab_bd_xdma_0_pcie4_ip_gt_receiver_detect_rxterm.v:122]
WARNING: [Synth 8-3848] Net RXTERM_FSM in module/entity bd_ab_bd_xdma_0_pcie4_ip_gt_receiver_detect_rxterm does not have driver. [c:/Users/diego/Documents/TF-BB84/qkd_abc/vivado/nodo_a/nodo_a.gen/sources_1/bd/bd_ab/ip/bd_ab_bd_xdma_0/ip_0/source/bd_ab_bd_xdma_0_pcie4_ip_gt_receiver_detect_rxterm.v:84]
WARNING: [Synth 8-7137] Register freq_cnt_o_reg in module gtwizard_ultrascale_v1_7_20_gtye4_cpll_cal_freq_counter has both Set and reset with same priority. This may cause simulation mismatches. Consider rewriting code  [c:/Users/diego/Documents/TF-BB84/qkd_abc/vivado/nodo_a/nodo_a.gen/sources_1/bd/bd_ab/ipshared/3da2/hdl/gtwizard_ultrascale_v1_7_gtye4_cal_freqcnt.v:188]
WARNING: [Synth 8-6014] Unused sequential element mask_reg was removed.  [c:/Users/diego/Documents/TF-BB84/qkd_abc/vivado/nodo_a/nodo_a.gen/sources_1/bd/bd_ab/ipshared/3da2/hdl/gtwizard_ultrascale_v1_7_gtye4_cpll_cal_tx.v:1077]
WARNING: [Synth 8-3848] Net eyescandataerror_out in module/entity bd_ab_bd_xdma_0_pcie4_ip_gtwizard_top does not have driver. [c:/Users/diego/Documents/TF-BB84/qkd_abc/vivado/nodo_a/nodo_a.gen/sources_1/bd/bd_ab/ip/bd_ab_bd_xdma_0/ip_0/source/bd_ab_bd_xdma_0_pcie4_ip_gtwizard_top.v:580]
WARNING: [Synth 8-3848] Net USB_POWERPRESENT in module/entity bd_ab_bd_xdma_0_pcie4_ip_gt_phy_wrapper does not have driver. [c:/Users/diego/Documents/TF-BB84/qkd_abc/vivado/nodo_a/nodo_a.gen/sources_1/bd/bd_ab/ip/bd_ab_bd_xdma_0/ip_0/source/bd_ab_bd_xdma_0_pcie4_ip_gt_phy_wrapper.v:286]
WARNING: [Synth 8-3848] Net GT_RXLPMEN in module/entity bd_ab_bd_xdma_0_pcie4_ip_gt_phy_wrapper does not have driver. [c:/Users/diego/Documents/TF-BB84/qkd_abc/vivado/nodo_a/nodo_a.gen/sources_1/bd/bd_ab/ip/bd_ab_bd_xdma_0/ip_0/source/bd_ab_bd_xdma_0_pcie4_ip_gt_phy_wrapper.v:333]
WARNING: [Synth 8-6014] Unused sequential element ds_srl_reg was removed.  [c:/Users/diego/Documents/TF-BB84/qkd_abc/vivado/nodo_a/nodo_a.gen/sources_1/bd/bd_ab/ip/bd_ab_bd_xdma_0/ip_0/source/bd_ab_bd_xdma_0_pcie4_ip_pcie4_uscale_core_top.v:5532]
WARNING: [Synth 8-6014] Unused sequential element flr_cntr_reg was removed.  [c:/Users/diego/Documents/TF-BB84/qkd_abc/vivado/nodo_a/nodo_a.gen/sources_1/bd/bd_ab/ip/bd_ab_bd_xdma_0/ip_0/source/bd_ab_bd_xdma_0_pcie4_ip_pcie4_uscale_core_top.v:5529]
WARNING: [Synth 8-6014] Unused sequential element np_req_wait_reg was removed.  [c:/Users/diego/Documents/TF-BB84/qkd_abc/vivado/nodo_a/nodo_a.gen/sources_1/bd/bd_ab/ip/bd_ab_bd_xdma_0/ip_0/source/bd_ab_bd_xdma_0_pcie4_ip_pcie4_uscale_core_top.v:5536]
WARNING: [Synth 8-3848] Net gtrefclk01_in in module/entity bd_ab_bd_xdma_0_pcie4_ip_pcie4_uscale_core_top does not have driver. [c:/Users/diego/Documents/TF-BB84/qkd_abc/vivado/nodo_a/nodo_a.gen/sources_1/bd/bd_ab/ip/bd_ab_bd_xdma_0/ip_0/source/bd_ab_bd_xdma_0_pcie4_ip_pcie4_uscale_core_top.v:1185]
WARNING: [Synth 8-3848] Net gtrefclk00_in in module/entity bd_ab_bd_xdma_0_pcie4_ip_pcie4_uscale_core_top does not have driver. [c:/Users/diego/Documents/TF-BB84/qkd_abc/vivado/nodo_a/nodo_a.gen/sources_1/bd/bd_ab/ip/bd_ab_bd_xdma_0/ip_0/source/bd_ab_bd_xdma_0_pcie4_ip_pcie4_uscale_core_top.v:1186]
WARNING: [Synth 8-3848] Net pcierateqpll0_in in module/entity bd_ab_bd_xdma_0_pcie4_ip_pcie4_uscale_core_top does not have driver. [c:/Users/diego/Documents/TF-BB84/qkd_abc/vivado/nodo_a/nodo_a.gen/sources_1/bd/bd_ab/ip/bd_ab_bd_xdma_0/ip_0/source/bd_ab_bd_xdma_0_pcie4_ip_pcie4_uscale_core_top.v:1187]
WARNING: [Synth 8-3848] Net pcierateqpll1_in in module/entity bd_ab_bd_xdma_0_pcie4_ip_pcie4_uscale_core_top does not have driver. [c:/Users/diego/Documents/TF-BB84/qkd_abc/vivado/nodo_a/nodo_a.gen/sources_1/bd/bd_ab/ip/bd_ab_bd_xdma_0/ip_0/source/bd_ab_bd_xdma_0_pcie4_ip_pcie4_uscale_core_top.v:1188]
WARNING: [Synth 8-3848] Net qpll0pd_in in module/entity bd_ab_bd_xdma_0_pcie4_ip_pcie4_uscale_core_top does not have driver. [c:/Users/diego/Documents/TF-BB84/qkd_abc/vivado/nodo_a/nodo_a.gen/sources_1/bd/bd_ab/ip/bd_ab_bd_xdma_0/ip_0/source/bd_ab_bd_xdma_0_pcie4_ip_pcie4_uscale_core_top.v:1190]
WARNING: [Synth 8-3848] Net qpll0reset_in in module/entity bd_ab_bd_xdma_0_pcie4_ip_pcie4_uscale_core_top does not have driver. [c:/Users/diego/Documents/TF-BB84/qkd_abc/vivado/nodo_a/nodo_a.gen/sources_1/bd/bd_ab/ip/bd_ab_bd_xdma_0/ip_0/source/bd_ab_bd_xdma_0_pcie4_ip_pcie4_uscale_core_top.v:1191]
WARNING: [Synth 8-3848] Net qpll1pd_in in module/entity bd_ab_bd_xdma_0_pcie4_ip_pcie4_uscale_core_top does not have driver. [c:/Users/diego/Documents/TF-BB84/qkd_abc/vivado/nodo_a/nodo_a.gen/sources_1/bd/bd_ab/ip/bd_ab_bd_xdma_0/ip_0/source/bd_ab_bd_xdma_0_pcie4_ip_pcie4_uscale_core_top.v:1192]
WARNING: [Synth 8-3848] Net qpll1reset_in in module/entity bd_ab_bd_xdma_0_pcie4_ip_pcie4_uscale_core_top does not have driver. [c:/Users/diego/Documents/TF-BB84/qkd_abc/vivado/nodo_a/nodo_a.gen/sources_1/bd/bd_ab/ip/bd_ab_bd_xdma_0/ip_0/source/bd_ab_bd_xdma_0_pcie4_ip_pcie4_uscale_core_top.v:1193]
WARNING: [Synth 8-3848] Net qpll0freqlock_in in module/entity bd_ab_bd_xdma_0_pcie4_ip_pcie4_uscale_core_top does not have driver. [c:/Users/diego/Documents/TF-BB84/qkd_abc/vivado/nodo_a/nodo_a.gen/sources_1/bd/bd_ab/ip/bd_ab_bd_xdma_0/ip_0/source/bd_ab_bd_xdma_0_pcie4_ip_pcie4_uscale_core_top.v:1200]
WARNING: [Synth 8-3848] Net qpll1freqlock_in in module/entity bd_ab_bd_xdma_0_pcie4_ip_pcie4_uscale_core_top does not have driver. [c:/Users/diego/Documents/TF-BB84/qkd_abc/vivado/nodo_a/nodo_a.gen/sources_1/bd/bd_ab/ip/bd_ab_bd_xdma_0/ip_0/source/bd_ab_bd_xdma_0_pcie4_ip_pcie4_uscale_core_top.v:1201]
WARNING: [Synth 8-3848] Net rcalenb_in in module/entity bd_ab_bd_xdma_0_pcie4_ip_pcie4_uscale_core_top does not have driver. [c:/Users/diego/Documents/TF-BB84/qkd_abc/vivado/nodo_a/nodo_a.gen/sources_1/bd/bd_ab/ip/bd_ab_bd_xdma_0/ip_0/source/bd_ab_bd_xdma_0_pcie4_ip_pcie4_uscale_core_top.v:1205]
WARNING: [Synth 8-3848] Net txpisopd_in in module/entity bd_ab_bd_xdma_0_pcie4_ip_pcie4_uscale_core_top does not have driver. [c:/Users/diego/Documents/TF-BB84/qkd_abc/vivado/nodo_a/nodo_a.gen/sources_1/bd/bd_ab/ip/bd_ab_bd_xdma_0/ip_0/source/bd_ab_bd_xdma_0_pcie4_ip_pcie4_uscale_core_top.v:1206]
WARNING: [Synth 8-3848] Net cpllfreqlock_in in module/entity bd_ab_bd_xdma_0_pcie4_ip_pcie4_uscale_core_top does not have driver. [c:/Users/diego/Documents/TF-BB84/qkd_abc/vivado/nodo_a/nodo_a.gen/sources_1/bd/bd_ab/ip/bd_ab_bd_xdma_0/ip_0/source/bd_ab_bd_xdma_0_pcie4_ip_pcie4_uscale_core_top.v:1212]
WARNING: [Synth 8-3848] Net cpllpd_in in module/entity bd_ab_bd_xdma_0_pcie4_ip_pcie4_uscale_core_top does not have driver. [c:/Users/diego/Documents/TF-BB84/qkd_abc/vivado/nodo_a/nodo_a.gen/sources_1/bd/bd_ab/ip/bd_ab_bd_xdma_0/ip_0/source/bd_ab_bd_xdma_0_pcie4_ip_pcie4_uscale_core_top.v:1214]
WARNING: [Synth 8-3848] Net cpllreset_in in module/entity bd_ab_bd_xdma_0_pcie4_ip_pcie4_uscale_core_top does not have driver. [c:/Users/diego/Documents/TF-BB84/qkd_abc/vivado/nodo_a/nodo_a.gen/sources_1/bd/bd_ab/ip/bd_ab_bd_xdma_0/ip_0/source/bd_ab_bd_xdma_0_pcie4_ip_pcie4_uscale_core_top.v:1215]
WARNING: [Synth 8-3848] Net dmonfiforeset_in in module/entity bd_ab_bd_xdma_0_pcie4_ip_pcie4_uscale_core_top does not have driver. [c:/Users/diego/Documents/TF-BB84/qkd_abc/vivado/nodo_a/nodo_a.gen/sources_1/bd/bd_ab/ip/bd_ab_bd_xdma_0/ip_0/source/bd_ab_bd_xdma_0_pcie4_ip_pcie4_uscale_core_top.v:1216]
WARNING: [Synth 8-3848] Net dmonitorclk_in in module/entity bd_ab_bd_xdma_0_pcie4_ip_pcie4_uscale_core_top does not have driver. [c:/Users/diego/Documents/TF-BB84/qkd_abc/vivado/nodo_a/nodo_a.gen/sources_1/bd/bd_ab/ip/bd_ab_bd_xdma_0/ip_0/source/bd_ab_bd_xdma_0_pcie4_ip_pcie4_uscale_core_top.v:1217]
WARNING: [Synth 8-3848] Net eyescanreset_in in module/entity bd_ab_bd_xdma_0_pcie4_ip_pcie4_uscale_core_top does not have driver. [c:/Users/diego/Documents/TF-BB84/qkd_abc/vivado/nodo_a/nodo_a.gen/sources_1/bd/bd_ab/ip/bd_ab_bd_xdma_0/ip_0/source/bd_ab_bd_xdma_0_pcie4_ip_pcie4_uscale_core_top.v:1219]
WARNING: [Synth 8-3848] Net gtrefclk0_in in module/entity bd_ab_bd_xdma_0_pcie4_ip_pcie4_uscale_core_top does not have driver. [c:/Users/diego/Documents/TF-BB84/qkd_abc/vivado/nodo_a/nodo_a.gen/sources_1/bd/bd_ab/ip/bd_ab_bd_xdma_0/ip_0/source/bd_ab_bd_xdma_0_pcie4_ip_pcie4_uscale_core_top.v:1221]
WARNING: [Synth 8-3848] Net gtrxreset_in in module/entity bd_ab_bd_xdma_0_pcie4_ip_pcie4_uscale_core_top does not have driver. [c:/Users/diego/Documents/TF-BB84/qkd_abc/vivado/nodo_a/nodo_a.gen/sources_1/bd/bd_ab/ip/bd_ab_bd_xdma_0/ip_0/source/bd_ab_bd_xdma_0_pcie4_ip_pcie4_uscale_core_top.v:1222]
WARNING: [Synth 8-3848] Net gttxreset_in in module/entity bd_ab_bd_xdma_0_pcie4_ip_pcie4_uscale_core_top does not have driver. [c:/Users/diego/Documents/TF-BB84/qkd_abc/vivado/nodo_a/nodo_a.gen/sources_1/bd/bd_ab/ip/bd_ab_bd_xdma_0/ip_0/source/bd_ab_bd_xdma_0_pcie4_ip_pcie4_uscale_core_top.v:1223]
WARNING: [Synth 8-3848] Net gtwiz_reset_rx_done_in in module/entity bd_ab_bd_xdma_0_pcie4_ip_pcie4_uscale_core_top does not have driver. [c:/Users/diego/Documents/TF-BB84/qkd_abc/vivado/nodo_a/nodo_a.gen/sources_1/bd/bd_ab/ip/bd_ab_bd_xdma_0/ip_0/source/bd_ab_bd_xdma_0_pcie4_ip_pcie4_uscale_core_top.v:1224]
WARNING: [Synth 8-3848] Net gtwiz_reset_tx_done_in in module/entity bd_ab_bd_xdma_0_pcie4_ip_pcie4_uscale_core_top does not have driver. [c:/Users/diego/Documents/TF-BB84/qkd_abc/vivado/nodo_a/nodo_a.gen/sources_1/bd/bd_ab/ip/bd_ab_bd_xdma_0/ip_0/source/bd_ab_bd_xdma_0_pcie4_ip_pcie4_uscale_core_top.v:1225]
WARNING: [Synth 8-3848] Net gtwiz_userclk_rx_active_in in module/entity bd_ab_bd_xdma_0_pcie4_ip_pcie4_uscale_core_top does not have driver. [c:/Users/diego/Documents/TF-BB84/qkd_abc/vivado/nodo_a/nodo_a.gen/sources_1/bd/bd_ab/ip/bd_ab_bd_xdma_0/ip_0/source/bd_ab_bd_xdma_0_pcie4_ip_pcie4_uscale_core_top.v:1226]
WARNING: [Synth 8-3848] Net gtwiz_userclk_tx_active_in in module/entity bd_ab_bd_xdma_0_pcie4_ip_pcie4_uscale_core_top does not have driver. [c:/Users/diego/Documents/TF-BB84/qkd_abc/vivado/nodo_a/nodo_a.gen/sources_1/bd/bd_ab/ip/bd_ab_bd_xdma_0/ip_0/source/bd_ab_bd_xdma_0_pcie4_ip_pcie4_uscale_core_top.v:1227]
WARNING: [Synth 8-3848] Net loopback_in in module/entity bd_ab_bd_xdma_0_pcie4_ip_pcie4_uscale_core_top does not have driver. [c:/Users/diego/Documents/TF-BB84/qkd_abc/vivado/nodo_a/nodo_a.gen/sources_1/bd/bd_ab/ip/bd_ab_bd_xdma_0/ip_0/source/bd_ab_bd_xdma_0_pcie4_ip_pcie4_uscale_core_top.v:1229]
WARNING: [Synth 8-3848] Net pcieeqrxeqadaptdone_in in module/entity bd_ab_bd_xdma_0_pcie4_ip_pcie4_uscale_core_top does not have driver. [c:/Users/diego/Documents/TF-BB84/qkd_abc/vivado/nodo_a/nodo_a.gen/sources_1/bd/bd_ab/ip/bd_ab_bd_xdma_0/ip_0/source/bd_ab_bd_xdma_0_pcie4_ip_pcie4_uscale_core_top.v:1230]
WARNING: [Synth 8-3848] Net pcierstidle_in in module/entity bd_ab_bd_xdma_0_pcie4_ip_pcie4_uscale_core_top does not have driver. [c:/Users/diego/Documents/TF-BB84/qkd_abc/vivado/nodo_a/nodo_a.gen/sources_1/bd/bd_ab/ip/bd_ab_bd_xdma_0/ip_0/source/bd_ab_bd_xdma_0_pcie4_ip_pcie4_uscale_core_top.v:1233]
WARNING: [Synth 8-3848] Net pciersttxsyncstart_in in module/entity bd_ab_bd_xdma_0_pcie4_ip_pcie4_uscale_core_top does not have driver. [c:/Users/diego/Documents/TF-BB84/qkd_abc/vivado/nodo_a/nodo_a.gen/sources_1/bd/bd_ab/ip/bd_ab_bd_xdma_0/ip_0/source/bd_ab_bd_xdma_0_pcie4_ip_pcie4_uscale_core_top.v:1234]
WARNING: [Synth 8-3848] Net pcieuserratedone_in in module/entity bd_ab_bd_xdma_0_pcie4_ip_pcie4_uscale_core_top does not have driver. [c:/Users/diego/Documents/TF-BB84/qkd_abc/vivado/nodo_a/nodo_a.gen/sources_1/bd/bd_ab/ip/bd_ab_bd_xdma_0/ip_0/source/bd_ab_bd_xdma_0_pcie4_ip_pcie4_uscale_core_top.v:1238]
WARNING: [Synth 8-3848] Net resetovrd_in in module/entity bd_ab_bd_xdma_0_pcie4_ip_pcie4_uscale_core_top does not have driver. [c:/Users/diego/Documents/TF-BB84/qkd_abc/vivado/nodo_a/nodo_a.gen/sources_1/bd/bd_ab/ip/bd_ab_bd_xdma_0/ip_0/source/bd_ab_bd_xdma_0_pcie4_ip_pcie4_uscale_core_top.v:1241]
WARNING: [Synth 8-3848] Net rx8b10ben_in in module/entity bd_ab_bd_xdma_0_pcie4_ip_pcie4_uscale_core_top does not have driver. [c:/Users/diego/Documents/TF-BB84/qkd_abc/vivado/nodo_a/nodo_a.gen/sources_1/bd/bd_ab/ip/bd_ab_bd_xdma_0/ip_0/source/bd_ab_bd_xdma_0_pcie4_ip_pcie4_uscale_core_top.v:1242]
WARNING: [Synth 8-3848] Net rxbufreset_in in module/entity bd_ab_bd_xdma_0_pcie4_ip_pcie4_uscale_core_top does not have driver. [c:/Users/diego/Documents/TF-BB84/qkd_abc/vivado/nodo_a/nodo_a.gen/sources_1/bd/bd_ab/ip/bd_ab_bd_xdma_0/ip_0/source/bd_ab_bd_xdma_0_pcie4_ip_pcie4_uscale_core_top.v:1243]
WARNING: [Synth 8-3848] Net rxcdrfreqreset_in in module/entity bd_ab_bd_xdma_0_pcie4_ip_pcie4_uscale_core_top does not have driver. [c:/Users/diego/Documents/TF-BB84/qkd_abc/vivado/nodo_a/nodo_a.gen/sources_1/bd/bd_ab/ip/bd_ab_bd_xdma_0/ip_0/source/bd_ab_bd_xdma_0_pcie4_ip_pcie4_uscale_core_top.v:1247]
WARNING: [Synth 8-3848] Net rxcdrhold_in in module/entity bd_ab_bd_xdma_0_pcie4_ip_pcie4_uscale_core_top does not have driver. [c:/Users/diego/Documents/TF-BB84/qkd_abc/vivado/nodo_a/nodo_a.gen/sources_1/bd/bd_ab/ip/bd_ab_bd_xdma_0/ip_0/source/bd_ab_bd_xdma_0_pcie4_ip_pcie4_uscale_core_top.v:1248]
WARNING: [Synth 8-3848] Net rxcdrreset_in in module/entity bd_ab_bd_xdma_0_pcie4_ip_pcie4_uscale_core_top does not have driver. [c:/Users/diego/Documents/TF-BB84/qkd_abc/vivado/nodo_a/nodo_a.gen/sources_1/bd/bd_ab/ip/bd_ab_bd_xdma_0/ip_0/source/bd_ab_bd_xdma_0_pcie4_ip_pcie4_uscale_core_top.v:1250]
WARNING: [Synth 8-3848] Net rxcommadeten_in in module/entity bd_ab_bd_xdma_0_pcie4_ip_pcie4_uscale_core_top does not have driver. [c:/Users/diego/Documents/TF-BB84/qkd_abc/vivado/nodo_a/nodo_a.gen/sources_1/bd/bd_ab/ip/bd_ab_bd_xdma_0/ip_0/source/bd_ab_bd_xdma_0_pcie4_ip_pcie4_uscale_core_top.v:1253]
WARNING: [Synth 8-3848] Net rxdfeagchold_in in module/entity bd_ab_bd_xdma_0_pcie4_ip_pcie4_uscale_core_top does not have driver. [c:/Users/diego/Documents/TF-BB84/qkd_abc/vivado/nodo_a/nodo_a.gen/sources_1/bd/bd_ab/ip/bd_ab_bd_xdma_0/ip_0/source/bd_ab_bd_xdma_0_pcie4_ip_pcie4_uscale_core_top.v:1259]
WARNING: [Synth 8-3848] Net rxdfecfokhold_in in module/entity bd_ab_bd_xdma_0_pcie4_ip_pcie4_uscale_core_top does not have driver. [c:/Users/diego/Documents/TF-BB84/qkd_abc/vivado/nodo_a/nodo_a.gen/sources_1/bd/bd_ab/ip/bd_ab_bd_xdma_0/ip_0/source/bd_ab_bd_xdma_0_pcie4_ip_pcie4_uscale_core_top.v:1260]
WARNING: [Synth 8-3848] Net rxdfekhhold_in in module/entity bd_ab_bd_xdma_0_pcie4_ip_pcie4_uscale_core_top does not have driver. [c:/Users/diego/Documents/TF-BB84/qkd_abc/vivado/nodo_a/nodo_a.gen/sources_1/bd/bd_ab/ip/bd_ab_bd_xdma_0/ip_0/source/bd_ab_bd_xdma_0_pcie4_ip_pcie4_uscale_core_top.v:1261]
WARNING: [Synth 8-3848] Net rxdfelfhold_in in module/entity bd_ab_bd_xdma_0_pcie4_ip_pcie4_uscale_core_top does not have driver. [c:/Users/diego/Documents/TF-BB84/qkd_abc/vivado/nodo_a/nodo_a.gen/sources_1/bd/bd_ab/ip/bd_ab_bd_xdma_0/ip_0/source/bd_ab_bd_xdma_0_pcie4_ip_pcie4_uscale_core_top.v:1262]
WARNING: [Synth 8-3848] Net rxdfelpmreset_in in module/entity bd_ab_bd_xdma_0_pcie4_ip_pcie4_uscale_core_top does not have driver. [c:/Users/diego/Documents/TF-BB84/qkd_abc/vivado/nodo_a/nodo_a.gen/sources_1/bd/bd_ab/ip/bd_ab_bd_xdma_0/ip_0/source/bd_ab_bd_xdma_0_pcie4_ip_pcie4_uscale_core_top.v:1263]
WARNING: [Synth 8-3848] Net rxdfetap10hold_in in module/entity bd_ab_bd_xdma_0_pcie4_ip_pcie4_uscale_core_top does not have driver. [c:/Users/diego/Documents/TF-BB84/qkd_abc/vivado/nodo_a/nodo_a.gen/sources_1/bd/bd_ab/ip/bd_ab_bd_xdma_0/ip_0/source/bd_ab_bd_xdma_0_pcie4_ip_pcie4_uscale_core_top.v:1264]
WARNING: [Synth 8-3848] Net rxdfetap11hold_in in module/entity bd_ab_bd_xdma_0_pcie4_ip_pcie4_uscale_core_top does not have driver. [c:/Users/diego/Documents/TF-BB84/qkd_abc/vivado/nodo_a/nodo_a.gen/sources_1/bd/bd_ab/ip/bd_ab_bd_xdma_0/ip_0/source/bd_ab_bd_xdma_0_pcie4_ip_pcie4_uscale_core_top.v:1265]
WARNING: [Synth 8-3848] Net rxdfetap12hold_in in module/entity bd_ab_bd_xdma_0_pcie4_ip_pcie4_uscale_core_top does not have driver. [c:/Users/diego/Documents/TF-BB84/qkd_abc/vivado/nodo_a/nodo_a.gen/sources_1/bd/bd_ab/ip/bd_ab_bd_xdma_0/ip_0/source/bd_ab_bd_xdma_0_pcie4_ip_pcie4_uscale_core_top.v:1266]
WARNING: [Synth 8-3848] Net rxdfetap13hold_in in module/entity bd_ab_bd_xdma_0_pcie4_ip_pcie4_uscale_core_top does not have driver. [c:/Users/diego/Documents/TF-BB84/qkd_abc/vivado/nodo_a/nodo_a.gen/sources_1/bd/bd_ab/ip/bd_ab_bd_xdma_0/ip_0/source/bd_ab_bd_xdma_0_pcie4_ip_pcie4_uscale_core_top.v:1267]
WARNING: [Synth 8-3848] Net rxdfetap14hold_in in module/entity bd_ab_bd_xdma_0_pcie4_ip_pcie4_uscale_core_top does not have driver. [c:/Users/diego/Documents/TF-BB84/qkd_abc/vivado/nodo_a/nodo_a.gen/sources_1/bd/bd_ab/ip/bd_ab_bd_xdma_0/ip_0/source/bd_ab_bd_xdma_0_pcie4_ip_pcie4_uscale_core_top.v:1268]
WARNING: [Synth 8-3848] Net rxdfetap15hold_in in module/entity bd_ab_bd_xdma_0_pcie4_ip_pcie4_uscale_core_top does not have driver. [c:/Users/diego/Documents/TF-BB84/qkd_abc/vivado/nodo_a/nodo_a.gen/sources_1/bd/bd_ab/ip/bd_ab_bd_xdma_0/ip_0/source/bd_ab_bd_xdma_0_pcie4_ip_pcie4_uscale_core_top.v:1269]
WARNING: [Synth 8-3848] Net rxdfetap2hold_in in module/entity bd_ab_bd_xdma_0_pcie4_ip_pcie4_uscale_core_top does not have driver. [c:/Users/diego/Documents/TF-BB84/qkd_abc/vivado/nodo_a/nodo_a.gen/sources_1/bd/bd_ab/ip/bd_ab_bd_xdma_0/ip_0/source/bd_ab_bd_xdma_0_pcie4_ip_pcie4_uscale_core_top.v:1270]
WARNING: [Synth 8-3848] Net rxdfetap3hold_in in module/entity bd_ab_bd_xdma_0_pcie4_ip_pcie4_uscale_core_top does not have driver. [c:/Users/diego/Documents/TF-BB84/qkd_abc/vivado/nodo_a/nodo_a.gen/sources_1/bd/bd_ab/ip/bd_ab_bd_xdma_0/ip_0/source/bd_ab_bd_xdma_0_pcie4_ip_pcie4_uscale_core_top.v:1271]
WARNING: [Synth 8-3848] Net rxdfetap4hold_in in module/entity bd_ab_bd_xdma_0_pcie4_ip_pcie4_uscale_core_top does not have driver. [c:/Users/diego/Documents/TF-BB84/qkd_abc/vivado/nodo_a/nodo_a.gen/sources_1/bd/bd_ab/ip/bd_ab_bd_xdma_0/ip_0/source/bd_ab_bd_xdma_0_pcie4_ip_pcie4_uscale_core_top.v:1272]
WARNING: [Synth 8-3848] Net rxdfetap5hold_in in module/entity bd_ab_bd_xdma_0_pcie4_ip_pcie4_uscale_core_top does not have driver. [c:/Users/diego/Documents/TF-BB84/qkd_abc/vivado/nodo_a/nodo_a.gen/sources_1/bd/bd_ab/ip/bd_ab_bd_xdma_0/ip_0/source/bd_ab_bd_xdma_0_pcie4_ip_pcie4_uscale_core_top.v:1273]
WARNING: [Synth 8-3848] Net rxdfetap6hold_in in module/entity bd_ab_bd_xdma_0_pcie4_ip_pcie4_uscale_core_top does not have driver. [c:/Users/diego/Documents/TF-BB84/qkd_abc/vivado/nodo_a/nodo_a.gen/sources_1/bd/bd_ab/ip/bd_ab_bd_xdma_0/ip_0/source/bd_ab_bd_xdma_0_pcie4_ip_pcie4_uscale_core_top.v:1274]
WARNING: [Synth 8-3848] Net rxdfetap7hold_in in module/entity bd_ab_bd_xdma_0_pcie4_ip_pcie4_uscale_core_top does not have driver. [c:/Users/diego/Documents/TF-BB84/qkd_abc/vivado/nodo_a/nodo_a.gen/sources_1/bd/bd_ab/ip/bd_ab_bd_xdma_0/ip_0/source/bd_ab_bd_xdma_0_pcie4_ip_pcie4_uscale_core_top.v:1275]
WARNING: [Synth 8-3848] Net rxdfetap8hold_in in module/entity bd_ab_bd_xdma_0_pcie4_ip_pcie4_uscale_core_top does not have driver. [c:/Users/diego/Documents/TF-BB84/qkd_abc/vivado/nodo_a/nodo_a.gen/sources_1/bd/bd_ab/ip/bd_ab_bd_xdma_0/ip_0/source/bd_ab_bd_xdma_0_pcie4_ip_pcie4_uscale_core_top.v:1276]
WARNING: [Synth 8-3848] Net rxdfetap9hold_in in module/entity bd_ab_bd_xdma_0_pcie4_ip_pcie4_uscale_core_top does not have driver. [c:/Users/diego/Documents/TF-BB84/qkd_abc/vivado/nodo_a/nodo_a.gen/sources_1/bd/bd_ab/ip/bd_ab_bd_xdma_0/ip_0/source/bd_ab_bd_xdma_0_pcie4_ip_pcie4_uscale_core_top.v:1277]
WARNING: [Synth 8-3848] Net rxdfeuthold_in in module/entity bd_ab_bd_xdma_0_pcie4_ip_pcie4_uscale_core_top does not have driver. [c:/Users/diego/Documents/TF-BB84/qkd_abc/vivado/nodo_a/nodo_a.gen/sources_1/bd/bd_ab/ip/bd_ab_bd_xdma_0/ip_0/source/bd_ab_bd_xdma_0_pcie4_ip_pcie4_uscale_core_top.v:1278]
WARNING: [Synth 8-3848] Net rxdfevphold_in in module/entity bd_ab_bd_xdma_0_pcie4_ip_pcie4_uscale_core_top does not have driver. [c:/Users/diego/Documents/TF-BB84/qkd_abc/vivado/nodo_a/nodo_a.gen/sources_1/bd/bd_ab/ip/bd_ab_bd_xdma_0/ip_0/source/bd_ab_bd_xdma_0_pcie4_ip_pcie4_uscale_core_top.v:1279]
WARNING: [Synth 8-3848] Net rxlpmen_in in module/entity bd_ab_bd_xdma_0_pcie4_ip_pcie4_uscale_core_top does not have driver. [c:/Users/diego/Documents/TF-BB84/qkd_abc/vivado/nodo_a/nodo_a.gen/sources_1/bd/bd_ab/ip/bd_ab_bd_xdma_0/ip_0/source/bd_ab_bd_xdma_0_pcie4_ip_pcie4_uscale_core_top.v:1282]
WARNING: [Synth 8-3848] Net rxlpmgchold_in in module/entity bd_ab_bd_xdma_0_pcie4_ip_pcie4_uscale_core_top does not have driver. [c:/Users/diego/Documents/TF-BB84/qkd_abc/vivado/nodo_a/nodo_a.gen/sources_1/bd/bd_ab/ip/bd_ab_bd_xdma_0/ip_0/source/bd_ab_bd_xdma_0_pcie4_ip_pcie4_uscale_core_top.v:1283]
WARNING: [Synth 8-3848] Net rxlpmhfhold_in in module/entity bd_ab_bd_xdma_0_pcie4_ip_pcie4_uscale_core_top does not have driver. [c:/Users/diego/Documents/TF-BB84/qkd_abc/vivado/nodo_a/nodo_a.gen/sources_1/bd/bd_ab/ip/bd_ab_bd_xdma_0/ip_0/source/bd_ab_bd_xdma_0_pcie4_ip_pcie4_uscale_core_top.v:1284]
WARNING: [Synth 8-3848] Net rxlpmlfhold_in in module/entity bd_ab_bd_xdma_0_pcie4_ip_pcie4_uscale_core_top does not have driver. [c:/Users/diego/Documents/TF-BB84/qkd_abc/vivado/nodo_a/nodo_a.gen/sources_1/bd/bd_ab/ip/bd_ab_bd_xdma_0/ip_0/source/bd_ab_bd_xdma_0_pcie4_ip_pcie4_uscale_core_top.v:1285]
WARNING: [Synth 8-3848] Net rxlpmoshold_in in module/entity bd_ab_bd_xdma_0_pcie4_ip_pcie4_uscale_core_top does not have driver. [c:/Users/diego/Documents/TF-BB84/qkd_abc/vivado/nodo_a/nodo_a.gen/sources_1/bd/bd_ab/ip/bd_ab_bd_xdma_0/ip_0/source/bd_ab_bd_xdma_0_pcie4_ip_pcie4_uscale_core_top.v:1286]
WARNING: [Synth 8-3848] Net rxmcommaalignen_in in module/entity bd_ab_bd_xdma_0_pcie4_ip_pcie4_uscale_core_top does not have driver. [c:/Users/diego/Documents/TF-BB84/qkd_abc/vivado/nodo_a/nodo_a.gen/sources_1/bd/bd_ab/ip/bd_ab_bd_xdma_0/ip_0/source/bd_ab_bd_xdma_0_pcie4_ip_pcie4_uscale_core_top.v:1287]
WARNING: [Synth 8-3848] Net rxoshold_in in module/entity bd_ab_bd_xdma_0_pcie4_ip_pcie4_uscale_core_top does not have driver. [c:/Users/diego/Documents/TF-BB84/qkd_abc/vivado/nodo_a/nodo_a.gen/sources_1/bd/bd_ab/ip/bd_ab_bd_xdma_0/ip_0/source/bd_ab_bd_xdma_0_pcie4_ip_pcie4_uscale_core_top.v:1288]
WARNING: [Synth 8-3848] Net rxpcommaalignen_in in module/entity bd_ab_bd_xdma_0_pcie4_ip_pcie4_uscale_core_top does not have driver. [c:/Users/diego/Documents/TF-BB84/qkd_abc/vivado/nodo_a/nodo_a.gen/sources_1/bd/bd_ab/ip/bd_ab_bd_xdma_0/ip_0/source/bd_ab_bd_xdma_0_pcie4_ip_pcie4_uscale_core_top.v:1292]
WARNING: [Synth 8-3848] Net rxpcsreset_in in module/entity bd_ab_bd_xdma_0_pcie4_ip_pcie4_uscale_core_top does not have driver. [c:/Users/diego/Documents/TF-BB84/qkd_abc/vivado/nodo_a/nodo_a.gen/sources_1/bd/bd_ab/ip/bd_ab_bd_xdma_0/ip_0/source/bd_ab_bd_xdma_0_pcie4_ip_pcie4_uscale_core_top.v:1293]
WARNING: [Synth 8-3848] Net rxpd_in in module/entity bd_ab_bd_xdma_0_pcie4_ip_pcie4_uscale_core_top does not have driver. [c:/Users/diego/Documents/TF-BB84/qkd_abc/vivado/nodo_a/nodo_a.gen/sources_1/bd/bd_ab/ip/bd_ab_bd_xdma_0/ip_0/source/bd_ab_bd_xdma_0_pcie4_ip_pcie4_uscale_core_top.v:1294]
WARNING: [Synth 8-3848] Net rxpmareset_in in module/entity bd_ab_bd_xdma_0_pcie4_ip_pcie4_uscale_core_top does not have driver. [c:/Users/diego/Documents/TF-BB84/qkd_abc/vivado/nodo_a/nodo_a.gen/sources_1/bd/bd_ab/ip/bd_ab_bd_xdma_0/ip_0/source/bd_ab_bd_xdma_0_pcie4_ip_pcie4_uscale_core_top.v:1296]
WARNING: [Synth 8-3848] Net rxpolarity_in in module/entity bd_ab_bd_xdma_0_pcie4_ip_pcie4_uscale_core_top does not have driver. [c:/Users/diego/Documents/TF-BB84/qkd_abc/vivado/nodo_a/nodo_a.gen/sources_1/bd/bd_ab/ip/bd_ab_bd_xdma_0/ip_0/source/bd_ab_bd_xdma_0_pcie4_ip_pcie4_uscale_core_top.v:1298]
WARNING: [Synth 8-3848] Net rxprbscntreset_in in module/entity bd_ab_bd_xdma_0_pcie4_ip_pcie4_uscale_core_top does not have driver. [c:/Users/diego/Documents/TF-BB84/qkd_abc/vivado/nodo_a/nodo_a.gen/sources_1/bd/bd_ab/ip/bd_ab_bd_xdma_0/ip_0/source/bd_ab_bd_xdma_0_pcie4_ip_pcie4_uscale_core_top.v:1299]
WARNING: [Synth 8-3848] Net rxprbssel_in in module/entity bd_ab_bd_xdma_0_pcie4_ip_pcie4_uscale_core_top does not have driver. [c:/Users/diego/Documents/TF-BB84/qkd_abc/vivado/nodo_a/nodo_a.gen/sources_1/bd/bd_ab/ip/bd_ab_bd_xdma_0/ip_0/source/bd_ab_bd_xdma_0_pcie4_ip_pcie4_uscale_core_top.v:1302]
WARNING: [Synth 8-3848] Net rxprogdivreset_in in module/entity bd_ab_bd_xdma_0_pcie4_ip_pcie4_uscale_core_top does not have driver. [c:/Users/diego/Documents/TF-BB84/qkd_abc/vivado/nodo_a/nodo_a.gen/sources_1/bd/bd_ab/ip/bd_ab_bd_xdma_0/ip_0/source/bd_ab_bd_xdma_0_pcie4_ip_pcie4_uscale_core_top.v:1303]
WARNING: [Synth 8-3848] Net rxrate_in in module/entity bd_ab_bd_xdma_0_pcie4_ip_pcie4_uscale_core_top does not have driver. [c:/Users/diego/Documents/TF-BB84/qkd_abc/vivado/nodo_a/nodo_a.gen/sources_1/bd/bd_ab/ip/bd_ab_bd_xdma_0/ip_0/source/bd_ab_bd_xdma_0_pcie4_ip_pcie4_uscale_core_top.v:1304]
WARNING: [Synth 8-3848] Net rxslide_in in module/entity bd_ab_bd_xdma_0_pcie4_ip_pcie4_uscale_core_top does not have driver. [c:/Users/diego/Documents/TF-BB84/qkd_abc/vivado/nodo_a/nodo_a.gen/sources_1/bd/bd_ab/ip/bd_ab_bd_xdma_0/ip_0/source/bd_ab_bd_xdma_0_pcie4_ip_pcie4_uscale_core_top.v:1308]
WARNING: [Synth 8-3848] Net rxtermination_in in module/entity bd_ab_bd_xdma_0_pcie4_ip_pcie4_uscale_core_top does not have driver. [c:/Users/diego/Documents/TF-BB84/qkd_abc/vivado/nodo_a/nodo_a.gen/sources_1/bd/bd_ab/ip/bd_ab_bd_xdma_0/ip_0/source/bd_ab_bd_xdma_0_pcie4_ip_pcie4_uscale_core_top.v:1311]
WARNING: [Synth 8-3848] Net rxuserrdy_in in module/entity bd_ab_bd_xdma_0_pcie4_ip_pcie4_uscale_core_top does not have driver. [c:/Users/diego/Documents/TF-BB84/qkd_abc/vivado/nodo_a/nodo_a.gen/sources_1/bd/bd_ab/ip/bd_ab_bd_xdma_0/ip_0/source/bd_ab_bd_xdma_0_pcie4_ip_pcie4_uscale_core_top.v:1312]
WARNING: [Synth 8-3848] Net rxusrclk2_in in module/entity bd_ab_bd_xdma_0_pcie4_ip_pcie4_uscale_core_top does not have driver. [c:/Users/diego/Documents/TF-BB84/qkd_abc/vivado/nodo_a/nodo_a.gen/sources_1/bd/bd_ab/ip/bd_ab_bd_xdma_0/ip_0/source/bd_ab_bd_xdma_0_pcie4_ip_pcie4_uscale_core_top.v:1313]
WARNING: [Synth 8-3848] Net rxusrclk_in in module/entity bd_ab_bd_xdma_0_pcie4_ip_pcie4_uscale_core_top does not have driver. [c:/Users/diego/Documents/TF-BB84/qkd_abc/vivado/nodo_a/nodo_a.gen/sources_1/bd/bd_ab/ip/bd_ab_bd_xdma_0/ip_0/source/bd_ab_bd_xdma_0_pcie4_ip_pcie4_uscale_core_top.v:1314]
WARNING: [Synth 8-3848] Net tx8b10ben_in in module/entity bd_ab_bd_xdma_0_pcie4_ip_pcie4_uscale_core_top does not have driver. [c:/Users/diego/Documents/TF-BB84/qkd_abc/vivado/nodo_a/nodo_a.gen/sources_1/bd/bd_ab/ip/bd_ab_bd_xdma_0/ip_0/source/bd_ab_bd_xdma_0_pcie4_ip_pcie4_uscale_core_top.v:1316]
WARNING: [Synth 8-3848] Net txctrl0_in in module/entity bd_ab_bd_xdma_0_pcie4_ip_pcie4_uscale_core_top does not have driver. [c:/Users/diego/Documents/TF-BB84/qkd_abc/vivado/nodo_a/nodo_a.gen/sources_1/bd/bd_ab/ip/bd_ab_bd_xdma_0/ip_0/source/bd_ab_bd_xdma_0_pcie4_ip_pcie4_uscale_core_top.v:1317]
WARNING: [Synth 8-3848] Net txctrl1_in in module/entity bd_ab_bd_xdma_0_pcie4_ip_pcie4_uscale_core_top does not have driver. [c:/Users/diego/Documents/TF-BB84/qkd_abc/vivado/nodo_a/nodo_a.gen/sources_1/bd/bd_ab/ip/bd_ab_bd_xdma_0/ip_0/source/bd_ab_bd_xdma_0_pcie4_ip_pcie4_uscale_core_top.v:1318]
WARNING: [Synth 8-3848] Net txctrl2_in in module/entity bd_ab_bd_xdma_0_pcie4_ip_pcie4_uscale_core_top does not have driver. [c:/Users/diego/Documents/TF-BB84/qkd_abc/vivado/nodo_a/nodo_a.gen/sources_1/bd/bd_ab/ip/bd_ab_bd_xdma_0/ip_0/source/bd_ab_bd_xdma_0_pcie4_ip_pcie4_uscale_core_top.v:1319]
WARNING: [Synth 8-3848] Net txdata_in in module/entity bd_ab_bd_xdma_0_pcie4_ip_pcie4_uscale_core_top does not have driver. [c:/Users/diego/Documents/TF-BB84/qkd_abc/vivado/nodo_a/nodo_a.gen/sources_1/bd/bd_ab/ip/bd_ab_bd_xdma_0/ip_0/source/bd_ab_bd_xdma_0_pcie4_ip_pcie4_uscale_core_top.v:1320]
WARNING: [Synth 8-3848] Net txdeemph_in in module/entity bd_ab_bd_xdma_0_pcie4_ip_pcie4_uscale_core_top does not have driver. [c:/Users/diego/Documents/TF-BB84/qkd_abc/vivado/nodo_a/nodo_a.gen/sources_1/bd/bd_ab/ip/bd_ab_bd_xdma_0/ip_0/source/bd_ab_bd_xdma_0_pcie4_ip_pcie4_uscale_core_top.v:1321]
WARNING: [Synth 8-3848] Net txdetectrx_in in module/entity bd_ab_bd_xdma_0_pcie4_ip_pcie4_uscale_core_top does not have driver. [c:/Users/diego/Documents/TF-BB84/qkd_abc/vivado/nodo_a/nodo_a.gen/sources_1/bd/bd_ab/ip/bd_ab_bd_xdma_0/ip_0/source/bd_ab_bd_xdma_0_pcie4_ip_pcie4_uscale_core_top.v:1322]
WARNING: [Synth 8-3848] Net txdiffctrl_in in module/entity bd_ab_bd_xdma_0_pcie4_ip_pcie4_uscale_core_top does not have driver. [c:/Users/diego/Documents/TF-BB84/qkd_abc/vivado/nodo_a/nodo_a.gen/sources_1/bd/bd_ab/ip/bd_ab_bd_xdma_0/ip_0/source/bd_ab_bd_xdma_0_pcie4_ip_pcie4_uscale_core_top.v:1323]
WARNING: [Synth 8-3848] Net txdlybypass_in in module/entity bd_ab_bd_xdma_0_pcie4_ip_pcie4_uscale_core_top does not have driver. [c:/Users/diego/Documents/TF-BB84/qkd_abc/vivado/nodo_a/nodo_a.gen/sources_1/bd/bd_ab/ip/bd_ab_bd_xdma_0/ip_0/source/bd_ab_bd_xdma_0_pcie4_ip_pcie4_uscale_core_top.v:1324]
WARNING: [Synth 8-3848] Net txdlyen_in in module/entity bd_ab_bd_xdma_0_pcie4_ip_pcie4_uscale_core_top does not have driver. [c:/Users/diego/Documents/TF-BB84/qkd_abc/vivado/nodo_a/nodo_a.gen/sources_1/bd/bd_ab/ip/bd_ab_bd_xdma_0/ip_0/source/bd_ab_bd_xdma_0_pcie4_ip_pcie4_uscale_core_top.v:1325]
WARNING: [Synth 8-3848] Net txdlyhold_in in module/entity bd_ab_bd_xdma_0_pcie4_ip_pcie4_uscale_core_top does not have driver. [c:/Users/diego/Documents/TF-BB84/qkd_abc/vivado/nodo_a/nodo_a.gen/sources_1/bd/bd_ab/ip/bd_ab_bd_xdma_0/ip_0/source/bd_ab_bd_xdma_0_pcie4_ip_pcie4_uscale_core_top.v:1326]
WARNING: [Synth 8-3848] Net txdlyovrden_in in module/entity bd_ab_bd_xdma_0_pcie4_ip_pcie4_uscale_core_top does not have driver. [c:/Users/diego/Documents/TF-BB84/qkd_abc/vivado/nodo_a/nodo_a.gen/sources_1/bd/bd_ab/ip/bd_ab_bd_xdma_0/ip_0/source/bd_ab_bd_xdma_0_pcie4_ip_pcie4_uscale_core_top.v:1327]
WARNING: [Synth 8-3848] Net txdlysreset_in in module/entity bd_ab_bd_xdma_0_pcie4_ip_pcie4_uscale_core_top does not have driver. [c:/Users/diego/Documents/TF-BB84/qkd_abc/vivado/nodo_a/nodo_a.gen/sources_1/bd/bd_ab/ip/bd_ab_bd_xdma_0/ip_0/source/bd_ab_bd_xdma_0_pcie4_ip_pcie4_uscale_core_top.v:1328]
WARNING: [Synth 8-3848] Net txdlyupdown_in in module/entity bd_ab_bd_xdma_0_pcie4_ip_pcie4_uscale_core_top does not have driver. [c:/Users/diego/Documents/TF-BB84/qkd_abc/vivado/nodo_a/nodo_a.gen/sources_1/bd/bd_ab/ip/bd_ab_bd_xdma_0/ip_0/source/bd_ab_bd_xdma_0_pcie4_ip_pcie4_uscale_core_top.v:1330]
WARNING: [Synth 8-3848] Net txelecidle_in in module/entity bd_ab_bd_xdma_0_pcie4_ip_pcie4_uscale_core_top does not have driver. [c:/Users/diego/Documents/TF-BB84/qkd_abc/vivado/nodo_a/nodo_a.gen/sources_1/bd/bd_ab/ip/bd_ab_bd_xdma_0/ip_0/source/bd_ab_bd_xdma_0_pcie4_ip_pcie4_uscale_core_top.v:1331]
WARNING: [Synth 8-3848] Net txmaincursor_in in module/entity bd_ab_bd_xdma_0_pcie4_ip_pcie4_uscale_core_top does not have driver. [c:/Users/diego/Documents/TF-BB84/qkd_abc/vivado/nodo_a/nodo_a.gen/sources_1/bd/bd_ab/ip/bd_ab_bd_xdma_0/ip_0/source/bd_ab_bd_xdma_0_pcie4_ip_pcie4_uscale_core_top.v:1332]
WARNING: [Synth 8-3848] Net txmargin_in in module/entity bd_ab_bd_xdma_0_pcie4_ip_pcie4_uscale_core_top does not have driver. [c:/Users/diego/Documents/TF-BB84/qkd_abc/vivado/nodo_a/nodo_a.gen/sources_1/bd/bd_ab/ip/bd_ab_bd_xdma_0/ip_0/source/bd_ab_bd_xdma_0_pcie4_ip_pcie4_uscale_core_top.v:1333]
INFO: [Common 17-14] Message 'Synth 8-3848' appears 100 times and further instances of the messages will be disabled. Use the Tcl command set_msg_config to change the current settings.
WARNING: [Synth 8-6014] Unused sequential element sys_rst_lock_reg_reg was removed.  [c:/Users/diego/Documents/TF-BB84/qkd_abc/vivado/nodo_a/nodo_a.gen/sources_1/bd/bd_ab/ip/bd_ab_bd_xdma_0/xdma_v4_2/hdl/verilog/bd_ab_bd_xdma_0_core_top.sv:4091]
WARNING: [Synth 8-7129] Port phy_txdata_i[511] in module bd_ab_bd_xdma_0_pcie4_ip_phy_pipeline is either unconnected or has no load
WARNING: [Synth 8-7129] Port phy_txdata_i[510] in module bd_ab_bd_xdma_0_pcie4_ip_phy_pipeline is either unconnected or has no load
WARNING: [Synth 8-7129] Port phy_txdata_i[509] in module bd_ab_bd_xdma_0_pcie4_ip_phy_pipeline is either unconnected or has no load
WARNING: [Synth 8-7129] Port phy_txdata_i[508] in module bd_ab_bd_xdma_0_pcie4_ip_phy_pipeline is either unconnected or has no load
WARNING: [Synth 8-7129] Port phy_txdata_i[507] in module bd_ab_bd_xdma_0_pcie4_ip_phy_pipeline is either unconnected or has no load
WARNING: [Synth 8-7129] Port phy_txdata_i[506] in module bd_ab_bd_xdma_0_pcie4_ip_phy_pipeline is either unconnected or has no load
WARNING: [Synth 8-7129] Port phy_txdata_i[505] in module bd_ab_bd_xdma_0_pcie4_ip_phy_pipeline is either unconnected or has no load
WARNING: [Synth 8-7129] Port phy_txdata_i[504] in module bd_ab_bd_xdma_0_pcie4_ip_phy_pipeline is either unconnected or has no load
WARNING: [Synth 8-7129] Port phy_txdata_i[503] in module bd_ab_bd_xdma_0_pcie4_ip_phy_pipeline is either unconnected or has no load
WARNING: [Synth 8-7129] Port phy_txdata_i[502] in module bd_ab_bd_xdma_0_pcie4_ip_phy_pipeline is either unconnected or has no load
WARNING: [Synth 8-7129] Port phy_txdata_i[501] in module bd_ab_bd_xdma_0_pcie4_ip_phy_pipeline is either unconnected or has no load
WARNING: [Synth 8-7129] Port phy_txdata_i[500] in module bd_ab_bd_xdma_0_pcie4_ip_phy_pipeline is either unconnected or has no load
WARNING: [Synth 8-7129] Port phy_txdata_i[499] in module bd_ab_bd_xdma_0_pcie4_ip_phy_pipeline is either unconnected or has no load
WARNING: [Synth 8-7129] Port phy_txdata_i[498] in module bd_ab_bd_xdma_0_pcie4_ip_phy_pipeline is either unconnected or has no load
WARNING: [Synth 8-7129] Port phy_txdata_i[497] in module bd_ab_bd_xdma_0_pcie4_ip_phy_pipeline is either unconnected or has no load
WARNING: [Synth 8-7129] Port phy_txdata_i[496] in module bd_ab_bd_xdma_0_pcie4_ip_phy_pipeline is either unconnected or has no load
WARNING: [Synth 8-7129] Port phy_txdata_i[495] in module bd_ab_bd_xdma_0_pcie4_ip_phy_pipeline is either unconnected or has no load
WARNING: [Synth 8-7129] Port phy_txdata_i[494] in module bd_ab_bd_xdma_0_pcie4_ip_phy_pipeline is either unconnected or has no load
WARNING: [Synth 8-7129] Port phy_txdata_i[493] in module bd_ab_bd_xdma_0_pcie4_ip_phy_pipeline is either unconnected or has no load
WARNING: [Synth 8-7129] Port phy_txdata_i[492] in module bd_ab_bd_xdma_0_pcie4_ip_phy_pipeline is either unconnected or has no load
WARNING: [Synth 8-7129] Port phy_txdata_i[491] in module bd_ab_bd_xdma_0_pcie4_ip_phy_pipeline is either unconnected or has no load
WARNING: [Synth 8-7129] Port phy_txdata_i[490] in module bd_ab_bd_xdma_0_pcie4_ip_phy_pipeline is either unconnected or has no load
WARNING: [Synth 8-7129] Port phy_txdata_i[489] in module bd_ab_bd_xdma_0_pcie4_ip_phy_pipeline is either unconnected or has no load
WARNING: [Synth 8-7129] Port phy_txdata_i[488] in module bd_ab_bd_xdma_0_pcie4_ip_phy_pipeline is either unconnected or has no load
WARNING: [Synth 8-7129] Port phy_txdata_i[487] in module bd_ab_bd_xdma_0_pcie4_ip_phy_pipeline is either unconnected or has no load
WARNING: [Synth 8-7129] Port phy_txdata_i[486] in module bd_ab_bd_xdma_0_pcie4_ip_phy_pipeline is either unconnected or has no load
WARNING: [Synth 8-7129] Port phy_txdata_i[485] in module bd_ab_bd_xdma_0_pcie4_ip_phy_pipeline is either unconnected or has no load
WARNING: [Synth 8-7129] Port phy_txdata_i[484] in module bd_ab_bd_xdma_0_pcie4_ip_phy_pipeline is either unconnected or has no load
WARNING: [Synth 8-7129] Port phy_txdata_i[483] in module bd_ab_bd_xdma_0_pcie4_ip_phy_pipeline is either unconnected or has no load
WARNING: [Synth 8-7129] Port phy_txdata_i[482] in module bd_ab_bd_xdma_0_pcie4_ip_phy_pipeline is either unconnected or has no load
WARNING: [Synth 8-7129] Port phy_txdata_i[481] in module bd_ab_bd_xdma_0_pcie4_ip_phy_pipeline is either unconnected or has no load
WARNING: [Synth 8-7129] Port phy_txdata_i[480] in module bd_ab_bd_xdma_0_pcie4_ip_phy_pipeline is either unconnected or has no load
WARNING: [Synth 8-7129] Port phy_txdata_i[447] in module bd_ab_bd_xdma_0_pcie4_ip_phy_pipeline is either unconnected or has no load
WARNING: [Synth 8-7129] Port phy_txdata_i[446] in module bd_ab_bd_xdma_0_pcie4_ip_phy_pipeline is either unconnected or has no load
WARNING: [Synth 8-7129] Port phy_txdata_i[445] in module bd_ab_bd_xdma_0_pcie4_ip_phy_pipeline is either unconnected or has no load
WARNING: [Synth 8-7129] Port phy_txdata_i[444] in module bd_ab_bd_xdma_0_pcie4_ip_phy_pipeline is either unconnected or has no load
WARNING: [Synth 8-7129] Port phy_txdata_i[443] in module bd_ab_bd_xdma_0_pcie4_ip_phy_pipeline is either unconnected or has no load
WARNING: [Synth 8-7129] Port phy_txdata_i[442] in module bd_ab_bd_xdma_0_pcie4_ip_phy_pipeline is either unconnected or has no load
WARNING: [Synth 8-7129] Port phy_txdata_i[441] in module bd_ab_bd_xdma_0_pcie4_ip_phy_pipeline is either unconnected or has no load
WARNING: [Synth 8-7129] Port phy_txdata_i[440] in module bd_ab_bd_xdma_0_pcie4_ip_phy_pipeline is either unconnected or has no load
WARNING: [Synth 8-7129] Port phy_txdata_i[439] in module bd_ab_bd_xdma_0_pcie4_ip_phy_pipeline is either unconnected or has no load
WARNING: [Synth 8-7129] Port phy_txdata_i[438] in module bd_ab_bd_xdma_0_pcie4_ip_phy_pipeline is either unconnected or has no load
WARNING: [Synth 8-7129] Port phy_txdata_i[437] in module bd_ab_bd_xdma_0_pcie4_ip_phy_pipeline is either unconnected or has no load
WARNING: [Synth 8-7129] Port phy_txdata_i[436] in module bd_ab_bd_xdma_0_pcie4_ip_phy_pipeline is either unconnected or has no load
WARNING: [Synth 8-7129] Port phy_txdata_i[435] in module bd_ab_bd_xdma_0_pcie4_ip_phy_pipeline is either unconnected or has no load
WARNING: [Synth 8-7129] Port phy_txdata_i[434] in module bd_ab_bd_xdma_0_pcie4_ip_phy_pipeline is either unconnected or has no load
WARNING: [Synth 8-7129] Port phy_txdata_i[433] in module bd_ab_bd_xdma_0_pcie4_ip_phy_pipeline is either unconnected or has no load
WARNING: [Synth 8-7129] Port phy_txdata_i[432] in module bd_ab_bd_xdma_0_pcie4_ip_phy_pipeline is either unconnected or has no load
WARNING: [Synth 8-7129] Port phy_txdata_i[431] in module bd_ab_bd_xdma_0_pcie4_ip_phy_pipeline is either unconnected or has no load
WARNING: [Synth 8-7129] Port phy_txdata_i[430] in module bd_ab_bd_xdma_0_pcie4_ip_phy_pipeline is either unconnected or has no load
WARNING: [Synth 8-7129] Port phy_txdata_i[429] in module bd_ab_bd_xdma_0_pcie4_ip_phy_pipeline is either unconnected or has no load
WARNING: [Synth 8-7129] Port phy_txdata_i[428] in module bd_ab_bd_xdma_0_pcie4_ip_phy_pipeline is either unconnected or has no load
WARNING: [Synth 8-7129] Port phy_txdata_i[427] in module bd_ab_bd_xdma_0_pcie4_ip_phy_pipeline is either unconnected or has no load
WARNING: [Synth 8-7129] Port phy_txdata_i[426] in module bd_ab_bd_xdma_0_pcie4_ip_phy_pipeline is either unconnected or has no load
WARNING: [Synth 8-7129] Port phy_txdata_i[425] in module bd_ab_bd_xdma_0_pcie4_ip_phy_pipeline is either unconnected or has no load
WARNING: [Synth 8-7129] Port phy_txdata_i[424] in module bd_ab_bd_xdma_0_pcie4_ip_phy_pipeline is either unconnected or has no load
WARNING: [Synth 8-7129] Port phy_txdata_i[423] in module bd_ab_bd_xdma_0_pcie4_ip_phy_pipeline is either unconnected or has no load
WARNING: [Synth 8-7129] Port phy_txdata_i[422] in module bd_ab_bd_xdma_0_pcie4_ip_phy_pipeline is either unconnected or has no load
WARNING: [Synth 8-7129] Port phy_txdata_i[421] in module bd_ab_bd_xdma_0_pcie4_ip_phy_pipeline is either unconnected or has no load
WARNING: [Synth 8-7129] Port phy_txdata_i[420] in module bd_ab_bd_xdma_0_pcie4_ip_phy_pipeline is either unconnected or has no load
WARNING: [Synth 8-7129] Port phy_txdata_i[419] in module bd_ab_bd_xdma_0_pcie4_ip_phy_pipeline is either unconnected or has no load
WARNING: [Synth 8-7129] Port phy_txdata_i[418] in module bd_ab_bd_xdma_0_pcie4_ip_phy_pipeline is either unconnected or has no load
WARNING: [Synth 8-7129] Port phy_txdata_i[417] in module bd_ab_bd_xdma_0_pcie4_ip_phy_pipeline is either unconnected or has no load
WARNING: [Synth 8-7129] Port phy_txdata_i[416] in module bd_ab_bd_xdma_0_pcie4_ip_phy_pipeline is either unconnected or has no load
WARNING: [Synth 8-7129] Port phy_txdata_i[383] in module bd_ab_bd_xdma_0_pcie4_ip_phy_pipeline is either unconnected or has no load
WARNING: [Synth 8-7129] Port phy_txdata_i[382] in module bd_ab_bd_xdma_0_pcie4_ip_phy_pipeline is either unconnected or has no load
WARNING: [Synth 8-7129] Port phy_txdata_i[381] in module bd_ab_bd_xdma_0_pcie4_ip_phy_pipeline is either unconnected or has no load
WARNING: [Synth 8-7129] Port phy_txdata_i[380] in module bd_ab_bd_xdma_0_pcie4_ip_phy_pipeline is either unconnected or has no load
WARNING: [Synth 8-7129] Port phy_txdata_i[379] in module bd_ab_bd_xdma_0_pcie4_ip_phy_pipeline is either unconnected or has no load
WARNING: [Synth 8-7129] Port phy_txdata_i[378] in module bd_ab_bd_xdma_0_pcie4_ip_phy_pipeline is either unconnected or has no load
WARNING: [Synth 8-7129] Port phy_txdata_i[377] in module bd_ab_bd_xdma_0_pcie4_ip_phy_pipeline is either unconnected or has no load
WARNING: [Synth 8-7129] Port phy_txdata_i[376] in module bd_ab_bd_xdma_0_pcie4_ip_phy_pipeline is either unconnected or has no load
WARNING: [Synth 8-7129] Port phy_txdata_i[375] in module bd_ab_bd_xdma_0_pcie4_ip_phy_pipeline is either unconnected or has no load
WARNING: [Synth 8-7129] Port phy_txdata_i[374] in module bd_ab_bd_xdma_0_pcie4_ip_phy_pipeline is either unconnected or has no load
WARNING: [Synth 8-7129] Port phy_txdata_i[373] in module bd_ab_bd_xdma_0_pcie4_ip_phy_pipeline is either unconnected or has no load
WARNING: [Synth 8-7129] Port phy_txdata_i[372] in module bd_ab_bd_xdma_0_pcie4_ip_phy_pipeline is either unconnected or has no load
WARNING: [Synth 8-7129] Port phy_txdata_i[371] in module bd_ab_bd_xdma_0_pcie4_ip_phy_pipeline is either unconnected or has no load
WARNING: [Synth 8-7129] Port phy_txdata_i[370] in module bd_ab_bd_xdma_0_pcie4_ip_phy_pipeline is either unconnected or has no load
WARNING: [Synth 8-7129] Port phy_txdata_i[369] in module bd_ab_bd_xdma_0_pcie4_ip_phy_pipeline is either unconnected or has no load
WARNING: [Synth 8-7129] Port phy_txdata_i[368] in module bd_ab_bd_xdma_0_pcie4_ip_phy_pipeline is either unconnected or has no load
WARNING: [Synth 8-7129] Port phy_txdata_i[367] in module bd_ab_bd_xdma_0_pcie4_ip_phy_pipeline is either unconnected or has no load
WARNING: [Synth 8-7129] Port phy_txdata_i[366] in module bd_ab_bd_xdma_0_pcie4_ip_phy_pipeline is either unconnected or has no load
WARNING: [Synth 8-7129] Port phy_txdata_i[365] in module bd_ab_bd_xdma_0_pcie4_ip_phy_pipeline is either unconnected or has no load
WARNING: [Synth 8-7129] Port phy_txdata_i[364] in module bd_ab_bd_xdma_0_pcie4_ip_phy_pipeline is either unconnected or has no load
WARNING: [Synth 8-7129] Port phy_txdata_i[363] in module bd_ab_bd_xdma_0_pcie4_ip_phy_pipeline is either unconnected or has no load
WARNING: [Synth 8-7129] Port phy_txdata_i[362] in module bd_ab_bd_xdma_0_pcie4_ip_phy_pipeline is either unconnected or has no load
WARNING: [Synth 8-7129] Port phy_txdata_i[361] in module bd_ab_bd_xdma_0_pcie4_ip_phy_pipeline is either unconnected or has no load
WARNING: [Synth 8-7129] Port phy_txdata_i[360] in module bd_ab_bd_xdma_0_pcie4_ip_phy_pipeline is either unconnected or has no load
WARNING: [Synth 8-7129] Port phy_txdata_i[359] in module bd_ab_bd_xdma_0_pcie4_ip_phy_pipeline is either unconnected or has no load
WARNING: [Synth 8-7129] Port phy_txdata_i[358] in module bd_ab_bd_xdma_0_pcie4_ip_phy_pipeline is either unconnected or has no load
WARNING: [Synth 8-7129] Port phy_txdata_i[357] in module bd_ab_bd_xdma_0_pcie4_ip_phy_pipeline is either unconnected or has no load
WARNING: [Synth 8-7129] Port phy_txdata_i[356] in module bd_ab_bd_xdma_0_pcie4_ip_phy_pipeline is either unconnected or has no load
WARNING: [Synth 8-7129] Port phy_txdata_i[355] in module bd_ab_bd_xdma_0_pcie4_ip_phy_pipeline is either unconnected or has no load
WARNING: [Synth 8-7129] Port phy_txdata_i[354] in module bd_ab_bd_xdma_0_pcie4_ip_phy_pipeline is either unconnected or has no load
WARNING: [Synth 8-7129] Port phy_txdata_i[353] in module bd_ab_bd_xdma_0_pcie4_ip_phy_pipeline is either unconnected or has no load
WARNING: [Synth 8-7129] Port phy_txdata_i[352] in module bd_ab_bd_xdma_0_pcie4_ip_phy_pipeline is either unconnected or has no load
WARNING: [Synth 8-7129] Port phy_txdata_i[319] in module bd_ab_bd_xdma_0_pcie4_ip_phy_pipeline is either unconnected or has no load
WARNING: [Synth 8-7129] Port phy_txdata_i[318] in module bd_ab_bd_xdma_0_pcie4_ip_phy_pipeline is either unconnected or has no load
WARNING: [Synth 8-7129] Port phy_txdata_i[317] in module bd_ab_bd_xdma_0_pcie4_ip_phy_pipeline is either unconnected or has no load
WARNING: [Synth 8-7129] Port phy_txdata_i[316] in module bd_ab_bd_xdma_0_pcie4_ip_phy_pipeline is either unconnected or has no load
INFO: [Common 17-14] Message 'Synth 8-7129' appears 100 times and further instances of the messages will be disabled. Use the Tcl command set_msg_config to change the current settings.
---------------------------------------------------------------------------------
Finished RTL Elaboration : Time (s): cpu = 00:00:28 ; elapsed = 00:00:29 . Memory (MB): peak = 2740.422 ; gain = 915.996
---------------------------------------------------------------------------------
---------------------------------------------------------------------------------
Start Handling Custom Attributes
---------------------------------------------------------------------------------
---------------------------------------------------------------------------------
Finished Handling Custom Attributes : Time (s): cpu = 00:00:29 ; elapsed = 00:00:30 . Memory (MB): peak = 2740.422 ; gain = 915.996
---------------------------------------------------------------------------------
---------------------------------------------------------------------------------
Finished RTL Optimization Phase 1 : Time (s): cpu = 00:00:29 ; elapsed = 00:00:30 . Memory (MB): peak = 2740.422 ; gain = 915.996
---------------------------------------------------------------------------------
Netlist sorting complete. Time (s): cpu = 00:00:02 ; elapsed = 00:00:02 . Memory (MB): peak = 2751.133 ; gain = 0.000
INFO: [Project 1-570] Preparing netlist for logic optimization

Processing XDC Constraints
Initializing timing engine
Parsing XDC File [c:/Users/diego/Documents/TF-BB84/qkd_abc/vivado/nodo_a/nodo_a.gen/sources_1/bd/bd_ab/ip/bd_ab_bd_xdma_0/synth/bd_ab_bd_xdma_0_ooc.xdc] for cell 'inst'
Finished Parsing XDC File [c:/Users/diego/Documents/TF-BB84/qkd_abc/vivado/nodo_a/nodo_a.gen/sources_1/bd/bd_ab/ip/bd_ab_bd_xdma_0/synth/bd_ab_bd_xdma_0_ooc.xdc] for cell 'inst'
Parsing XDC File [c:/Users/diego/Documents/TF-BB84/qkd_abc/vivado/nodo_a/nodo_a.gen/sources_1/bd/bd_ab/ip/bd_ab_bd_xdma_0/ip_0/ip_0/synth/bd_ab_bd_xdma_0_pcie4_ip_gt.xdc] for cell 'inst/pcie4_ip_i/inst/bd_ab_bd_xdma_0_pcie4_ip_gt_top_i/diablo_gt.diablo_gt_phy_wrapper/gt_wizard.gtwizard_top_i/bd_ab_bd_xdma_0_pcie4_ip_gt_i/inst'
Finished Parsing XDC File [c:/Users/diego/Documents/TF-BB84/qkd_abc/vivado/nodo_a/nodo_a.gen/sources_1/bd/bd_ab/ip/bd_ab_bd_xdma_0/ip_0/ip_0/synth/bd_ab_bd_xdma_0_pcie4_ip_gt.xdc] for cell 'inst/pcie4_ip_i/inst/bd_ab_bd_xdma_0_pcie4_ip_gt_top_i/diablo_gt.diablo_gt_phy_wrapper/gt_wizard.gtwizard_top_i/bd_ab_bd_xdma_0_pcie4_ip_gt_i/inst'
INFO: [Project 1-236] Implementation specific constraints were found while reading constraint file [c:/Users/diego/Documents/TF-BB84/qkd_abc/vivado/nodo_a/nodo_a.gen/sources_1/bd/bd_ab/ip/bd_ab_bd_xdma_0/ip_0/ip_0/synth/bd_ab_bd_xdma_0_pcie4_ip_gt.xdc]. These constraints will be ignored for synthesis but will be used in implementation. Impacted constraints are listed in the file [.Xil/bd_ab_bd_xdma_0_propImpl.xdc].
Resolution: To avoid this warning, move constraints listed in [.Xil/bd_ab_bd_xdma_0_propImpl.xdc] to another XDC file and exclude this new file from synthesis with the used_in_synthesis property (File Properties dialog in GUI) and re-run elaboration/synthesis.
Parsing XDC File [c:/Users/diego/Documents/TF-BB84/qkd_abc/vivado/nodo_a/nodo_a.gen/sources_1/bd/bd_ab/ip/bd_ab_bd_xdma_0/ip_0/source/ip_pcie4_uscale_plus_x0y0.xdc] for cell 'inst/pcie4_ip_i/inst'
Finished Parsing XDC File [c:/Users/diego/Documents/TF-BB84/qkd_abc/vivado/nodo_a/nodo_a.gen/sources_1/bd/bd_ab/ip/bd_ab_bd_xdma_0/ip_0/source/ip_pcie4_uscale_plus_x0y0.xdc] for cell 'inst/pcie4_ip_i/inst'
INFO: [Project 1-236] Implementation specific constraints were found while reading constraint file [c:/Users/diego/Documents/TF-BB84/qkd_abc/vivado/nodo_a/nodo_a.gen/sources_1/bd/bd_ab/ip/bd_ab_bd_xdma_0/ip_0/source/ip_pcie4_uscale_plus_x0y0.xdc]. These constraints will be ignored for synthesis but will be used in implementation. Impacted constraints are listed in the file [.Xil/bd_ab_bd_xdma_0_propImpl.xdc].
Resolution: To avoid this warning, move constraints listed in [.Xil/bd_ab_bd_xdma_0_propImpl.xdc] to another XDC file and exclude this new file from synthesis with the used_in_synthesis property (File Properties dialog in GUI) and re-run elaboration/synthesis.
Parsing XDC File [c:/Users/diego/Documents/TF-BB84/qkd_abc/vivado/nodo_a/nodo_a.gen/sources_1/bd/bd_ab/ip/bd_ab_bd_xdma_0/bd_ab_bd_xdma_0_board.xdc] for cell 'inst'
Finished Parsing XDC File [c:/Users/diego/Documents/TF-BB84/qkd_abc/vivado/nodo_a/nodo_a.gen/sources_1/bd/bd_ab/ip/bd_ab_bd_xdma_0/bd_ab_bd_xdma_0_board.xdc] for cell 'inst'
Parsing XDC File [c:/Users/diego/Documents/TF-BB84/qkd_abc/vivado/nodo_a/nodo_a.gen/sources_1/bd/bd_ab/ip/bd_ab_bd_xdma_0/source/bd_ab_bd_xdma_0_pcie4_uscaleplus_ip.xdc] for cell 'inst'
Finished Parsing XDC File [c:/Users/diego/Documents/TF-BB84/qkd_abc/vivado/nodo_a/nodo_a.gen/sources_1/bd/bd_ab/ip/bd_ab_bd_xdma_0/source/bd_ab_bd_xdma_0_pcie4_uscaleplus_ip.xdc] for cell 'inst'
INFO: [Project 1-236] Implementation specific constraints were found while reading constraint file [c:/Users/diego/Documents/TF-BB84/qkd_abc/vivado/nodo_a/nodo_a.gen/sources_1/bd/bd_ab/ip/bd_ab_bd_xdma_0/source/bd_ab_bd_xdma_0_pcie4_uscaleplus_ip.xdc]. These constraints will be ignored for synthesis but will be used in implementation. Impacted constraints are listed in the file [.Xil/bd_ab_bd_xdma_0_propImpl.xdc].
Resolution: To avoid this warning, move constraints listed in [.Xil/bd_ab_bd_xdma_0_propImpl.xdc] to another XDC file and exclude this new file from synthesis with the used_in_synthesis property (File Properties dialog in GUI) and re-run elaboration/synthesis.
INFO: [Timing 38-2] Deriving generated clocks
Parsing XDC File [C:/Users/diego/Documents/TF-BB84/qkd_abc/vivado/nodo_a/nodo_a.runs/bd_ab_bd_xdma_0_synth_1/dont_touch.xdc]
Finished Parsing XDC File [C:/Users/diego/Documents/TF-BB84/qkd_abc/vivado/nodo_a/nodo_a.runs/bd_ab_bd_xdma_0_synth_1/dont_touch.xdc]
INFO: [Project 1-236] Implementation specific constraints were found while reading constraint file [C:/Users/diego/Documents/TF-BB84/qkd_abc/vivado/nodo_a/nodo_a.runs/bd_ab_bd_xdma_0_synth_1/dont_touch.xdc]. These constraints will be ignored for synthesis but will be used in implementation. Impacted constraints are listed in the file [.Xil/bd_ab_bd_xdma_0_propImpl.xdc].
Resolution: To avoid this warning, move constraints listed in [.Xil/bd_ab_bd_xdma_0_propImpl.xdc] to another XDC file and exclude this new file from synthesis with the used_in_synthesis property (File Properties dialog in GUI) and re-run elaboration/synthesis.
Parsing XDC File [c:/Users/diego/Documents/TF-BB84/qkd_abc/vivado/nodo_a/nodo_a.gen/sources_1/bd/bd_ab/ip/bd_ab_bd_xdma_0/ip_0/bd_ab_bd_xdma_0_pcie4_ip_board.xdc] for cell 'inst/pcie4_ip_i/inst'
Finished Parsing XDC File [c:/Users/diego/Documents/TF-BB84/qkd_abc/vivado/nodo_a/nodo_a.gen/sources_1/bd/bd_ab/ip/bd_ab_bd_xdma_0/ip_0/bd_ab_bd_xdma_0_pcie4_ip_board.xdc] for cell 'inst/pcie4_ip_i/inst'
Parsing XDC File [c:/Users/diego/Documents/TF-BB84/qkd_abc/vivado/nodo_a/nodo_a.gen/sources_1/bd/bd_ab/ip/bd_ab_bd_xdma_0/ip_0/synth/bd_ab_bd_xdma_0_pcie4_ip_late.xdc] for cell 'inst/pcie4_ip_i/inst'
Finished Parsing XDC File [c:/Users/diego/Documents/TF-BB84/qkd_abc/vivado/nodo_a/nodo_a.gen/sources_1/bd/bd_ab/ip/bd_ab_bd_xdma_0/ip_0/synth/bd_ab_bd_xdma_0_pcie4_ip_late.xdc] for cell 'inst/pcie4_ip_i/inst'
INFO: [Project 1-236] Implementation specific constraints were found while reading constraint file [c:/Users/diego/Documents/TF-BB84/qkd_abc/vivado/nodo_a/nodo_a.gen/sources_1/bd/bd_ab/ip/bd_ab_bd_xdma_0/ip_0/synth/bd_ab_bd_xdma_0_pcie4_ip_late.xdc]. These constraints will be ignored for synthesis but will be used in implementation. Impacted constraints are listed in the file [.Xil/bd_ab_bd_xdma_0_propImpl.xdc].
Resolution: To avoid this warning, move constraints listed in [.Xil/bd_ab_bd_xdma_0_propImpl.xdc] to another XDC file and exclude this new file from synthesis with the used_in_synthesis property (File Properties dialog in GUI) and re-run elaboration/synthesis.
INFO: [Project 1-236] Implementation specific constraints were found while reading constraint file [C:/Xilinx/2025.1/Vivado/data/ip/xpm/xpm_cdc/tcl/xpm_cdc_single.tcl]. These constraints will be ignored for synthesis but will be used in implementation. Impacted constraints are listed in the file [.Xil/bd_ab_bd_xdma_0_propImpl.xdc].
Resolution: To avoid this warning, move constraints listed in [.Xil/bd_ab_bd_xdma_0_propImpl.xdc] to another XDC file and exclude this new file from synthesis with the used_in_synthesis property (File Properties dialog in GUI) and re-run elaboration/synthesis.
INFO: [Project 1-236] Implementation specific constraints were found while reading constraint file [C:/Xilinx/2025.1/Vivado/data/ip/xpm/xpm_memory/tcl/xpm_memory_xdc.tcl]. These constraints will be ignored for synthesis but will be used in implementation. Impacted constraints are listed in the file [.Xil/bd_ab_bd_xdma_0_propImpl.xdc].
Resolution: To avoid this warning, move constraints listed in [.Xil/bd_ab_bd_xdma_0_propImpl.xdc] to another XDC file and exclude this new file from synthesis with the used_in_synthesis property (File Properties dialog in GUI) and re-run elaboration/synthesis.
INFO: [Project 1-1714] 24 XPM XDC files have been applied to the design.
Completed Processing XDC Constraints

Netlist sorting complete. Time (s): cpu = 00:00:00 ; elapsed = 00:00:00.023 . Memory (MB): peak = 3210.113 ; gain = 0.000
INFO: [Project 1-111] Unisim Transformation Summary:
No Unisim elements were transformed.

---------------------------------------------------------------------------------
Finished Constraint Validation : Time (s): cpu = 00:01:06 ; elapsed = 00:01:08 . Memory (MB): peak = 3234.000 ; gain = 1409.574
---------------------------------------------------------------------------------
---------------------------------------------------------------------------------
Start Loading Part and Timing Information
---------------------------------------------------------------------------------
Loading part: xcku5p-ffvb676-2-e
INFO: [Synth 8-6742] Reading net delay rules and data
---------------------------------------------------------------------------------
Finished Loading Part and Timing Information : Time (s): cpu = 00:01:06 ; elapsed = 00:01:08 . Memory (MB): peak = 3234.000 ; gain = 1409.574
---------------------------------------------------------------------------------
---------------------------------------------------------------------------------
Start Applying 'set_property' XDC Constraints
---------------------------------------------------------------------------------
---------------------------------------------------------------------------------
Finished applying 'set_property' XDC Constraints : Time (s): cpu = 00:01:06 ; elapsed = 00:01:08 . Memory (MB): peak = 3234.000 ; gain = 1409.574
---------------------------------------------------------------------------------
INFO: [Synth 8-802] inferred FSM for state register 'wrdatasm_cs_reg' in module 'xdma_v4_2_0_axi_mm_master_omulti_wr_v'
INFO: [Synth 8-802] inferred FSM for state register 'memreqsm_cs_reg' in module 'xdma_v4_2_0_axi_str_masterbr_wrrd_br_v'
INFO: [Synth 8-802] inferred FSM for state register 'cpldtlpSm_cs_reg' in module 'xdma_v4_2_0_axi_str_masterbr_rdtlp_br_v'
INFO: [Synth 8-802] inferred FSM for state register 'wrlitesm_cs_reg' in module 'xdma_v4_2_0_axi_mm_master_wr_br_v'
INFO: [Synth 8-802] inferred FSM for state register 'wrdatasm_cs_reg' in module 'xdma_v4_2_0_axi_mm_master_wr_br_v'
INFO: [Synth 8-802] inferred FSM for state register 'rdliteSM_cs_reg' in module 'xdma_v4_2_0_axi_mm_master_rd_br_v'
INFO: [Synth 8-802] inferred FSM for state register 'tar_sm_mr_cur_reg' in module 'xdma_v4_2_0_vul_tar'
INFO: [Synth 8-802] inferred FSM for state register 'msix_init_state_reg' in module 'xdma_v4_2_0_udma_msix'
INFO: [Synth 8-802] inferred FSM for state register 'intr_issue_state_reg' in module 'xdma_v4_2_0_pcie_userapp_tgt_intr_ctrl'
INFO: [Synth 8-802] inferred FSM for state register 'clk_sm_cur_reg' in module 'xdma_v4_2_0_vul_irq'
INFO: [Synth 8-802] inferred FSM for state register 'fsm_reg' in module 'bd_ab_bd_xdma_0_pcie4_ip_gt_phy_txeq'
INFO: [Synth 8-802] inferred FSM for state register 'fsm_reg' in module 'bd_ab_bd_xdma_0_pcie4_ip_gt_phy_rxeq'
INFO: [Synth 8-802] inferred FSM for state register 'ctrl_fsm_reg' in module 'bd_ab_bd_xdma_0_pcie4_ip_gt_receiver_detect_rxterm'
INFO: [Synth 8-802] inferred FSM for state register 'non_sris.fsm_reg' in module 'bd_ab_bd_xdma_0_pcie4_ip_gt_cdr_ctrl_on_eidle'
WARNING: [Synth 8-3936] Found unconnected internal register 'progclk_sel_store_reg' and it is trimmed from '16' to '15' bits. [c:/Users/diego/Documents/TF-BB84/qkd_abc/vivado/nodo_a/nodo_a.gen/sources_1/bd/bd_ab/ipshared/3da2/hdl/gtwizard_ultrascale_v1_7_gtye4_cpll_cal_tx.v:705]
WARNING: [Synth 8-3936] Found unconnected internal register 'x0e1_store_reg' and it is trimmed from '16' to '15' bits. [c:/Users/diego/Documents/TF-BB84/qkd_abc/vivado/nodo_a/nodo_a.gen/sources_1/bd/bd_ab/ipshared/3da2/hdl/gtwizard_ultrascale_v1_7_gtye4_cpll_cal_tx.v:778]
INFO: [Synth 8-802] inferred FSM for state register 'arb_state_reg' in module 'gtwizard_ultrascale_v1_7_20_gte4_drp_arb'
INFO: [Synth 8-802] inferred FSM for state register 'pwr_on_fsm_reg' in module 'bd_ab_bd_xdma_0_pcie4_ip_gt_phy_rst'
INFO: [Synth 8-802] inferred FSM for state register 'fsm_reg' in module 'bd_ab_bd_xdma_0_pcie4_ip_gt_phy_rst'
INFO: [Synth 8-6904] The RAM "xdma_v4_2_0_axi_mm_master_omulti_rd_v:/rdDataBuf_ff_reg" of size (depth=8 x width=288) is automatically implemented using LUTRAM. BRAM implementation would be inefficient 
INFO: [Synth 8-6904] The RAM "xdma_v4_2_0_axi_mm_master_omulti_wr_v:/m_axi_awlenq_reg" of size (depth=16 x width=8) is automatically implemented using LUTRAM. BRAM implementation would be inefficient 
---------------------------------------------------------------------------------------------------
                   State |                     New Encoding |                Previous Encoding 
---------------------------------------------------------------------------------------------------
           WDATASM_START |                               00 |                               00
            WDATASM_IDLE |                               01 |                               01
        WDATASM_DATAXFER |                               10 |                               10
---------------------------------------------------------------------------------------------------
INFO: [Synth 8-3354] encoded FSM with state register 'wrdatasm_cs_reg' using encoding 'sequential' in module 'xdma_v4_2_0_axi_mm_master_omulti_wr_v'
INFO: [Synth 8-6904] The RAM "xdma_v4_2_0_vul_rdwr_eng:/rrq_wadr_nn1_reg" of size (depth=16 x width=64) is automatically implemented using LUTRAM. BRAM implementation would be inefficient 
INFO: [Synth 8-6904] The RAM "xdma_v4_2_0_vul_rdwr_eng:/rcp_rcv_lba_101_reg" of size (depth=16 x width=5) is automatically implemented using LUTRAM. BRAM implementation would be inefficient 
INFO: [Synth 8-6904] The RAM "xdma_v4_2_0_vul_rdwr_eng:/rrq_len_nn1_reg" of size (depth=16 x width=13) is automatically implemented using LUTRAM. BRAM implementation would be inefficient 
INFO: [Synth 8-6904] The RAM "xdma_v4_2_0_vul_rdwr_eng:/rrq_wfba_nn1_reg" of size (depth=16 x width=5) is automatically implemented using LUTRAM. BRAM implementation would be inefficient 
INFO: [Synth 8-6904] The RAM "xdma_v4_2_0_vul_rdwr_eng:/rcp_rcv_amt_101_reg" of size (depth=16 x width=10) is automatically implemented using LUTRAM. BRAM implementation would be inefficient 
INFO: [Synth 8-6904] The RAM "xdma_v4_2_0_vul_rdwr_eng:/rrq_dadr_nn1_reg" of size (depth=16 x width=64) is automatically implemented using LUTRAM. BRAM implementation would be inefficient 
INFO: [Synth 8-6904] The RAM "xdma_v4_2_0_vul_rdwr_eng__parameterized0:/rrq_wadr_nn1_reg" of size (depth=32 x width=64) is automatically implemented using LUTRAM. BRAM implementation would be inefficient 
INFO: [Synth 8-6904] The RAM "xdma_v4_2_0_vul_rdwr_eng__parameterized0:/rcp_rcv_lba_101_reg" of size (depth=32 x width=5) is automatically implemented using LUTRAM. BRAM implementation would be inefficient 
INFO: [Synth 8-6904] The RAM "xdma_v4_2_0_vul_rdwr_eng__parameterized0:/rrq_len_nn1_reg" of size (depth=32 x width=13) is automatically implemented using LUTRAM. BRAM implementation would be inefficient 
INFO: [Synth 8-6904] The RAM "xdma_v4_2_0_vul_rdwr_eng__parameterized0:/rrq_wfba_nn1_reg" of size (depth=32 x width=5) is automatically implemented using LUTRAM. BRAM implementation would be inefficient 
INFO: [Synth 8-6904] The RAM "xdma_v4_2_0_vul_rdwr_eng__parameterized0:/rcp_rcv_amt_101_reg" of size (depth=32 x width=10) is automatically implemented using LUTRAM. BRAM implementation would be inefficient 
---------------------------------------------------------------------------------------------------
                   State |                     New Encoding |                Previous Encoding 
---------------------------------------------------------------------------------------------------
               WRRD_IDLE |                              000 |                              000
             WRRD_MEMREQ |                              001 |                              001
          WRRD_MEMREQ2ND |                              010 |                              010
          WRRD_MEMWRDATA |                              011 |                              100
           WRRD_MEMRDREQ |                              100 |                              011
---------------------------------------------------------------------------------------------------
INFO: [Synth 8-3354] encoded FSM with state register 'memreqsm_cs_reg' using encoding 'sequential' in module 'xdma_v4_2_0_axi_str_masterbr_wrrd_br_v'
INFO: [Synth 8-6904] The RAM "xdma_v4_2_0_axi_str_masterbr_rdtlp_br_v:/rdtlplengthq_reg" of size (depth=8 x width=10) is automatically implemented using LUTRAM. BRAM implementation would be inefficient 
---------------------------------------------------------------------------------------------------
                   State |                     New Encoding |                Previous Encoding 
---------------------------------------------------------------------------------------------------
              MCPL_START |                               00 |                               00
          MCPL_CRTDATBT1 |                               01 |                               01
          MCPL_CRTDATBT2 |                               10 |                               10
           MCPL_DATAXFER |                               11 |                               11
---------------------------------------------------------------------------------------------------
INFO: [Synth 8-3354] encoded FSM with state register 'cpldtlpSm_cs_reg' using encoding 'sequential' in module 'xdma_v4_2_0_axi_str_masterbr_rdtlp_br_v'
INFO: [Synth 8-6904] The RAM "xdma_v4_2_0_axi_mm_master_wr_br_v:/m_axi_awfirstdwbestq_reg" of size (depth=16 x width=4) is automatically implemented using LUTRAM. BRAM implementation would be inefficient 
INFO: [Synth 8-6904] The RAM "xdma_v4_2_0_axi_mm_master_wr_br_v:/m_axi_awdwlenq_reg" of size (depth=16 x width=10) is automatically implemented using LUTRAM. BRAM implementation would be inefficient 
INFO: [Synth 8-6904] The RAM "xdma_v4_2_0_axi_mm_master_wr_br_v:/m_axi_awlastdwbestq_reg" of size (depth=16 x width=4) is automatically implemented using LUTRAM. BRAM implementation would be inefficient 
---------------------------------------------------------------------------------------------------
                   State |                     New Encoding |                Previous Encoding 
---------------------------------------------------------------------------------------------------
           WDATASM_START |                               00 |                               00
            WDATASM_IDLE |                               01 |                               01
        WDATASM_DATAXFER |                               10 |                               10
---------------------------------------------------------------------------------------------------
INFO: [Synth 8-3354] encoded FSM with state register 'wrdatasm_cs_reg' using encoding 'sequential' in module 'xdma_v4_2_0_axi_mm_master_wr_br_v'
INFO: [Synth 8-6904] The RAM "xdma_v4_2_0_axi_mm_master_wr_br_v:/m_axi_bardecq_reg" of size (depth=16 x width=2) is automatically implemented using LUTRAM. BRAM implementation would be inefficient 
---------------------------------------------------------------------------------------------------
                   State |                     New Encoding |                Previous Encoding 
---------------------------------------------------------------------------------------------------
           WRLITESM_IDLE |                               00 |                               00
    WRLITESM_PCIETLPINFO |                               01 |                               01
         WRLITESM_WRDATA |                               10 |                               10
         WRLITESM_WAITWR |                               11 |                               11
---------------------------------------------------------------------------------------------------
INFO: [Synth 8-3354] encoded FSM with state register 'wrlitesm_cs_reg' using encoding 'sequential' in module 'xdma_v4_2_0_axi_mm_master_wr_br_v'
INFO: [Synth 8-6904] The RAM "xdma_v4_2_0_axi_mm_master_wr_br_v:/m_axi_awaddrq_reg" of size (depth=16 x width=64) is automatically implemented using LUTRAM. BRAM implementation would be inefficient 
INFO: [Synth 8-6904] The RAM "xdma_v4_2_0_axi_mm_master_wr_br_v:/m_axi_funcq_reg" of size (depth=16 x width=8) is automatically implemented using LUTRAM. BRAM implementation would be inefficient 
INFO: [Synth 8-6904] The RAM "xdma_v4_2_0_axi_mm_master_wr_br_v:/m_axi_awsizeq_reg" of size (depth=16 x width=3) is automatically implemented using LUTRAM. BRAM implementation would be inefficient 
INFO: [Synth 8-6904] The RAM "xdma_v4_2_0_axi_mm_master_wr_br_v:/m_axi_awprotq_reg" of size (depth=16 x width=3) is automatically implemented using LUTRAM. BRAM implementation would be inefficient 
INFO: [Synth 8-6904] The RAM "xdma_v4_2_0_axi_mm_master_rd_br_v:/m_axi_bardecq_reg" of size (depth=2 x width=2) is automatically implemented using LUTRAM. BRAM implementation would be inefficient 
---------------------------------------------------------------------------------------------------
                   State |                     New Encoding |                Previous Encoding 
---------------------------------------------------------------------------------------------------
             RDLITE_IDLE |                               00 |                               00
      RDLITE_PCIETLPINFO |                               01 |                               01
        RDLITE_WAITRDCPL |                               10 |                               10
---------------------------------------------------------------------------------------------------
INFO: [Synth 8-3354] encoded FSM with state register 'rdliteSM_cs_reg' using encoding 'sequential' in module 'xdma_v4_2_0_axi_mm_master_rd_br_v'
INFO: [Synth 8-6904] The RAM "xdma_v4_2_0_dma_pcie_rq:/wcp_chn_q_reg" of size (depth=15 x width=1) is automatically implemented using LUTRAM. BRAM implementation would be inefficient 
INFO: [Synth 8-6904] The RAM "xdma_v4_2_0_dma_pcie_rq:/wcp_eor_q_reg" of size (depth=15 x width=1) is automatically implemented using LUTRAM. BRAM implementation would be inefficient 
INFO: [Synth 8-6904] The RAM "xdma_v4_2_0_dma_pcie_rq:/wcp_rid_q_reg" of size (depth=15 x width=8) is automatically implemented using LUTRAM. BRAM implementation would be inefficient 
INFO: [Synth 8-6904] The RAM "xdma_v4_2_0_dma_pcie_rc:/tag_rrq_chn_info_mem_odd_reg" of size (depth=128 x width=18) is automatically implemented using LUTRAM. BRAM implementation would be inefficient 
INFO: [Synth 8-6904] The RAM "xdma_v4_2_0_dma_pcie_rc:/tag_rrq_chn_info_mem_even_reg" of size (depth=128 x width=18) is automatically implemented using LUTRAM. BRAM implementation would be inefficient 
INFO: [Synth 8-6904] The RAM "xdma_v4_2_0_dma_pcie_rc:/tag_did_conti_val_reg" of size (depth=256 x width=9) is automatically implemented using LUTRAM. BRAM implementation would be inefficient 
---------------------------------------------------------------------------------------------------
                   State |                     New Encoding |                Previous Encoding 
---------------------------------------------------------------------------------------------------
*
              sm_mr_idle |                             0001 |                             0001
                sm_mr_ld |                             0010 |                             0010
              sm_mr_wait |                             0100 |                             0100
               sm_mr_cpl |                             1000 |                             1000
---------------------------------------------------------------------------------------------------
INFO: [Synth 8-3898] No Re-encoding of one hot register 'tar_sm_mr_cur_reg' in module 'xdma_v4_2_0_vul_tar'
---------------------------------------------------------------------------------------------------
                   State |                     New Encoding |                Previous Encoding 
---------------------------------------------------------------------------------------------------
        S_INTR_ISSUE_RST |                        000000001 |                             0000
       S_INTR_ISSUE_IDLE |                        000000010 |                             0001
      S_INTR_ISSUE_ADDRL |                        000000100 |                             0010
      S_INTR_ISSUE_ADDRH |                        000001000 |                             0011
       S_INTR_ISSUE_DATA |                        000010000 |                             0100
     S_INTR_ISSUE_VECCON |                        000100000 |                             0101
        S_INTR_ISSUE_VLD |                        001000000 |                             0110
       S_INTR_ISSUE_SEND |                        010000000 |                             0111
       S_INTR_ISSUE_WAIT |                        100000000 |                             1001
---------------------------------------------------------------------------------------------------
INFO: [Synth 8-3354] encoded FSM with state register 'intr_issue_state_reg' using encoding 'one-hot' in module 'xdma_v4_2_0_pcie_userapp_tgt_intr_ctrl'
---------------------------------------------------------------------------------------------------
                   State |                     New Encoding |                Previous Encoding 
---------------------------------------------------------------------------------------------------
                 sm_idle |                              000 | 00000000000000000000000000000000
                  sm_arb |                              001 | 00000000000000000000000000000001
                  sm_vec |                              010 | 00000000000000000000000000000010
              sm_irq_set |                              011 | 00000000000000000000000000000011
                  sm_irq |                              100 | 00000000000000000000000000000100
              sm_irq_clr |                              101 | 00000000000000000000000000000101
---------------------------------------------------------------------------------------------------
INFO: [Synth 8-3354] encoded FSM with state register 'clk_sm_cur_reg' using encoding 'sequential' in module 'xdma_v4_2_0_vul_irq'
---------------------------------------------------------------------------------------------------
                   State |                     New Encoding |                Previous Encoding 
---------------------------------------------------------------------------------------------------
                FSM_IDLE |                              000 |                              000
              FSM_PRESET |                              001 |                              001
               FSM_COEFF |                              010 |                              010
               FSM_REMAP |                              011 |                              011
               FSM_QUERY |                              100 |                              100
                FSM_DONE |                              101 |                              101
---------------------------------------------------------------------------------------------------
INFO: [Synth 8-3354] encoded FSM with state register 'fsm_reg' using encoding 'sequential' in module 'bd_ab_bd_xdma_0_pcie4_ip_gt_phy_txeq'
---------------------------------------------------------------------------------------------------
                   State |                     New Encoding |                Previous Encoding 
---------------------------------------------------------------------------------------------------
                FSM_IDLE |                            00001 |                              000
              FSM_PRESET |                            00010 |                              001
             FSM_TXCOEFF |                            00100 |                              010
               FSM_ADAPT |                            01000 |                              011
                FSM_DONE |                            10000 |                              100
---------------------------------------------------------------------------------------------------
INFO: [Synth 8-3354] encoded FSM with state register 'fsm_reg' using encoding 'one-hot' in module 'bd_ab_bd_xdma_0_pcie4_ip_gt_phy_rxeq'
---------------------------------------------------------------------------------------------------
                   State |                     New Encoding |                Previous Encoding 
---------------------------------------------------------------------------------------------------
         FSM_ASSERT_AVTT |                              000 |                              001
FSM_CHECK_RXELECIDLE_ASSERTED |                              001 |                              010
FSM_CHECK_RXELECIDLE_SOLID_DEASSERT |                              010 |                              011
         FSM_ASSERT_PROG |                              011 |                              100
           FSM_CTRL_IDLE |                              100 |                              000
---------------------------------------------------------------------------------------------------
INFO: [Synth 8-3354] encoded FSM with state register 'ctrl_fsm_reg' using encoding 'sequential' in module 'bd_ab_bd_xdma_0_pcie4_ip_gt_receiver_detect_rxterm'
---------------------------------------------------------------------------------------------------
                   State |                     New Encoding |                Previous Encoding 
---------------------------------------------------------------------------------------------------
                FSM_IDLE |                               00 |                              000
FSM_GEN12_RXELECIDLE_EXIT |                               01 |                              001
FSM_GEN34_RXELECIDLE_EXIT |                               10 |                              010
---------------------------------------------------------------------------------------------------
INFO: [Synth 8-3354] encoded FSM with state register 'non_sris.fsm_reg' using encoding 'sequential' in module 'bd_ab_bd_xdma_0_pcie4_ip_gt_cdr_ctrl_on_eidle'
---------------------------------------------------------------------------------------------------
                   State |                     New Encoding |                Previous Encoding 
---------------------------------------------------------------------------------------------------
*
               ARB_START |                             0001 |                             0001
                ARB_WAIT |                             0010 |                             0010
              ARB_REPORT |                             0100 |                             0100
                 ARB_INC |                             1000 |                             1000
---------------------------------------------------------------------------------------------------
INFO: [Synth 8-3898] No Re-encoding of one hot register 'arb_state_reg' in module 'gtwizard_ultrascale_v1_7_20_gte4_drp_arb'
---------------------------------------------------------------------------------------------------
                   State |                     New Encoding |                Previous Encoding 
---------------------------------------------------------------------------------------------------
         PWR_ON_WAIT_CNT |                                0 |                               00
             PWR_ON_DONE |                                1 |                               01
---------------------------------------------------------------------------------------------------
INFO: [Synth 8-3354] encoded FSM with state register 'pwr_on_fsm_reg' using encoding 'sequential' in module 'bd_ab_bd_xdma_0_pcie4_ip_gt_phy_rst'
---------------------------------------------------------------------------------------------------
                   State |                     New Encoding |                Previous Encoding 
---------------------------------------------------------------------------------------------------
         FSM_GTPOWERGOOD |                         00000001 |                              001
             FSM_PLLLOCK |                         00000010 |                              010
  FSM_TXPROGDIVRESETDONE |                         00000100 |                              011
           FSM_RESETDONE |                         00001000 |                              100
        FSM_TXSYNC_START |                         00010000 |                              101
         FSM_TXSYNC_DONE |                         00100000 |                              110
           FSM_PHYSTATUS |                         01000000 |                              111
                FSM_IDLE |                         10000000 |                              000
---------------------------------------------------------------------------------------------------
INFO: [Synth 8-3354] encoded FSM with state register 'fsm_reg' using encoding 'one-hot' in module 'bd_ab_bd_xdma_0_pcie4_ip_gt_phy_rst'
---------------------------------------------------------------------------------
Finished RTL Optimization Phase 2 : Time (s): cpu = 00:01:18 ; elapsed = 00:01:22 . Memory (MB): peak = 3234.000 ; gain = 1409.574
---------------------------------------------------------------------------------
---------------------------------------------------------------------------------
Start RTL Component Statistics 
---------------------------------------------------------------------------------
Detailed RTL Component Info : 
+---Adders : 
	   2 Input   64 Bit       Adders := 2     
	   2 Input   40 Bit       Adders := 6     
	   2 Input   32 Bit       Adders := 24    
	   3 Input   28 Bit       Adders := 2     
	   2 Input   25 Bit       Adders := 14    
	   2 Input   24 Bit       Adders := 2     
	   2 Input   19 Bit       Adders := 1     
	   2 Input   18 Bit       Adders := 8     
	   3 Input   18 Bit       Adders := 8     
	   2 Input   16 Bit       Adders := 8     
	   2 Input   14 Bit       Adders := 3     
	   2 Input   13 Bit       Adders := 9     
	   3 Input   13 Bit       Adders := 6     
	   2 Input   12 Bit       Adders := 6     
	   3 Input   11 Bit       Adders := 3     
	   2 Input   11 Bit       Adders := 5     
	   4 Input   10 Bit       Adders := 2     
	   2 Input   10 Bit       Adders := 34    
	   3 Input   10 Bit       Adders := 2     
	   6 Input   10 Bit       Adders := 1     
	   2 Input    9 Bit       Adders := 23    
	   3 Input    9 Bit       Adders := 4     
	   2 Input    8 Bit       Adders := 34    
	   3 Input    8 Bit       Adders := 2     
	   2 Input    7 Bit       Adders := 24    
	   3 Input    7 Bit       Adders := 2     
	   2 Input    6 Bit       Adders := 19    
	   3 Input    6 Bit       Adders := 3     
	   2 Input    5 Bit       Adders := 47    
	   3 Input    5 Bit       Adders := 1     
	   2 Input    4 Bit       Adders := 44    
	   5 Input    4 Bit       Adders := 1     
	   2 Input    3 Bit       Adders := 77    
	   2 Input    2 Bit       Adders := 75    
	   2 Input    1 Bit       Adders := 1     
+---XORs : 
	   2 Input      5 Bit         XORs := 3     
	   2 Input      3 Bit         XORs := 3     
	   2 Input      2 Bit         XORs := 5     
	   2 Input      1 Bit         XORs := 6     
+---XORs : 
	                8 Bit    Wide XORs := 32    
	                2 Bit    Wide XORs := 8     
+---Registers : 
	              756 Bit    Registers := 1     
	              512 Bit    Registers := 7     
	              504 Bit    Registers := 1     
	              480 Bit    Registers := 1     
	              331 Bit    Registers := 5     
	              327 Bit    Registers := 2     
	              288 Bit    Registers := 2     
	              256 Bit    Registers := 26    
	              252 Bit    Registers := 4     
	              159 Bit    Registers := 2     
	              144 Bit    Registers := 40    
	              137 Bit    Registers := 3     
	              128 Bit    Registers := 5     
	              122 Bit    Registers := 2     
	              121 Bit    Registers := 3     
	              113 Bit    Registers := 2     
	              112 Bit    Registers := 2     
	              103 Bit    Registers := 1     
	               96 Bit    Registers := 1     
	               80 Bit    Registers := 8     
	               64 Bit    Registers := 59    
	               59 Bit    Registers := 1     
	               48 Bit    Registers := 16    
	               35 Bit    Registers := 1     
	               33 Bit    Registers := 3     
	               32 Bit    Registers := 119   
	               30 Bit    Registers := 8     
	               28 Bit    Registers := 7     
	               25 Bit    Registers := 14    
	               20 Bit    Registers := 1     
	               19 Bit    Registers := 16    
	               18 Bit    Registers := 34    
	               16 Bit    Registers := 74    
	               15 Bit    Registers := 18    
	               14 Bit    Registers := 3     
	               13 Bit    Registers := 34    
	               12 Bit    Registers := 8     
	               11 Bit    Registers := 9     
	               10 Bit    Registers := 57    
	                9 Bit    Registers := 43    
	                8 Bit    Registers := 110   
	                7 Bit    Registers := 73    
	                6 Bit    Registers := 47    
	                5 Bit    Registers := 105   
	                4 Bit    Registers := 541   
	                3 Bit    Registers := 160   
	                2 Bit    Registers := 262   
	                1 Bit    Registers := 1624  
+---RAMs : 
	             256K Bit	(1024 X 256 bit)          RAMs := 1     
	             144K Bit	(512 X 288 bit)          RAMs := 2     
	              80K Bit	(1024 X 80 bit)          RAMs := 1     
	              72K Bit	(512 X 144 bit)          RAMs := 16    
	              64K Bit	(256 X 256 bit)          RAMs := 1     
	              20K Bit	(256 X 80 bit)          RAMs := 1     
	              16K Bit	(512 X 32 bit)          RAMs := 5     
	              16K Bit	(64 X 256 bit)          RAMs := 2     
	               8K Bit	(512 X 16 bit)          RAMs := 1     
	               5K Bit	(64 X 80 bit)          RAMs := 2     
	               4K Bit	(128 X 32 bit)          RAMs := 1     
	               2K Bit	(32 X 64 bit)          RAMs := 1     
	               2K Bit	(128 X 18 bit)          RAMs := 2     
	               2K Bit	(256 X 9 bit)          RAMs := 1     
	               2K Bit	(8 X 331 bit)          RAMs := 1     
	               2K Bit	(8 X 288 bit)          RAMs := 1     
	             1024 Bit	(16 X 64 bit)          RAMs := 3     
	              416 Bit	(32 X 13 bit)          RAMs := 1     
	              320 Bit	(32 X 10 bit)          RAMs := 1     
	              208 Bit	(16 X 13 bit)          RAMs := 1     
	              160 Bit	(16 X 10 bit)          RAMs := 2     
	              160 Bit	(32 X 5 bit)          RAMs := 2     
	              128 Bit	(16 X 8 bit)          RAMs := 2     
	              120 Bit	(15 X 8 bit)          RAMs := 1     
	               80 Bit	(16 X 5 bit)          RAMs := 2     
	               80 Bit	(8 X 10 bit)          RAMs := 1     
	               64 Bit	(16 X 4 bit)          RAMs := 2     
	               48 Bit	(16 X 3 bit)          RAMs := 2     
	               32 Bit	(16 X 2 bit)          RAMs := 1     
	               15 Bit	(15 X 1 bit)          RAMs := 2     
	                4 Bit	(2 X 2 bit)          RAMs := 1     
+---Muxes : 
	   2 Input  756 Bit        Muxes := 6     
	   2 Input  512 Bit        Muxes := 24    
	   2 Input  504 Bit        Muxes := 3     
	   3 Input  504 Bit        Muxes := 1     
	   2 Input  480 Bit        Muxes := 6     
	   4 Input  480 Bit        Muxes := 1     
	   2 Input  331 Bit        Muxes := 4     
	   4 Input  331 Bit        Muxes := 1     
	   2 Input  327 Bit        Muxes := 1     
	   2 Input  256 Bit        Muxes := 14    
	   4 Input  256 Bit        Muxes := 4     
	   2 Input  252 Bit        Muxes := 13    
	   2 Input  159 Bit        Muxes := 2     
	   2 Input  144 Bit        Muxes := 2     
	   2 Input  137 Bit        Muxes := 32    
	   2 Input  128 Bit        Muxes := 17    
	   4 Input  128 Bit        Muxes := 1     
	   2 Input  122 Bit        Muxes := 2     
	   2 Input  121 Bit        Muxes := 3     
	   2 Input  113 Bit        Muxes := 2     
	   2 Input  112 Bit        Muxes := 2     
	   2 Input   96 Bit        Muxes := 4     
	   4 Input   96 Bit        Muxes := 2     
	   2 Input   64 Bit        Muxes := 70    
	   4 Input   64 Bit        Muxes := 2     
	   9 Input   64 Bit        Muxes := 1     
	   2 Input   62 Bit        Muxes := 1     
	   2 Input   52 Bit        Muxes := 14    
	   4 Input   52 Bit        Muxes := 12    
	   5 Input   48 Bit        Muxes := 8     
	   2 Input   48 Bit        Muxes := 16    
	   2 Input   42 Bit        Muxes := 1     
	   2 Input   41 Bit        Muxes := 2     
	   2 Input   35 Bit        Muxes := 1     
	   2 Input   33 Bit        Muxes := 2     
	   2 Input   32 Bit        Muxes := 95    
	   8 Input   32 Bit        Muxes := 1     
	   4 Input   32 Bit        Muxes := 8     
	   5 Input   32 Bit        Muxes := 1     
	   3 Input   32 Bit        Muxes := 12    
	   9 Input   32 Bit        Muxes := 2     
	  33 Input   32 Bit        Muxes := 8     
	   2 Input   30 Bit        Muxes := 24    
	   2 Input   28 Bit        Muxes := 30    
	   2 Input   27 Bit        Muxes := 8     
	   2 Input   26 Bit        Muxes := 8     
	  33 Input   25 Bit        Muxes := 8     
	   2 Input   25 Bit        Muxes := 8     
	   2 Input   24 Bit        Muxes := 8     
	   2 Input   23 Bit        Muxes := 8     
	   4 Input   22 Bit        Muxes := 8     
	   2 Input   21 Bit        Muxes := 8     
	   2 Input   20 Bit        Muxes := 8     
	   3 Input   20 Bit        Muxes := 1     
	   2 Input   19 Bit        Muxes := 24    
	   6 Input   19 Bit        Muxes := 8     
	   2 Input   18 Bit        Muxes := 10    
	   2 Input   17 Bit        Muxes := 8     
	   2 Input   16 Bit        Muxes := 36    
	   5 Input   16 Bit        Muxes := 1     
	  33 Input   16 Bit        Muxes := 16    
	   4 Input   16 Bit        Muxes := 8     
	   2 Input   15 Bit        Muxes := 15    
	   4 Input   15 Bit        Muxes := 1     
	   3 Input   15 Bit        Muxes := 1     
	   2 Input   14 Bit        Muxes := 3     
	   2 Input   13 Bit        Muxes := 41    
	   2 Input   12 Bit        Muxes := 9     
	   2 Input   11 Bit        Muxes := 11    
	   4 Input   11 Bit        Muxes := 2     
	   5 Input   11 Bit        Muxes := 1     
	   7 Input   11 Bit        Muxes := 1     
	   3 Input   11 Bit        Muxes := 1     
	   2 Input   10 Bit        Muxes := 117   
	   4 Input   10 Bit        Muxes := 11    
	   7 Input   10 Bit        Muxes := 1     
	   9 Input   10 Bit        Muxes := 1     
	   2 Input    9 Bit        Muxes := 41    
	   9 Input    9 Bit        Muxes := 1     
	   3 Input    9 Bit        Muxes := 1     
	   4 Input    9 Bit        Muxes := 4     
	   2 Input    8 Bit        Muxes := 108   
	   3 Input    8 Bit        Muxes := 5     
	   4 Input    8 Bit        Muxes := 9     
	   5 Input    8 Bit        Muxes := 14    
	   9 Input    8 Bit        Muxes := 1     
	   8 Input    8 Bit        Muxes := 1     
	   2 Input    7 Bit        Muxes := 70    
	   3 Input    7 Bit        Muxes := 13    
	   8 Input    7 Bit        Muxes := 8     
	   2 Input    6 Bit        Muxes := 47    
	   4 Input    6 Bit        Muxes := 5     
	   2 Input    5 Bit        Muxes := 79    
	   4 Input    5 Bit        Muxes := 16    
	   5 Input    5 Bit        Muxes := 9     
	   6 Input    5 Bit        Muxes := 8     
	   3 Input    5 Bit        Muxes := 16    
	   2 Input    4 Bit        Muxes := 74    
	   3 Input    4 Bit        Muxes := 3     
	   4 Input    4 Bit        Muxes := 14    
	   5 Input    4 Bit        Muxes := 12    
	   6 Input    4 Bit        Muxes := 1     
	  33 Input    4 Bit        Muxes := 8     
	   2 Input    3 Bit        Muxes := 243   
	   3 Input    3 Bit        Muxes := 4     
	   4 Input    3 Bit        Muxes := 29    
	   5 Input    3 Bit        Muxes := 36    
	   9 Input    3 Bit        Muxes := 1     
	  21 Input    3 Bit        Muxes := 1     
	   6 Input    3 Bit        Muxes := 16    
	   2 Input    2 Bit        Muxes := 204   
	   3 Input    2 Bit        Muxes := 29    
	   5 Input    2 Bit        Muxes := 11    
	   4 Input    2 Bit        Muxes := 9     
	   6 Input    2 Bit        Muxes := 8     
	   2 Input    1 Bit        Muxes := 1018  
	   8 Input    1 Bit        Muxes := 28    
	   3 Input    1 Bit        Muxes := 41    
	   4 Input    1 Bit        Muxes := 90    
	  21 Input    1 Bit        Muxes := 2     
	  14 Input    1 Bit        Muxes := 4     
	   5 Input    1 Bit        Muxes := 120   
	   7 Input    1 Bit        Muxes := 5     
	  18 Input    1 Bit        Muxes := 17    
	   9 Input    1 Bit        Muxes := 5     
	   6 Input    1 Bit        Muxes := 25    
	  33 Input    1 Bit        Muxes := 144   
---------------------------------------------------------------------------------
Finished RTL Component Statistics 
---------------------------------------------------------------------------------
---------------------------------------------------------------------------------
Start Part Resource Summary
---------------------------------------------------------------------------------
Part Resources:
DSPs: 1824 (col length:96)
BRAMs: 960 (col length: RAMB18 96 RAMB36 48)
---------------------------------------------------------------------------------
Finished Part Resource Summary
---------------------------------------------------------------------------------
---------------------------------------------------------------------------------
Start Cross Boundary and Area Optimization
---------------------------------------------------------------------------------
INFO: [Synth 8-4471] merging register 'ch_arb_ch_nn1_reg[0:0]' into 'ch_arb_ch_nn1_reg[0:0]' [c:/Users/diego/Documents/TF-BB84/qkd_abc/vivado/nodo_a/nodo_a.gen/sources_1/bd/bd_ab/ipshared/1a94/hdl/xdma_v4_2_vl_rfs.sv:16445]
INFO: [Synth 8-4471] merging register 'rrq_head_adr_nn1_reg[63:0]' into 'rrq_head_adr_nn1_reg[63:0]' [c:/Users/diego/Documents/TF-BB84/qkd_abc/vivado/nodo_a/nodo_a.gen/sources_1/bd/bd_ab/ipshared/1a94/hdl/xdma_v4_2_vl_rfs.sv:16152]
INFO: [Synth 8-6904] The RAM "\WR/gen_rdwr_loop[0].gen_rdwr_eng.RDWR_INST/rrq_wadr_nn1_reg " of size (depth=16 x width=64) is automatically implemented using LUTRAM. BRAM implementation would be inefficient 
INFO: [Synth 8-6904] The RAM "\WR/gen_rdwr_loop[0].gen_rdwr_eng.RDWR_INST/rcp_rcv_lba_101_reg " of size (depth=16 x width=5) is automatically implemented using LUTRAM. BRAM implementation would be inefficient 
INFO: [Synth 8-6904] The RAM "\WR/gen_rdwr_loop[0].gen_rdwr_eng.RDWR_INST/rrq_len_nn1_reg " of size (depth=16 x width=13) is automatically implemented using LUTRAM. BRAM implementation would be inefficient 
INFO: [Synth 8-6904] The RAM "\WR/gen_rdwr_loop[0].gen_rdwr_eng.RDWR_INST/rrq_wfba_nn1_reg " of size (depth=16 x width=5) is automatically implemented using LUTRAM. BRAM implementation would be inefficient 
INFO: [Synth 8-6904] The RAM "\WR/gen_rdwr_loop[0].gen_rdwr_eng.RDWR_INST/rcp_rcv_amt_101_reg " of size (depth=16 x width=10) is automatically implemented using LUTRAM. BRAM implementation would be inefficient 
INFO: [Synth 8-6904] The RAM "\WR/gen_rdwr_loop[0].gen_rdwr_eng.RDWR_INST/rrq_dadr_nn1_reg " of size (depth=16 x width=64) is automatically implemented using LUTRAM. BRAM implementation would be inefficient 
INFO: [Synth 8-6904] The RAM "\WR/gen_rdwr_loop[0].gen_rdwr_eng.RDWR_INST/rrq_wadr_nn1_reg " of size (depth=16 x width=64) is automatically implemented using LUTRAM. BRAM implementation would be inefficient 
INFO: [Synth 8-6904] The RAM "\WR/gen_rdwr_loop[0].gen_rdwr_eng.RDWR_INST/rcp_rcv_lba_101_reg " of size (depth=16 x width=5) is automatically implemented using LUTRAM. BRAM implementation would be inefficient 
INFO: [Synth 8-6904] The RAM "\WR/gen_rdwr_loop[0].gen_rdwr_eng.RDWR_INST/rrq_len_nn1_reg " of size (depth=16 x width=13) is automatically implemented using LUTRAM. BRAM implementation would be inefficient 
INFO: [Synth 8-6904] The RAM "\WR/gen_rdwr_loop[0].gen_rdwr_eng.RDWR_INST/rrq_wfba_nn1_reg " of size (depth=16 x width=5) is automatically implemented using LUTRAM. BRAM implementation would be inefficient 
INFO: [Synth 8-6904] The RAM "\WR/gen_rdwr_loop[0].gen_rdwr_eng.RDWR_INST/rcp_rcv_amt_101_reg " of size (depth=16 x width=10) is automatically implemented using LUTRAM. BRAM implementation would be inefficient 
INFO: [Synth 8-6904] The RAM "\WR/gen_rdwr_loop[0].gen_rdwr_eng.RDWR_INST/rrq_dadr_nn1_reg " of size (depth=16 x width=64) is automatically implemented using LUTRAM. BRAM implementation would be inefficient 
INFO: [Synth 8-3333] propagating constant 0 across sequential element (\dsc_eng.DSC /\cfg_mrs_nn1_reg[6] )
INFO: [Synth 8-3333] propagating constant 0 across sequential element (\dsc_eng.DSC /\rrq_head_adr_nn1_reg[4] )
INFO: [Synth 8-3333] propagating constant 0 across sequential element (\dsc_eng.DSC /\rrq_arb_pri_nn1_reg[0] )
INFO: [Synth 8-3333] propagating constant 1 across sequential element (\WR/gen_rdwr_loop[0].gen_rdwr_eng.RDWR_INST /\cfg_mpl_msk_nn1_reg[6] )
INFO: [Synth 8-3333] propagating constant 0 across sequential element (\WR/gen_rdwr_loop[0].gen_rdwr_eng.RDWR_INST /\rrq_dsc_bt_adj_902_reg[1] )
INFO: [Synth 8-3333] propagating constant 0 across sequential element (\WR/gen_rdwr_loop[0].gen_rdwr_eng.RDWR_INST /\reg_umsk_nn1_reg[31] )
INFO: [Synth 8-3333] propagating constant 0 across sequential element (\WR/gen_rdwr_loop[0].gen_rdwr_eng.RDWR_INST /dat_fifo_dbe_nn1_reg)
INFO: [Common 17-14] Message 'Synth 8-3333' appears 100 times and further instances of the messages will be disabled. Use the Tcl command set_msg_config to change the current settings.
INFO: [Synth 8-6904] The RAM "\RD/gen_rdwr_loop[0].gen_rdwr_eng.RDWR_INST/rrq_wadr_nn1_reg " of size (depth=32 x width=64) is automatically implemented using LUTRAM. BRAM implementation would be inefficient 
INFO: [Synth 8-6904] The RAM "\RD/gen_rdwr_loop[0].gen_rdwr_eng.RDWR_INST/rcp_rcv_lba_101_reg " of size (depth=32 x width=5) is automatically implemented using LUTRAM. BRAM implementation would be inefficient 
INFO: [Synth 8-6904] The RAM "\RD/gen_rdwr_loop[0].gen_rdwr_eng.RDWR_INST/rrq_len_nn1_reg " of size (depth=32 x width=13) is automatically implemented using LUTRAM. BRAM implementation would be inefficient 
INFO: [Synth 8-6904] The RAM "\RD/gen_rdwr_loop[0].gen_rdwr_eng.RDWR_INST/rrq_wfba_nn1_reg " of size (depth=32 x width=5) is automatically implemented using LUTRAM. BRAM implementation would be inefficient 
INFO: [Synth 8-6904] The RAM "\RD/gen_rdwr_loop[0].gen_rdwr_eng.RDWR_INST/rcp_rcv_amt_101_reg " of size (depth=32 x width=10) is automatically implemented using LUTRAM. BRAM implementation would be inefficient 
INFO: [Synth 8-6904] The RAM "\RD/gen_rdwr_loop[0].gen_rdwr_eng.RDWR_INST/rrq_wadr_nn1_reg " of size (depth=32 x width=64) is automatically implemented using LUTRAM. BRAM implementation would be inefficient 
INFO: [Synth 8-6904] The RAM "\RD/gen_rdwr_loop[0].gen_rdwr_eng.RDWR_INST/rcp_rcv_lba_101_reg " of size (depth=32 x width=5) is automatically implemented using LUTRAM. BRAM implementation would be inefficient 
INFO: [Synth 8-6904] The RAM "\RD/gen_rdwr_loop[0].gen_rdwr_eng.RDWR_INST/rrq_len_nn1_reg " of size (depth=32 x width=13) is automatically implemented using LUTRAM. BRAM implementation would be inefficient 
INFO: [Synth 8-6904] The RAM "\RD/gen_rdwr_loop[0].gen_rdwr_eng.RDWR_INST/rrq_wfba_nn1_reg " of size (depth=32 x width=5) is automatically implemented using LUTRAM. BRAM implementation would be inefficient 
INFO: [Synth 8-6904] The RAM "\RD/gen_rdwr_loop[0].gen_rdwr_eng.RDWR_INST/rcp_rcv_amt_101_reg " of size (depth=32 x width=10) is automatically implemented using LUTRAM. BRAM implementation would be inefficient 
INFO: [Synth 8-3333] propagating constant 0 across sequential element (\RD/gen_rdwr_loop[0].gen_rdwr_eng.RDWR_INST /\rrq_dsc_bt_adj_902_reg[1] )
INFO: [Synth 8-3333] propagating constant 1 across sequential element (\RD/gen_rdwr_loop[0].gen_rdwr_eng.RDWR_INST /\cfg_mpl_msk_nn1_reg[6] )
INFO: [Synth 8-3333] propagating constant 0 across sequential element (\RD/gen_rdwr_loop[0].gen_rdwr_eng.RDWR_INST /wrq_unx_dat_303_reg)
INFO: [Synth 8-3333] propagating constant 0 across sequential element (\RD/gen_rdwr_loop[0].gen_rdwr_eng.RDWR_INST /dat_fifo_dbe_nn1_reg)
INFO: [Synth 8-3333] propagating constant 0 across sequential element (\RD/gen_rdwr_loop[0].gen_rdwr_eng.RDWR_INST /\reg_umsk_nn1_reg[31] )
INFO: [Synth 8-3333] propagating constant 0 across sequential element (\RD/gen_rdwr_loop[0].gen_rdwr_eng.RDWR_INST /wrq_unx_dat_304_reg)
INFO: [Synth 8-3333] propagating constant 0 across sequential element (\RD/cfg_dbe_all_reg )
INFO: [Synth 8-3333] propagating constant 0 across sequential element (\RD/gen_rdwr_loop[0].gen_rdwr_eng.RDWR_INST /WRQ_FIFO/\Head_reg[45] )
INFO: [Synth 8-3333] propagating constant 0 across sequential element (\RD/gen_rdwr_loop[0].gen_rdwr_eng.RDWR_INST /RRQ_FIFO/\Head_reg[120] )
INFO: [Synth 8-4471] merging register 'dw_tlp_0_eidx_reg[3:0]' into 'dw_tlp_0_eidx_reg[3:0]' [c:/Users/diego/Documents/TF-BB84/qkd_abc/vivado/nodo_a/nodo_a.gen/sources_1/bd/bd_ab/ipshared/1a94/hdl/xdma_v4_2_vl_rfs.sv:34361]
INFO: [Synth 8-5544] ROM "p_1_out0" won't be mapped to Block RAM because address size (2) smaller than threshold (5)
INFO: [Synth 8-6904] The RAM "xdma_v4_2_0_dma_pcie_rc__GB0/tag_rrq_chn_info_mem_odd_reg" of size (depth=128 x width=18) is automatically implemented using LUTRAM. BRAM implementation would be inefficient 
INFO: [Synth 8-6904] The RAM "xdma_v4_2_0_dma_pcie_rc__GB0/tag_rrq_chn_info_mem_even_reg" of size (depth=128 x width=18) is automatically implemented using LUTRAM. BRAM implementation would be inefficient 
INFO: [Synth 8-6904] The RAM "xdma_v4_2_0_dma_pcie_rc__GB0/tag_did_conti_val_reg" of size (depth=256 x width=9) is automatically implemented using LUTRAM. BRAM implementation would be inefficient 
INFO: [Synth 8-6904] The RAM "xdma_v4_2_0_dma_pcie_rc__GB0/tag_rrq_chn_info_mem_even_reg" of size (depth=128 x width=18) is automatically implemented using LUTRAM. BRAM implementation would be inefficient 
INFO: [Synth 8-6904] The RAM "xdma_v4_2_0_dma_pcie_rc__GB0/tag_did_conti_val_reg" of size (depth=256 x width=9) is automatically implemented using LUTRAM. BRAM implementation would be inefficient 
INFO: [Synth 8-3333] propagating constant 0 across sequential element (\dw_tlp_2_sop_ch_reg[3] )
INFO: [Synth 8-3333] propagating constant 0 across sequential element (\tlp_adr_offset_reg[3] )
INFO: [Synth 8-3333] propagating constant 0 across sequential element (\pfch_rc_parityerr_reg[7] )
INFO: [Synth 8-3333] propagating constant 0 across sequential element (dw_tlp_3_sop_reg)
INFO: [Synth 8-3333] propagating constant 0 across sequential element (rclp_err_unexp_reg)
INFO: [Synth 8-3333] propagating constant 0 across sequential element (\tlp_stg1_sop_loc_reg[3] )
INFO: [Synth 8-3333] propagating constant 0 across sequential element (dw_tlp_hdr_parityerr_reg)
INFO: [Synth 8-3333] propagating constant 0 across sequential element (\tlp_stg2_sop_loc_reg[3] )
INFO: [Synth 8-3333] propagating constant 0 across sequential element (tlp_stg1_parityerr_reg)
INFO: [Synth 8-3333] propagating constant 0 across sequential element (\tlp_stg2_sop_loc_reg[3] )
INFO: [Synth 8-3333] propagating constant 0 across sequential element (\tlp_stg3_parityerr_reg[0] )
INFO: [Synth 8-3333] propagating constant 0 across sequential element (\tlp_stg4_parityerr_reg[0] )
INFO: [Synth 8-3333] propagating constant 0 across sequential element (rclp_err_parity_reg)
INFO: [Synth 8-4471] merging register 'wtlp_aabyte_off_501_reg[5:0]' into 'wtlp_aabyte_off_501_reg[5:0]' [c:/Users/diego/Documents/TF-BB84/qkd_abc/vivado/nodo_a/nodo_a.gen/sources_1/bd/bd_ab/ipshared/1a94/hdl/xdma_v4_2_vl_rfs.sv:13964]
INFO: [Synth 8-4471] merging register 'wtlp_aabyte_off_502_reg[5:0]' into 'wtlp_aabyte_off_502_reg[5:0]' [c:/Users/diego/Documents/TF-BB84/qkd_abc/vivado/nodo_a/nodo_a.gen/sources_1/bd/bd_ab/ipshared/1a94/hdl/xdma_v4_2_vl_rfs.sv:13965]
INFO: [Synth 8-6904] The RAM "xdma_v4_2_0_dma_pcie_rq/wcp_chn_q_reg" of size (depth=15 x width=1) is automatically implemented using LUTRAM. BRAM implementation would be inefficient 
INFO: [Synth 8-6904] The RAM "xdma_v4_2_0_dma_pcie_rq/wcp_eor_q_reg" of size (depth=15 x width=1) is automatically implemented using LUTRAM. BRAM implementation would be inefficient 
INFO: [Synth 8-6904] The RAM "xdma_v4_2_0_dma_pcie_rq/wcp_rid_q_reg" of size (depth=15 x width=8) is automatically implemented using LUTRAM. BRAM implementation would be inefficient 
INFO: [Synth 8-6904] The RAM "xdma_v4_2_0_dma_pcie_rq/wcp_chn_q_reg" of size (depth=15 x width=1) is automatically implemented using LUTRAM. BRAM implementation would be inefficient 
INFO: [Synth 8-6904] The RAM "xdma_v4_2_0_dma_pcie_rq/wcp_eor_q_reg" of size (depth=15 x width=1) is automatically implemented using LUTRAM. BRAM implementation would be inefficient 
INFO: [Synth 8-6904] The RAM "xdma_v4_2_0_dma_pcie_rq/wcp_rid_q_reg" of size (depth=15 x width=8) is automatically implemented using LUTRAM. BRAM implementation would be inefficient 
INFO: [Synth 8-3333] propagating constant 0 across sequential element (\wtlp_shift_502_reg[1] )
INFO: [Synth 8-3333] propagating constant 0 across sequential element (RQ_FIFO/\WrPtr_reg[0] )
INFO: [Synth 8-3333] propagating constant 1 across sequential element (\wpl_hdr_lstrb_ff_reg[0] )
INFO: [Synth 8-3333] propagating constant 0 across sequential element (\wpl_hdr_adr_ff_reg[1] )
INFO: [Synth 8-3333] propagating constant 0 across sequential element (\pcie_rq_seq_ret_wr_ff_reg[0] )
INFO: [Synth 8-3333] propagating constant 0 across sequential element (\wtlp_hdr_500_reg[71] )
INFO: [Synth 8-3333] propagating constant 0 across sequential element (\m_axis_rq_thead_d_ff_reg[0][127] )
INFO: [Synth 8-3333] propagating constant 0 across sequential element (\RcbAvail_new_ff_reg[4] )
INFO: [Synth 8-3333] propagating constant 1 across sequential element (\nph_sel_ff_reg[2] )
INFO: [Synth 8-3333] propagating constant 0 across sequential element (\wtlp_sm_500_reg[3] )
INFO: [Synth 8-3333] propagating constant 0 across sequential element (\rreq_head_info_ff_reg[1][slv] )
INFO: [Synth 8-3333] propagating constant 1 across sequential element (\lstrb_ff_reg[0] )
INFO: [Synth 8-3333] propagating constant 0 across sequential element (\rreq_head_info_ff_reg[0][slv] )
INFO: [Synth 8-3333] propagating constant 0 across sequential element (RQ_FIFO/\MemArray_reg[324] )
INFO: [Synth 8-3333] propagating constant 0 across sequential element (\tlp_rrq_tag_ff_reg[0][0] )
INFO: [Synth 8-5544] ROM "cplLenMid" won't be mapped to Block RAM because address size (3) smaller than threshold (5)
INFO: [Synth 8-5544] ROM "addrmask" won't be mapped to Block RAM because address size (3) smaller than threshold (5)
INFO: [Synth 8-6904] The RAM "axi4mm_bridge_top_inst/\axi4mm_axi_mm_master_top_inst/axi4mm_axi_str_masterbr_rdtlp_inst /rdtlplengthq_reg" of size (depth=8 x width=10) is automatically implemented using LUTRAM. BRAM implementation would be inefficient 
INFO: [Synth 8-5544] ROM "p_0_in" won't be mapped to Block RAM because address size (2) smaller than threshold (5)
INFO: [Synth 8-6904] The RAM "axi4mm_bridge_top_inst/\axi4mm_axi_mm_master_top_inst/axi4mm_axi_mm_master_wr_inst /m_axi_bardecq_reg" of size (depth=16 x width=2) is automatically implemented using LUTRAM. BRAM implementation would be inefficient 
INFO: [Synth 8-6904] The RAM "axi4mm_bridge_top_inst/\axi4mm_axi_mm_master_top_inst/axi4mm_axi_mm_master_wr_inst /m_axi_awdwlenstq_reg" of size (depth=16 x width=10) is automatically implemented using LUTRAM. BRAM implementation would be inefficient 
INFO: [Synth 8-6904] The RAM "axi4mm_bridge_top_inst/\axi4mm_axi_mm_master_top_inst/axi4mm_axi_mm_master_wr_inst /m_axi_awdwlenq_reg" of size (depth=16 x width=10) is automatically implemented using LUTRAM. BRAM implementation would be inefficient 
INFO: [Synth 8-6904] The RAM "axi4mm_bridge_top_inst/\axi4mm_axi_mm_master_top_inst/axi4mm_axi_mm_master_wr_inst /m_axi_awaddrq_reg" of size (depth=16 x width=64) is automatically implemented using LUTRAM. BRAM implementation would be inefficient 
INFO: [Synth 8-6904] The RAM "axi4mm_bridge_top_inst/\axi4mm_axi_mm_master_top_inst/axi4mm_axi_mm_master_wr_inst /m_axi_funcq_reg" of size (depth=16 x width=8) is automatically implemented using LUTRAM. BRAM implementation would be inefficient 
INFO: [Synth 8-6904] The RAM "axi4mm_bridge_top_inst/\axi4mm_axi_mm_master_top_inst/axi4mm_axi_mm_master_wr_inst /m_axi_awsizeq_reg" of size (depth=16 x width=3) is automatically implemented using LUTRAM. BRAM implementation would be inefficient 
INFO: [Synth 8-6904] The RAM "axi4mm_bridge_top_inst/\axi4mm_axi_mm_master_top_inst/axi4mm_axi_mm_master_wr_inst /m_axi_awprotq_reg" of size (depth=16 x width=3) is automatically implemented using LUTRAM. BRAM implementation would be inefficient 
INFO: [Synth 8-5544] ROM "p_0_in" won't be mapped to Block RAM because address size (2) smaller than threshold (5)
INFO: [Synth 8-6904] The RAM "axi4mm_bridge_top_inst/\axi4mm_axi_mm_master_top_inst/axi4mm_axi_mm_master_rd /m_axi_bardecq_reg" of size (depth=2 x width=2) is automatically implemented using LUTRAM. BRAM implementation would be inefficient 
INFO: [Common 17-14] Message 'Synth 8-7129' appears 100 times and further instances of the messages will be disabled. Use the Tcl command set_msg_config to change the current settings.
INFO: [Synth 8-6904] The RAM "axi4mm_bridge_top_inst/axi4mm_axi_mm_master_top_inst/axi4mm_axi_str_masterbr_rdtlp_inst/rdtlplengthq_reg" of size (depth=8 x width=10) is automatically implemented using LUTRAM. BRAM implementation would be inefficient 
INFO: [Synth 8-6904] The RAM "axi4mm_bridge_top_inst/\axi4mm_axi_mm_master_top_inst/axi4mm_axi_mm_master_wr_inst /m_axi_bardecq_reg" of size (depth=16 x width=2) is automatically implemented using LUTRAM. BRAM implementation would be inefficient 
INFO: [Synth 8-6904] The RAM "axi4mm_bridge_top_inst/\axi4mm_axi_mm_master_top_inst/axi4mm_axi_mm_master_wr_inst /m_axi_awdwlenstq_reg" of size (depth=16 x width=10) is automatically implemented using LUTRAM. BRAM implementation would be inefficient 
INFO: [Synth 8-6904] The RAM "axi4mm_bridge_top_inst/\axi4mm_axi_mm_master_top_inst/axi4mm_axi_mm_master_wr_inst /m_axi_awdwlenq_reg" of size (depth=16 x width=10) is automatically implemented using LUTRAM. BRAM implementation would be inefficient 
INFO: [Synth 8-12589] Found 58 bits of RAM  (axi4mm_bridge_top_inst/\axi4mm_axi_mm_master_top_inst/axi4mm_axi_mm_master_wr_inst /i_37) with no load. RAM width may be reduced from 64 to 6 
INFO: [Synth 8-6904] The RAM "axi4mm_bridge_top_inst/\axi4mm_axi_mm_master_top_inst/axi4mm_axi_mm_master_wr_inst /m_axi_awaddrq_reg" of size (depth=16 x width=64) is automatically implemented using LUTRAM. BRAM implementation would be inefficient 
INFO: [Synth 8-6904] The RAM "axi4mm_bridge_top_inst/\axi4mm_axi_mm_master_top_inst/axi4mm_axi_mm_master_wr_inst /m_axi_funcq_reg" of size (depth=16 x width=8) is automatically implemented using LUTRAM. BRAM implementation would be inefficient 
INFO: [Synth 8-6904] The RAM "axi4mm_bridge_top_inst/\axi4mm_axi_mm_master_top_inst/axi4mm_axi_mm_master_wr_inst /m_axi_awsizeq_reg" of size (depth=16 x width=3) is automatically implemented using LUTRAM. BRAM implementation would be inefficient 
INFO: [Synth 8-6904] The RAM "axi4mm_bridge_top_inst/\axi4mm_axi_mm_master_top_inst/axi4mm_axi_mm_master_wr_inst /m_axi_awprotq_reg" of size (depth=16 x width=3) is automatically implemented using LUTRAM. BRAM implementation would be inefficient 
INFO: [Synth 8-6904] The RAM "axi4mm_bridge_top_inst/\axi4mm_axi_mm_master_top_inst/axi4mm_axi_mm_master_rd /m_axi_bardecq_reg" of size (depth=2 x width=2) is automatically implemented using LUTRAM. BRAM implementation would be inefficient 
RAM ("base/IRQ_INST/msix_internal_xdma.pf0_msix_table/msix_ram_gen[1].msix_ram_reg") is too shallow (depth = 128) to use URAM. Choosing BRAM instead of URAM 
INFO: [Synth 8-3333] propagating constant 0 across sequential element (base/IRQ_INST/\msix_internal_xdma.msix_ctl/gen_stg2_int_srcs[3].int_src_stg2_reg[3][5] )
INFO: [Synth 8-3333] propagating constant 0 across sequential element (base/IRQ_INST/\msix_internal_xdma.msix_ctl/gen_stg2_int_srcs[1].int_src_stg2_reg[1][7] )
INFO: [Synth 8-3333] propagating constant 0 across sequential element (base/IRQ_INST/\msix_internal_xdma.msix_ctl/gen_stg2_int_srcs[2].int_src_stg2_reg[2][7] )
INFO: [Synth 8-3333] propagating constant 0 across sequential element (base/IRQ_INST/\msix_internal_xdma.msix_ctl/gen_stg2_int_srcs[3].int_src_stg2_reg[3][7] )
INFO: [Synth 8-3333] propagating constant 0 across sequential element (base/IRQ_INST/\msix_internal_xdma.msix_ctl/gen_stg2_int_srcs[2].int_src_stg2_reg[2][3] )
INFO: [Synth 8-3333] propagating constant 0 across sequential element (base/IRQ_INST/\msix_internal_xdma.msix_ctl/gen_stg2_int_srcs[0].int_src_stg2_reg[0][4] )
INFO: [Synth 8-3333] propagating constant 0 across sequential element (base/IRQ_INST/\msix_internal_xdma.msix_ctl/gen_stg2_int_srcs[1].int_src_stg2_reg[1][4] )
INFO: [Synth 8-3333] propagating constant 0 across sequential element (base/\CFG_INST/clk_msixen_reg[1] )
INFO: [Synth 8-3333] propagating constant 0 across sequential element (base/\CFG_INST/clk_busdev_reg[12] )
INFO: [Synth 8-3333] propagating constant 0 across sequential element (base/\CFG_INST/reg_bp_reg[3][31] )
INFO: [Synth 8-3333] propagating constant 0 across sequential element (base/\CFG_INST/reg_bp_reg[2][31] )
INFO: [Synth 8-3333] propagating constant 0 across sequential element (base/\CFG_INST/reg_bp_reg[1][31] )
INFO: [Synth 8-3333] propagating constant 0 across sequential element (base/\CFG_INST/reg_bp_reg[0][31] )
INFO: [Synth 8-3333] propagating constant 0 across sequential element (axi4mm_bridge_top_inst/\axi4mm_axi_mm_master_top_inst/slmcwrpendQ_ff_reg[7][1] )
INFO: [Synth 8-3333] propagating constant 0 across sequential element (axi4mm_bridge_top_inst/\axi4mm_axi_mm_master_top_inst/slmcwrpendQ_ff_reg[6][1] )
INFO: [Synth 8-3333] propagating constant 0 across sequential element (axi4mm_bridge_top_inst/\axi4mm_axi_mm_master_top_inst/slmcwrpendQ_ff_reg[5][1] )
INFO: [Synth 8-3333] propagating constant 0 across sequential element (axi4mm_bridge_top_inst/\axi4mm_axi_mm_master_top_inst/slmcwrpendQ_ff_reg[4][1] )
INFO: [Synth 8-3333] propagating constant 0 across sequential element (axi4mm_bridge_top_inst/\axi4mm_axi_mm_master_top_inst/slmcwrpendQ_ff_reg[3][1] )
INFO: [Synth 8-3333] propagating constant 0 across sequential element (axi4mm_bridge_top_inst/\axi4mm_axi_mm_master_top_inst/slmcwrpendQ_ff_reg[2][1] )
INFO: [Synth 8-3333] propagating constant 0 across sequential element (axi4mm_bridge_top_inst/\axi4mm_axi_mm_master_top_inst/slmcwrpendQ_ff_reg[1][1] )
INFO: [Synth 8-3333] propagating constant 0 across sequential element (axi4mm_bridge_top_inst/\axi4mm_axi_mm_master_top_inst/slmcwrpendQ_ff_reg[0][1] )
INFO: [Synth 8-3333] propagating constant 0 across sequential element (base/\CFG_INST/dummy_pclk_reg_vld_reg )
INFO: [Synth 8-3333] propagating constant 0 across sequential element (axi4mm_bridge_top_inst/\axi4mm_axi_mm_master_top_inst/axi4mm_axi_mm_master_rd /cpldataerr_ff_reg)
INFO: [Synth 8-3333] propagating constant 0 across sequential element (axi4mm_bridge_top_inst/\axi4mm_axi_mm_master_top_inst/axi4mm_axi_str_masterbr_rdtlp_inst/cplsplitcnt_0_ff_reg[5] )
INFO: [Synth 8-3333] propagating constant 0 across sequential element (base/IRQ_INST/\flr_done_ff_reg[1] )
INFO: [Synth 8-3333] propagating constant 0 across sequential element (axi4mm_bridge_top_inst/\axi4mm_axi_mm_master_top_inst/axi4mm_axi_str_masterbr_rdtlp_inst/cplLenMid_ff_reg[4] )
INFO: [Synth 8-3333] propagating constant 0 across sequential element (axi4mm_bridge_top_inst/\axi4mm_axi_mm_master_top_inst/axi4mm_axi_str_masterbridge_wrrd_inst/tlpaddrl_ff_reg[1] )
INFO: [Synth 8-3333] propagating constant 0 across sequential element (axi4mm_bridge_top_inst/\axi4mm_axi_mm_master_top_inst/axi4mm_axi_str_masterbridge_wrrd_inst/tlpfunc_ff_reg[7] )
INFO: [Synth 8-3333] propagating constant 0 across sequential element (base/\CFG_INST/reg_axi_dsc_reg )
INFO: [Synth 8-3333] propagating constant 0 across sequential element (axi4mm_bridge_top_inst/\axi4mm_axi_mm_master_top_inst/axi4mm_axi_str_masterbr_rdtlp_inst/m_axis_cc_tdata_d_ff_reg[127] )
INFO: [Synth 8-3333] propagating constant 0 across sequential element (\dma_enable.wb_eng.dma_pcie_wb_eng /i_9/\WB_DAT_FIFO/DataOut_reg[35] )
INFO: [Synth 8-3333] propagating constant 0 across sequential element (xdma_v4_2_0_pcie_cap_structure_inst/\ats_control_n_cap_reg[20] )
INFO: [Synth 8-3333] propagating constant 0 across sequential element (axi4mm_bridge_top_inst/\axi4mm_axi_mm_master_top_inst/axi4mm_axi_str_masterbr_rdtlp_inst/aa256_tuser_ff_reg[32] )
INFO: [Synth 8-3333] propagating constant 0 across sequential element (axi4mm_bridge_top_inst/\axi4mm_axi_mm_master_top_inst/axi4mm_axi_mm_master_rd /\m_axi_arprot_ff_reg[2] )
INFO: [Synth 8-3333] propagating constant 0 across sequential element (axi4mm_bridge_top_inst/\axi4mm_axi_mm_master_top_inst/axi4mm_axi_mm_master_wr_inst /i_15/\m_axi_litex_awprot_ff_reg[2] )
INFO: [Synth 8-3333] propagating constant 0 across sequential element (axi4mm_bridge_top_inst/\axi4mm_axi_mm_master_top_inst/axi4mm_axi_mm_master_wr_inst /i_15/\m_axi_awprot_ff_reg[2] )
INFO: [Synth 8-3333] propagating constant 0 across sequential element (axi4mm_bridge_top_inst/\axi4mm_axi_mm_master_top_inst/axi4mm_axi_str_masterbridge_wrrd_inst/weccparity_ff_reg[31] )
INFO: [Synth 8-3333] propagating constant 0 across sequential element (axi4mm_bridge_top_inst/\axi4mm_axi_mm_master_top_inst/axi4mm_axi_str_masterbr_rdtlp_inst/aa512_tvalid_ff_reg )
INFO: [Synth 8-3333] propagating constant 0 across sequential element (xdma_v4_2_0_pcie_cap_structure_inst/\pr_status_n_control_reg[0] )
INFO: [Synth 8-3333] propagating constant 0 across sequential element (base/IRQ_INST/\msix_internal_xdma.msix_ctl/int_src_stg3_reg[7] )
INFO: [Synth 8-3333] propagating constant 0 across sequential element (axi4mm_bridge_top_inst/\axi4mm_axi_mm_master_top_inst/axi4mm_axi_str_masterbr_rdtlp_inst/rdtlpepq_reg[7] )
INFO: [Synth 8-3333] propagating constant 0 across sequential element (axi4mm_bridge_top_inst/\axi4mm_axi_mm_master_top_inst/axi4mm_axi_str_masterbr_rdtlp_inst/rdtlpepq_reg[6] )
INFO: [Synth 8-3333] propagating constant 0 across sequential element (axi4mm_bridge_top_inst/\axi4mm_axi_mm_master_top_inst/axi4mm_axi_str_masterbr_rdtlp_inst/rdtlpepq_reg[5] )
INFO: [Synth 8-3333] propagating constant 0 across sequential element (axi4mm_bridge_top_inst/\axi4mm_axi_mm_master_top_inst/axi4mm_axi_str_masterbr_rdtlp_inst/rdtlpepq_reg[4] )
INFO: [Synth 8-3333] propagating constant 0 across sequential element (axi4mm_bridge_top_inst/\axi4mm_axi_mm_master_top_inst/axi4mm_axi_str_masterbr_rdtlp_inst/rdtlpepq_reg[3] )
INFO: [Synth 8-3333] propagating constant 0 across sequential element (axi4mm_bridge_top_inst/\axi4mm_axi_mm_master_top_inst/axi4mm_axi_str_masterbr_rdtlp_inst/rdtlpepq_reg[2] )
INFO: [Synth 8-3333] propagating constant 0 across sequential element (axi4mm_bridge_top_inst/\axi4mm_axi_mm_master_top_inst/axi4mm_axi_str_masterbr_rdtlp_inst/rdtlpepq_reg[1] )
INFO: [Synth 8-3333] propagating constant 0 across sequential element (axi4mm_bridge_top_inst/\axi4mm_axi_mm_master_top_inst/axi4mm_axi_str_masterbr_rdtlp_inst/rdtlpepq_reg[0] )
INFO: [Synth 8-3333] propagating constant 0 across sequential element (axi4mm_bridge_top_inst/\axi4mm_axi_mm_master_top_inst/axi4mm_axi_str_masterbr_rdtlp_inst/cplsplitcnt_1_ff_reg[5] )
INFO: [Synth 8-3333] propagating constant 1 across sequential element (xdma_v4_2_0_pcie_cap_structure_inst/\reset_dly_reg[0] )
INFO: [Synth 8-3333] propagating constant 0 across sequential element (base/\CFG_INST/dummy_pclk_reg_vld_reg )
INFO: [Synth 8-7067] Removed DRAM instance axi4mm_bridge_top_inst/axi4mm_axi_mm_master_top_inst/axi4mm_axi_mm_master_wr_inst/i_12/i_0/m_axi_funcq_reg_0_15_0_7 from module extram__20 due to constant propagation
INFO: [Synth 8-7067] Removed DRAM instance axi4mm_bridge_top_inst/axi4mm_axi_mm_master_top_inst/axi4mm_axi_mm_master_rd/i_3/m_axi_funcq_reg_0_1_0_7 from module xdma_v4_2_0_axi_mm_master_rd_br_v due to constant propagation
INFO: [Synth 8-7067] Removed DRAM instance axi4mm_bridge_top_inst/axi4mm_axi_mm_master_top_inst/axi4mm_axi_str_masterbr_rdtlp_inst/__21/i_/axi4mm_axi_mm_master_top_inst/axi4mm_axi_str_masterbr_rdtlp_inst/rdtlpfuncq_reg_0_7_0_7 from module xdma_v4_2_0_axi4mm_bridge_top due to constant propagation
INFO: [Synth 8-3333] propagating constant 0 across sequential element (base/IRQ_INST/\msix_internal_xdma.msix_ctl/msix_intr_num_reg[7] )
INFO: [Synth 8-3333] propagating constant 0 across sequential element (axi4mm_bridge_top_inst/\axi4mm_axi_mm_master_top_inst/axi4mm_axi_str_masterbr_rdtlp_inst/m_axis_cc_tdata_d_ff_reg[79] )
INFO: [Synth 8-3333] propagating constant 1 across sequential element (xdma_v4_2_0_pcie_cap_structure_inst/cfg_status_pr_rst_o_reg)
INFO: [Synth 8-3333] propagating constant 0 across sequential element (axi4mm_bridge_top_inst/\axi4mm_axi_mm_master_top_inst/axi4mm_axi_mm_master_rd /\m_axi_aruser_ff_reg[7] )
INFO: [Synth 8-3333] propagating constant 0 across sequential element (axi4mm_bridge_top_inst/\axi4mm_axi_mm_master_top_inst/axi4mm_axi_mm_master_rd /\m_axi_litex_aruser_ff_reg[7] )
INFO: [Common 17-14] Message 'Synth 8-3333' appears 100 times and further instances of the messages will be disabled. Use the Tcl command set_msg_config to change the current settings.
INFO: [Synth 8-7067] Removed DRAM instance axi4mm_bridge_top_inst/axi4mm_axi_mm_master_top_inst/axi4mm_axi_mm_master_rd/i_3/m_axi_funcq_reg_0_1_0_7 from module xdma_v4_2_0_axi_mm_master_rd_br_v due to constant propagation
WARNING: [Synth 8-3332] Sequential element (WB_DAT_FIFO/DataOut_reg[35]) is unused and will be removed from module xdma_v4_2_0_dma_wb_eng.
INFO: [Synth 8-4471] merging register 'wtlp_srcbyte_off_501_reg[5:0]' into 'wtlp_srcbyte_off_501_reg[5:0]' [c:/Users/diego/Documents/TF-BB84/qkd_abc/vivado/nodo_a/nodo_a.gen/sources_1/bd/bd_ab/ipshared/1a94/hdl/xdma_v4_2_vl_rfs.sv:31405]
INFO: [Synth 8-4471] merging register 'wtlp_srcbyte_off_502_reg[5:0]' into 'wtlp_srcbyte_off_502_reg[5:0]' [c:/Users/diego/Documents/TF-BB84/qkd_abc/vivado/nodo_a/nodo_a.gen/sources_1/bd/bd_ab/ipshared/1a94/hdl/xdma_v4_2_vl_rfs.sv:31406]
INFO: [Synth 8-6904] The RAM "\dma_enable.aximm.dma_aximm /axi4mm_axi_mm_master_wr/m_axi_awlenq_reg" of size (depth=16 x width=8) is automatically implemented using LUTRAM. BRAM implementation would be inefficient 
WARNING: [Synth 8-6026] Ignoring keep related attribute (keep/mark_debug/dont_touch) applied on memory
INFO: [Synth 8-6904] The RAM "\dma_enable.aximm.dma_aximm/axi4mm_axi_mm_master_rd/rdDataBuf_ff_reg " of size (depth=8 x width=288) is automatically implemented using LUTRAM. BRAM implementation would be inefficient 
INFO: [Synth 8-6904] The RAM "\dma_enable.aximm.dma_aximm /axi4mm_axi_mm_master_wr/m_axi_awlenq_reg" of size (depth=16 x width=8) is automatically implemented using LUTRAM. BRAM implementation would be inefficient 
INFO: [Synth 8-6904] The RAM "\dma_enable.aximm.dma_aximm/axi4mm_axi_mm_master_rd/rdDataBuf_ff_reg " of size (depth=8 x width=288) is automatically implemented using LUTRAM. BRAM implementation would be inefficient 
INFO: [Synth 8-7067] Removed DRAM instance dma_enable.aximm.dma_aximm/i_18/i_0/axi4mm_axi_mm_master_rd/rdDataBuf_ff_reg_0_7_280_287 from module extram__5 due to constant propagation
INFO: [Synth 8-7067] Removed DRAM instance dma_enable.aximm.dma_aximm/i_18/i_0/axi4mm_axi_mm_master_rd/rdDataBuf_ff_reg_0_7_266_279 from module extram__5 due to constant propagation
INFO: [Synth 8-7067] Removed DRAM instance dma_enable.aximm.dma_aximm/i_9/axi4mm_axi_mm_master_rd/m_axi_arprotissueq_reg_0_15_0_2 from module xdma_v4_2_0_dma_aximm due to constant propagation
INFO: [Synth 8-7067] Removed DRAM instance dma_enable.aximm.dma_aximm/axi4mm_axi_mm_master_wr/i_8/m_axi_awprotq_reg_0_15_0_2 from module xdma_v4_2_0_axi_mm_master_omulti_wr_v due to constant propagation
INFO: [Synth 8-7067] Removed DRAM instance dma_enable.aximm.dma_aximm/i_18/i_0/axi4mm_axi_mm_master_rd/rdDataBuf_ff_reg_0_7_280_287 from module extram__5 due to constant propagation
INFO: [Synth 8-7067] Removed DRAM instance dma_enable.aximm.dma_aximm/i_22/axidma_wrq_arb/Fifowhead.fifoInfo/MemArray_reg_0_3_112_112 from module xdma_v4_2_0_dma_aximm due to constant propagation
INFO: [Synth 8-7067] Removed DRAM instance dma_enable.aximm.dma_aximm/i_22/axidma_wrq_arb/Fifowhead.fifoInfo/MemArray_reg_0_3_112_112 from module xdma_v4_2_0_dma_aximm due to constant propagation
INFO: [Synth 8-7067] Removed DRAM instance dma_enable.aximm.dma_aximm/axi4mm_axi_mm_master_wr/i_4/m_axi_ChnlIdq_reg_0_15_0_3 from module xdma_v4_2_0_axi_mm_master_omulti_wr_v due to constant propagation
INFO: [Synth 8-7067] Removed DRAM instance dma_enable.aximm.dma_aximm/axi4mm_axi_mm_master_wr/i_2/wrrsp_ChnlIdq_reg_0_15_0_7 from module xdma_v4_2_0_axi_mm_master_omulti_wr_v due to constant propagation
INFO: [Synth 8-7067] Removed DRAM instance dma_enable.aximm.dma_aximm/axi4mm_axi_mm_master_wr/i_2/wrrsp_ChnlIdq_reg_0_15_0_7 from module xdma_v4_2_0_axi_mm_master_omulti_wr_v due to constant propagation
INFO: [Synth 8-3886] merging instance 'reg_cfg_vf_active_reg[251]' (FDRE) to 'reg_cfg_vf_active_reg[250]'
INFO: [Synth 8-3886] merging instance 'reg_cfg_vf_active_reg[250]' (FDRE) to 'reg_cfg_vf_active_reg[249]'
INFO: [Synth 8-3886] merging instance 'reg_cfg_vf_active_reg[249]' (FDRE) to 'reg_cfg_vf_active_reg[248]'
INFO: [Synth 8-3886] merging instance 'reg_cfg_vf_active_reg[248]' (FDRE) to 'reg_cfg_vf_active_reg[247]'
INFO: [Synth 8-3886] merging instance 'reg_cfg_vf_active_reg[247]' (FDRE) to 'reg_cfg_vf_active_reg[246]'
INFO: [Synth 8-3886] merging instance 'reg_cfg_vf_active_reg[246]' (FDRE) to 'reg_cfg_vf_active_reg[245]'
INFO: [Synth 8-3886] merging instance 'reg_cfg_vf_active_reg[245]' (FDRE) to 'reg_cfg_vf_active_reg[244]'
INFO: [Synth 8-3886] merging instance 'reg_cfg_vf_active_reg[244]' (FDRE) to 'reg_cfg_vf_active_reg[243]'
INFO: [Synth 8-3886] merging instance 'reg_cfg_vf_active_reg[243]' (FDRE) to 'reg_cfg_vf_active_reg[242]'
INFO: [Synth 8-3886] merging instance 'reg_cfg_vf_active_reg[242]' (FDRE) to 'reg_cfg_vf_active_reg[241]'
INFO: [Synth 8-3886] merging instance 'reg_cfg_vf_active_reg[241]' (FDRE) to 'reg_cfg_vf_active_reg[240]'
INFO: [Synth 8-3886] merging instance 'reg_cfg_vf_active_reg[240]' (FDRE) to 'reg_cfg_vf_active_reg[239]'
INFO: [Synth 8-3886] merging instance 'reg_cfg_vf_active_reg[239]' (FDRE) to 'reg_cfg_vf_active_reg[238]'
INFO: [Synth 8-3886] merging instance 'reg_cfg_vf_active_reg[238]' (FDRE) to 'reg_cfg_vf_active_reg[237]'
INFO: [Synth 8-3886] merging instance 'reg_cfg_vf_active_reg[237]' (FDRE) to 'reg_cfg_vf_active_reg[236]'
INFO: [Synth 8-3886] merging instance 'reg_cfg_vf_active_reg[236]' (FDRE) to 'reg_cfg_vf_active_reg[235]'
INFO: [Synth 8-3886] merging instance 'reg_cfg_vf_active_reg[235]' (FDRE) to 'reg_cfg_vf_active_reg[234]'
INFO: [Synth 8-3886] merging instance 'reg_cfg_vf_active_reg[234]' (FDRE) to 'reg_cfg_vf_active_reg[233]'
INFO: [Synth 8-3886] merging instance 'reg_cfg_vf_active_reg[233]' (FDRE) to 'reg_cfg_vf_active_reg[232]'
INFO: [Synth 8-3886] merging instance 'reg_cfg_vf_active_reg[232]' (FDRE) to 'reg_cfg_vf_active_reg[231]'
INFO: [Synth 8-3886] merging instance 'reg_cfg_vf_active_reg[231]' (FDRE) to 'reg_cfg_vf_active_reg[230]'
INFO: [Synth 8-3886] merging instance 'reg_cfg_vf_active_reg[230]' (FDRE) to 'reg_cfg_vf_active_reg[229]'
INFO: [Synth 8-3886] merging instance 'reg_cfg_vf_active_reg[229]' (FDRE) to 'reg_cfg_vf_active_reg[228]'
INFO: [Synth 8-3886] merging instance 'reg_cfg_vf_active_reg[228]' (FDRE) to 'reg_cfg_vf_active_reg[227]'
INFO: [Synth 8-3886] merging instance 'reg_cfg_vf_active_reg[227]' (FDRE) to 'reg_cfg_vf_active_reg[226]'
INFO: [Synth 8-3886] merging instance 'reg_cfg_vf_active_reg[226]' (FDRE) to 'reg_cfg_vf_active_reg[225]'
INFO: [Synth 8-3886] merging instance 'reg_cfg_vf_active_reg[225]' (FDRE) to 'reg_cfg_vf_active_reg[224]'
INFO: [Synth 8-3886] merging instance 'reg_cfg_vf_active_reg[224]' (FDRE) to 'reg_cfg_vf_active_reg[223]'
INFO: [Synth 8-3886] merging instance 'reg_cfg_vf_active_reg[223]' (FDRE) to 'reg_cfg_vf_active_reg[222]'
INFO: [Synth 8-3886] merging instance 'reg_cfg_vf_active_reg[222]' (FDRE) to 'reg_cfg_vf_active_reg[221]'
INFO: [Synth 8-3886] merging instance 'reg_cfg_vf_active_reg[221]' (FDRE) to 'reg_cfg_vf_active_reg[220]'
INFO: [Synth 8-3886] merging instance 'reg_cfg_vf_active_reg[220]' (FDRE) to 'reg_cfg_vf_active_reg[219]'
INFO: [Synth 8-3886] merging instance 'reg_cfg_vf_active_reg[219]' (FDRE) to 'reg_cfg_vf_active_reg[218]'
INFO: [Synth 8-3886] merging instance 'reg_cfg_vf_active_reg[218]' (FDRE) to 'reg_cfg_vf_active_reg[217]'
INFO: [Synth 8-3886] merging instance 'reg_cfg_vf_active_reg[217]' (FDRE) to 'reg_cfg_vf_active_reg[216]'
INFO: [Synth 8-3886] merging instance 'reg_cfg_vf_active_reg[216]' (FDRE) to 'reg_cfg_vf_active_reg[215]'
INFO: [Synth 8-3886] merging instance 'reg_cfg_vf_active_reg[215]' (FDRE) to 'reg_cfg_vf_active_reg[214]'
INFO: [Synth 8-3886] merging instance 'reg_cfg_vf_active_reg[214]' (FDRE) to 'reg_cfg_vf_active_reg[213]'
INFO: [Synth 8-3886] merging instance 'reg_cfg_vf_active_reg[213]' (FDRE) to 'reg_cfg_vf_active_reg[212]'
INFO: [Synth 8-3886] merging instance 'reg_cfg_vf_active_reg[212]' (FDRE) to 'reg_cfg_vf_active_reg[211]'
INFO: [Synth 8-3886] merging instance 'reg_cfg_vf_active_reg[211]' (FDRE) to 'reg_cfg_vf_active_reg[210]'
INFO: [Synth 8-3886] merging instance 'reg_cfg_vf_active_reg[210]' (FDRE) to 'reg_cfg_vf_active_reg[209]'
INFO: [Synth 8-3886] merging instance 'reg_cfg_vf_active_reg[209]' (FDRE) to 'reg_cfg_vf_active_reg[208]'
INFO: [Synth 8-3886] merging instance 'reg_cfg_vf_active_reg[208]' (FDRE) to 'reg_cfg_vf_active_reg[207]'
INFO: [Synth 8-3886] merging instance 'reg_cfg_vf_active_reg[207]' (FDRE) to 'reg_cfg_vf_active_reg[206]'
INFO: [Synth 8-3886] merging instance 'reg_cfg_vf_active_reg[206]' (FDRE) to 'reg_cfg_vf_active_reg[205]'
INFO: [Synth 8-3886] merging instance 'reg_cfg_vf_active_reg[205]' (FDRE) to 'reg_cfg_vf_active_reg[204]'
INFO: [Synth 8-3886] merging instance 'reg_cfg_vf_active_reg[204]' (FDRE) to 'reg_cfg_vf_active_reg[203]'
INFO: [Synth 8-3886] merging instance 'reg_cfg_vf_active_reg[203]' (FDRE) to 'reg_cfg_vf_active_reg[202]'
INFO: [Synth 8-3886] merging instance 'reg_cfg_vf_active_reg[202]' (FDRE) to 'reg_cfg_vf_active_reg[201]'
INFO: [Synth 8-3886] merging instance 'reg_cfg_vf_active_reg[201]' (FDRE) to 'reg_cfg_vf_active_reg[200]'
INFO: [Synth 8-3886] merging instance 'reg_cfg_vf_active_reg[200]' (FDRE) to 'reg_cfg_vf_active_reg[199]'
INFO: [Synth 8-3886] merging instance 'reg_cfg_vf_active_reg[199]' (FDRE) to 'reg_cfg_vf_active_reg[198]'
INFO: [Synth 8-3886] merging instance 'reg_cfg_vf_active_reg[198]' (FDRE) to 'reg_cfg_vf_active_reg[197]'
INFO: [Synth 8-3886] merging instance 'reg_cfg_vf_active_reg[197]' (FDRE) to 'reg_cfg_vf_active_reg[196]'
INFO: [Synth 8-3886] merging instance 'reg_cfg_vf_active_reg[196]' (FDRE) to 'reg_cfg_vf_active_reg[195]'
INFO: [Synth 8-3886] merging instance 'reg_cfg_vf_active_reg[195]' (FDRE) to 'reg_cfg_vf_active_reg[194]'
INFO: [Synth 8-3886] merging instance 'reg_cfg_vf_active_reg[194]' (FDRE) to 'reg_cfg_vf_active_reg[193]'
INFO: [Synth 8-3886] merging instance 'reg_cfg_vf_active_reg[193]' (FDRE) to 'reg_cfg_vf_active_reg[192]'
INFO: [Synth 8-3886] merging instance 'reg_cfg_vf_active_reg[192]' (FDRE) to 'reg_cfg_vf_active_reg[191]'
INFO: [Synth 8-3886] merging instance 'reg_cfg_vf_active_reg[191]' (FDRE) to 'reg_cfg_vf_active_reg[190]'
INFO: [Synth 8-3886] merging instance 'reg_cfg_vf_active_reg[190]' (FDRE) to 'reg_cfg_vf_active_reg[189]'
INFO: [Synth 8-3886] merging instance 'reg_cfg_vf_active_reg[189]' (FDRE) to 'reg_cfg_vf_active_reg[188]'
INFO: [Synth 8-3886] merging instance 'reg_cfg_vf_active_reg[188]' (FDRE) to 'reg_cfg_vf_active_reg[187]'
INFO: [Synth 8-3886] merging instance 'reg_cfg_vf_active_reg[187]' (FDRE) to 'reg_cfg_vf_active_reg[186]'
INFO: [Synth 8-3886] merging instance 'reg_cfg_vf_active_reg[186]' (FDRE) to 'reg_cfg_vf_active_reg[185]'
INFO: [Synth 8-3886] merging instance 'reg_cfg_vf_active_reg[185]' (FDRE) to 'reg_cfg_vf_active_reg[184]'
INFO: [Synth 8-3886] merging instance 'reg_cfg_vf_active_reg[184]' (FDRE) to 'reg_cfg_vf_active_reg[183]'
INFO: [Synth 8-3886] merging instance 'reg_cfg_vf_active_reg[183]' (FDRE) to 'reg_cfg_vf_active_reg[182]'
INFO: [Synth 8-3886] merging instance 'reg_cfg_vf_active_reg[182]' (FDRE) to 'reg_cfg_vf_active_reg[181]'
INFO: [Synth 8-3886] merging instance 'reg_cfg_vf_active_reg[181]' (FDRE) to 'reg_cfg_vf_active_reg[180]'
INFO: [Synth 8-3886] merging instance 'reg_cfg_vf_active_reg[180]' (FDRE) to 'reg_cfg_vf_active_reg[179]'
INFO: [Synth 8-3886] merging instance 'reg_cfg_vf_active_reg[179]' (FDRE) to 'reg_cfg_vf_active_reg[178]'
INFO: [Synth 8-3886] merging instance 'reg_cfg_vf_active_reg[178]' (FDRE) to 'reg_cfg_vf_active_reg[177]'
INFO: [Synth 8-3886] merging instance 'reg_cfg_vf_active_reg[177]' (FDRE) to 'reg_cfg_vf_active_reg[176]'
INFO: [Synth 8-3886] merging instance 'reg_cfg_vf_active_reg[176]' (FDRE) to 'reg_cfg_vf_active_reg[175]'
INFO: [Synth 8-3886] merging instance 'reg_cfg_vf_active_reg[175]' (FDRE) to 'reg_cfg_vf_active_reg[174]'
INFO: [Synth 8-3886] merging instance 'reg_cfg_vf_active_reg[174]' (FDRE) to 'reg_cfg_vf_active_reg[173]'
INFO: [Synth 8-3886] merging instance 'reg_cfg_vf_active_reg[173]' (FDRE) to 'reg_cfg_vf_active_reg[172]'
INFO: [Synth 8-3886] merging instance 'reg_cfg_vf_active_reg[172]' (FDRE) to 'reg_cfg_vf_active_reg[171]'
INFO: [Synth 8-3886] merging instance 'reg_cfg_vf_active_reg[171]' (FDRE) to 'reg_cfg_vf_active_reg[170]'
INFO: [Synth 8-3886] merging instance 'reg_cfg_vf_active_reg[170]' (FDRE) to 'reg_cfg_vf_active_reg[169]'
INFO: [Synth 8-3886] merging instance 'reg_cfg_vf_active_reg[169]' (FDRE) to 'reg_cfg_vf_active_reg[168]'
INFO: [Synth 8-3886] merging instance 'reg_cfg_vf_active_reg[168]' (FDRE) to 'reg_cfg_vf_active_reg[167]'
INFO: [Synth 8-3886] merging instance 'reg_cfg_vf_active_reg[167]' (FDRE) to 'reg_cfg_vf_active_reg[166]'
INFO: [Synth 8-3886] merging instance 'reg_cfg_vf_active_reg[166]' (FDRE) to 'reg_cfg_vf_active_reg[165]'
INFO: [Synth 8-3886] merging instance 'reg_cfg_vf_active_reg[165]' (FDRE) to 'reg_cfg_vf_active_reg[164]'
INFO: [Synth 8-3886] merging instance 'reg_cfg_vf_active_reg[164]' (FDRE) to 'reg_cfg_vf_active_reg[163]'
INFO: [Synth 8-3886] merging instance 'reg_cfg_vf_active_reg[163]' (FDRE) to 'reg_cfg_vf_active_reg[162]'
INFO: [Synth 8-3886] merging instance 'reg_cfg_vf_active_reg[162]' (FDRE) to 'reg_cfg_vf_active_reg[161]'
INFO: [Synth 8-3886] merging instance 'reg_cfg_vf_active_reg[161]' (FDRE) to 'reg_cfg_vf_active_reg[160]'
INFO: [Synth 8-3886] merging instance 'reg_cfg_vf_active_reg[160]' (FDRE) to 'reg_cfg_vf_active_reg[159]'
INFO: [Synth 8-3886] merging instance 'reg_cfg_vf_active_reg[159]' (FDRE) to 'reg_cfg_vf_active_reg[158]'
INFO: [Synth 8-3886] merging instance 'reg_cfg_vf_active_reg[158]' (FDRE) to 'reg_cfg_vf_active_reg[157]'
INFO: [Synth 8-3886] merging instance 'reg_cfg_vf_active_reg[157]' (FDRE) to 'reg_cfg_vf_active_reg[156]'
INFO: [Synth 8-3886] merging instance 'reg_cfg_vf_active_reg[156]' (FDRE) to 'reg_cfg_vf_active_reg[155]'
INFO: [Synth 8-3886] merging instance 'reg_cfg_vf_active_reg[155]' (FDRE) to 'reg_cfg_vf_active_reg[154]'
INFO: [Synth 8-3886] merging instance 'reg_cfg_vf_active_reg[154]' (FDRE) to 'reg_cfg_vf_active_reg[153]'
INFO: [Synth 8-3886] merging instance 'reg_cfg_vf_active_reg[153]' (FDRE) to 'reg_cfg_vf_active_reg[152]'
INFO: [Synth 8-3886] merging instance 'reg_cfg_vf_active_reg[152]' (FDRE) to 'reg_cfg_vf_active_reg[151]'
INFO: [Common 17-14] Message 'Synth 8-3886' appears 100 times and further instances of the messages will be disabled. Use the Tcl command set_msg_config to change the current settings.
INFO: [Common 17-14] Message 'Synth 8-3886' appears 100 times and further instances of the messages will be disabled. Use the Tcl command set_msg_config to change the current settings.
INFO: [Synth 8-5544] ROM "preset" won't be mapped to Block RAM because address size (4) smaller than threshold (5)
INFO: [Synth 8-5544] ROM "preset" won't be mapped to Block RAM because address size (4) smaller than threshold (5)
INFO: [Synth 8-5544] ROM "preset" won't be mapped to Block RAM because address size (4) smaller than threshold (5)
INFO: [Synth 8-5544] ROM "preset" won't be mapped to Block RAM because address size (4) smaller than threshold (5)
INFO: [Synth 8-5544] ROM "preset" won't be mapped to Block RAM because address size (4) smaller than threshold (5)
INFO: [Synth 8-5544] ROM "preset" won't be mapped to Block RAM because address size (4) smaller than threshold (5)
INFO: [Synth 8-5544] ROM "preset" won't be mapped to Block RAM because address size (4) smaller than threshold (5)
INFO: [Synth 8-5544] ROM "preset" won't be mapped to Block RAM because address size (4) smaller than threshold (5)
INFO: [Synth 8-4471] merging register 'bd_ab_bd_xdma_0_pcie4_ip_gt_top_i/phy_pipeline/per_lane_ff_chain[1].phy_rxeq_txpreset_chain/with_ff_chain.ff_chain_gen[0].sync_rst.ff_chain_reg[1][3:0]' into 'bd_ab_bd_xdma_0_pcie4_ip_gt_top_i/phy_pipeline/per_lane_ff_chain[0].phy_rxeq_txpreset_chain/with_ff_chain.ff_chain_gen[0].sync_rst.ff_chain_reg[1][3:0]' [c:/Users/diego/Documents/TF-BB84/qkd_abc/vivado/nodo_a/nodo_a.gen/sources_1/bd/bd_ab/ip/bd_ab_bd_xdma_0/ip_0/source/bd_ab_bd_xdma_0_pcie4_ip_phy_ff_chain.v:106]
INFO: [Synth 8-4471] merging register 'bd_ab_bd_xdma_0_pcie4_ip_gt_top_i/phy_pipeline/per_lane_ff_chain[2].phy_rxeq_txpreset_chain/with_ff_chain.ff_chain_gen[0].sync_rst.ff_chain_reg[1][3:0]' into 'bd_ab_bd_xdma_0_pcie4_ip_gt_top_i/phy_pipeline/per_lane_ff_chain[0].phy_rxeq_txpreset_chain/with_ff_chain.ff_chain_gen[0].sync_rst.ff_chain_reg[1][3:0]' [c:/Users/diego/Documents/TF-BB84/qkd_abc/vivado/nodo_a/nodo_a.gen/sources_1/bd/bd_ab/ip/bd_ab_bd_xdma_0/ip_0/source/bd_ab_bd_xdma_0_pcie4_ip_phy_ff_chain.v:106]
INFO: [Synth 8-4471] merging register 'bd_ab_bd_xdma_0_pcie4_ip_gt_top_i/phy_pipeline/per_lane_ff_chain[3].phy_rxeq_txpreset_chain/with_ff_chain.ff_chain_gen[0].sync_rst.ff_chain_reg[1][3:0]' into 'bd_ab_bd_xdma_0_pcie4_ip_gt_top_i/phy_pipeline/per_lane_ff_chain[0].phy_rxeq_txpreset_chain/with_ff_chain.ff_chain_gen[0].sync_rst.ff_chain_reg[1][3:0]' [c:/Users/diego/Documents/TF-BB84/qkd_abc/vivado/nodo_a/nodo_a.gen/sources_1/bd/bd_ab/ip/bd_ab_bd_xdma_0/ip_0/source/bd_ab_bd_xdma_0_pcie4_ip_phy_ff_chain.v:106]
INFO: [Synth 8-4471] merging register 'bd_ab_bd_xdma_0_pcie4_ip_gt_top_i/phy_pipeline/per_lane_ff_chain[4].phy_rxeq_txpreset_chain/with_ff_chain.ff_chain_gen[0].sync_rst.ff_chain_reg[1][3:0]' into 'bd_ab_bd_xdma_0_pcie4_ip_gt_top_i/phy_pipeline/per_lane_ff_chain[0].phy_rxeq_txpreset_chain/with_ff_chain.ff_chain_gen[0].sync_rst.ff_chain_reg[1][3:0]' [c:/Users/diego/Documents/TF-BB84/qkd_abc/vivado/nodo_a/nodo_a.gen/sources_1/bd/bd_ab/ip/bd_ab_bd_xdma_0/ip_0/source/bd_ab_bd_xdma_0_pcie4_ip_phy_ff_chain.v:106]
INFO: [Synth 8-4471] merging register 'bd_ab_bd_xdma_0_pcie4_ip_gt_top_i/phy_pipeline/per_lane_ff_chain[5].phy_rxeq_txpreset_chain/with_ff_chain.ff_chain_gen[0].sync_rst.ff_chain_reg[1][3:0]' into 'bd_ab_bd_xdma_0_pcie4_ip_gt_top_i/phy_pipeline/per_lane_ff_chain[0].phy_rxeq_txpreset_chain/with_ff_chain.ff_chain_gen[0].sync_rst.ff_chain_reg[1][3:0]' [c:/Users/diego/Documents/TF-BB84/qkd_abc/vivado/nodo_a/nodo_a.gen/sources_1/bd/bd_ab/ip/bd_ab_bd_xdma_0/ip_0/source/bd_ab_bd_xdma_0_pcie4_ip_phy_ff_chain.v:106]
INFO: [Synth 8-4471] merging register 'bd_ab_bd_xdma_0_pcie4_ip_gt_top_i/phy_pipeline/per_lane_ff_chain[6].phy_rxeq_txpreset_chain/with_ff_chain.ff_chain_gen[0].sync_rst.ff_chain_reg[1][3:0]' into 'bd_ab_bd_xdma_0_pcie4_ip_gt_top_i/phy_pipeline/per_lane_ff_chain[0].phy_rxeq_txpreset_chain/with_ff_chain.ff_chain_gen[0].sync_rst.ff_chain_reg[1][3:0]' [c:/Users/diego/Documents/TF-BB84/qkd_abc/vivado/nodo_a/nodo_a.gen/sources_1/bd/bd_ab/ip/bd_ab_bd_xdma_0/ip_0/source/bd_ab_bd_xdma_0_pcie4_ip_phy_ff_chain.v:106]
INFO: [Synth 8-4471] merging register 'bd_ab_bd_xdma_0_pcie4_ip_gt_top_i/phy_pipeline/per_lane_ff_chain[7].phy_rxeq_txpreset_chain/with_ff_chain.ff_chain_gen[0].sync_rst.ff_chain_reg[1][3:0]' into 'bd_ab_bd_xdma_0_pcie4_ip_gt_top_i/phy_pipeline/per_lane_ff_chain[0].phy_rxeq_txpreset_chain/with_ff_chain.ff_chain_gen[0].sync_rst.ff_chain_reg[1][3:0]' [c:/Users/diego/Documents/TF-BB84/qkd_abc/vivado/nodo_a/nodo_a.gen/sources_1/bd/bd_ab/ip/bd_ab_bd_xdma_0/ip_0/source/bd_ab_bd_xdma_0_pcie4_ip_phy_ff_chain.v:106]
INFO: [Synth 8-3917] design bd_ab_bd_xdma_0_pcie4_ip_pcie4_uscale_core_top__GCB0 has port PHY_RXDATA[63] driven by constant 0
INFO: [Synth 8-3917] design bd_ab_bd_xdma_0_pcie4_ip_pcie4_uscale_core_top__GCB0 has port PHY_RXDATA[62] driven by constant 0
INFO: [Synth 8-3917] design bd_ab_bd_xdma_0_pcie4_ip_pcie4_uscale_core_top__GCB0 has port PHY_RXDATA[61] driven by constant 0
INFO: [Synth 8-3917] design bd_ab_bd_xdma_0_pcie4_ip_pcie4_uscale_core_top__GCB0 has port PHY_RXDATA[60] driven by constant 0
INFO: [Synth 8-3917] design bd_ab_bd_xdma_0_pcie4_ip_pcie4_uscale_core_top__GCB0 has port PHY_RXDATA[59] driven by constant 0
INFO: [Synth 8-3917] design bd_ab_bd_xdma_0_pcie4_ip_pcie4_uscale_core_top__GCB0 has port PHY_RXDATA[58] driven by constant 0
INFO: [Synth 8-3917] design bd_ab_bd_xdma_0_pcie4_ip_pcie4_uscale_core_top__GCB0 has port PHY_RXDATA[57] driven by constant 0
INFO: [Synth 8-3917] design bd_ab_bd_xdma_0_pcie4_ip_pcie4_uscale_core_top__GCB0 has port PHY_RXDATA[56] driven by constant 0
INFO: [Synth 8-3917] design bd_ab_bd_xdma_0_pcie4_ip_pcie4_uscale_core_top__GCB0 has port PHY_RXDATA[55] driven by constant 0
INFO: [Synth 8-3917] design bd_ab_bd_xdma_0_pcie4_ip_pcie4_uscale_core_top__GCB0 has port PHY_RXDATA[54] driven by constant 0
INFO: [Synth 8-3917] design bd_ab_bd_xdma_0_pcie4_ip_pcie4_uscale_core_top__GCB0 has port PHY_RXDATA[53] driven by constant 0
INFO: [Synth 8-3917] design bd_ab_bd_xdma_0_pcie4_ip_pcie4_uscale_core_top__GCB0 has port PHY_RXDATA[52] driven by constant 0
INFO: [Synth 8-3917] design bd_ab_bd_xdma_0_pcie4_ip_pcie4_uscale_core_top__GCB0 has port PHY_RXDATA[51] driven by constant 0
INFO: [Synth 8-3917] design bd_ab_bd_xdma_0_pcie4_ip_pcie4_uscale_core_top__GCB0 has port PHY_RXDATA[50] driven by constant 0
INFO: [Synth 8-3917] design bd_ab_bd_xdma_0_pcie4_ip_pcie4_uscale_core_top__GCB0 has port PHY_RXDATA[49] driven by constant 0
INFO: [Synth 8-3917] design bd_ab_bd_xdma_0_pcie4_ip_pcie4_uscale_core_top__GCB0 has port PHY_RXDATA[48] driven by constant 0
INFO: [Synth 8-3917] design bd_ab_bd_xdma_0_pcie4_ip_pcie4_uscale_core_top__GCB0 has port PHY_RXDATA[47] driven by constant 0
INFO: [Synth 8-3917] design bd_ab_bd_xdma_0_pcie4_ip_pcie4_uscale_core_top__GCB0 has port PHY_RXDATA[46] driven by constant 0
INFO: [Synth 8-3917] design bd_ab_bd_xdma_0_pcie4_ip_pcie4_uscale_core_top__GCB0 has port PHY_RXDATA[45] driven by constant 0
INFO: [Synth 8-3917] design bd_ab_bd_xdma_0_pcie4_ip_pcie4_uscale_core_top__GCB0 has port PHY_RXDATA[44] driven by constant 0
INFO: [Synth 8-3917] design bd_ab_bd_xdma_0_pcie4_ip_pcie4_uscale_core_top__GCB0 has port PHY_RXDATA[43] driven by constant 0
INFO: [Synth 8-3917] design bd_ab_bd_xdma_0_pcie4_ip_pcie4_uscale_core_top__GCB0 has port PHY_RXDATA[42] driven by constant 0
INFO: [Synth 8-3917] design bd_ab_bd_xdma_0_pcie4_ip_pcie4_uscale_core_top__GCB0 has port PHY_RXDATA[41] driven by constant 0
INFO: [Synth 8-3917] design bd_ab_bd_xdma_0_pcie4_ip_pcie4_uscale_core_top__GCB0 has port PHY_RXDATA[40] driven by constant 0
INFO: [Synth 8-3917] design bd_ab_bd_xdma_0_pcie4_ip_pcie4_uscale_core_top__GCB0 has port PHY_RXDATA[39] driven by constant 0
INFO: [Synth 8-3917] design bd_ab_bd_xdma_0_pcie4_ip_pcie4_uscale_core_top__GCB0 has port PHY_RXDATA[38] driven by constant 0
INFO: [Synth 8-3917] design bd_ab_bd_xdma_0_pcie4_ip_pcie4_uscale_core_top__GCB0 has port PHY_RXDATA[37] driven by constant 0
INFO: [Synth 8-3917] design bd_ab_bd_xdma_0_pcie4_ip_pcie4_uscale_core_top__GCB0 has port PHY_RXDATA[36] driven by constant 0
INFO: [Synth 8-3917] design bd_ab_bd_xdma_0_pcie4_ip_pcie4_uscale_core_top__GCB0 has port PHY_RXDATA[35] driven by constant 0
INFO: [Synth 8-3917] design bd_ab_bd_xdma_0_pcie4_ip_pcie4_uscale_core_top__GCB0 has port PHY_RXDATA[34] driven by constant 0
INFO: [Synth 8-3917] design bd_ab_bd_xdma_0_pcie4_ip_pcie4_uscale_core_top__GCB0 has port PHY_RXDATA[33] driven by constant 0
INFO: [Synth 8-3917] design bd_ab_bd_xdma_0_pcie4_ip_pcie4_uscale_core_top__GCB0 has port PHY_RXDATA[32] driven by constant 0
INFO: [Common 17-14] Message 'Synth 8-7129' appears 100 times and further instances of the messages will be disabled. Use the Tcl command set_msg_config to change the current settings.
INFO: [Common 17-14] Message 'Synth 8-3886' appears 100 times and further instances of the messages will be disabled. Use the Tcl command set_msg_config to change the current settings.
---------------------------------------------------------------------------------
Finished Cross Boundary and Area Optimization : Time (s): cpu = 00:02:31 ; elapsed = 00:02:35 . Memory (MB): peak = 3234.000 ; gain = 1409.574
---------------------------------------------------------------------------------
---------------------------------------------------------------------------------
Start ROM, RAM, DSP, Shift Register and Retiming Reporting
---------------------------------------------------------------------------------

Block RAM: Preliminary Mapping Report (see note below)
+-----------------------------------------------------------------------------------------------------------------------------------------+----------------------------------------------------------------+------------------------+---+---+------------------------+---+---+------------------+--------+--------+-----------------+
|Module Name                                                                                                                              | RTL Object                                                     | PORT A (Depth x Width) | W | R | PORT B (Depth x Width) | W | R | Ports driving FF | RAMB18 | RAMB36 | Cascade Heights | 
+-----------------------------------------------------------------------------------------------------------------------------------------+----------------------------------------------------------------+------------------------+---+---+------------------------+---+---+------------------+--------+--------+-----------------+
|xdma_v4_2_0_dma_pcie_rc__GB1                                                                                                             | u_mem_rc/the_bram_reg                                          | 8 x 331(READ_FIRST)    | W |   | 8 x 331(WRITE_FIRST)   |   | R | Port A and B     | 0      | 5      |                 | 
|base/IRQ_INST                                                                                                                            | msix_internal_xdma.pf0_msix_table/msix_ram_gen[1].msix_ram_reg | 128 x 32(READ_FIRST)   | W | R | 128 x 32(WRITE_FIRST)  |   | R | Port A and B     | 0      | 1      |                 | 
|inst/i_0/ram_top/\gen_h2c_bram.H2C_DAT0_FIFO/xpm_memory_sdpram_inst_loop[0].xpm_memory_sdpram_inst /xpm_memory_base_inst                 | gen_wr_a.gen_word_narrow.mem_reg                               | 512 x 144(READ_FIRST)  | W |   | 512 x 144(WRITE_FIRST) |   | R | Port A and B     | 0      | 2      |                 | 
|inst/i_0/ram_top/\gen_h2c_bram.H2C_DAT0_FIFO/xpm_memory_sdpram_inst_loop[1].xpm_memory_sdpram_inst /xpm_memory_base_inst                 | gen_wr_a.gen_word_narrow.mem_reg                               | 512 x 144(READ_FIRST)  | W |   | 512 x 144(WRITE_FIRST) |   | R | Port A and B     | 0      | 2      |                 | 
|inst/i_0/ram_top/\gen_c2h_bram.C2H_DAT0_FIFO/xpm_memory_sdpram_inst_loop[0].xpm_memory_sdpram_inst /xpm_memory_base_inst                 | gen_wr_a.gen_word_narrow.mem_reg                               | 512 x 144(READ_FIRST)  | W |   | 512 x 144(WRITE_FIRST) |   | R | Port A and B     | 0      | 2      |                 | 
|inst/i_0/ram_top/\gen_c2h_bram.C2H_DAT0_FIFO/xpm_memory_sdpram_inst_loop[1].xpm_memory_sdpram_inst /xpm_memory_base_inst                 | gen_wr_a.gen_word_narrow.mem_reg                               | 512 x 144(READ_FIRST)  | W |   | 512 x 144(WRITE_FIRST) |   | R | Port A and B     | 0      | 2      |                 | 
|inst/i_0/ram_top/\mas_bridge_ram_write_512.MASTER_WRITE_FIFO/xpm_memory_sdpram_inst_loop[0].xpm_memory_sdpram_inst /xpm_memory_base_inst | gen_wr_a.gen_word_narrow.mem_reg                               | 512 x 288(READ_FIRST)  | W |   | 512 x 288(WRITE_FIRST) |   | R | Port A and B     | 0      | 4      |                 | 
|inst/i_0/ram_top                                                                                                                         | C2H_PCIE_DSC_CPLD_RAM/the_bram_reg                             | 1 K x 256(READ_FIRST)  | W |   | 1 K x 256(WRITE_FIRST) |   | R | Port A and B     | 1      | 7      | 1,1,1,1,1,1,1,1 | 
|inst/i_0/ram_top/\MASTER_READ_BRAM/xpm_memory_sdpram_inst_loop[0].xpm_memory_sdpram_inst /xpm_memory_base_inst                           | gen_wr_a.gen_word_narrow.mem_reg                               | 512 x 288(READ_FIRST)  | W |   | 512 x 288(WRITE_FIRST) |   | R | Port A and B     | 0      | 4      |                 | 
+-----------------------------------------------------------------------------------------------------------------------------------------+----------------------------------------------------------------+------------------------+---+---+------------------------+---+---+------------------+--------+--------+-----------------+

Note: The table above is a preliminary report that shows the Block RAMs at the current stage of the synthesis flow. Some Block RAMs may be reimplemented as non Block RAM primitives later in the synthesis flow. Multiple instantiated Block RAMs are reported only once. 

Distributed RAM: Preliminary Mapping Report (see note below)
+------------------------------------------------------------------------------------+---------------------------------------------------------------------------------------+----------------+----------------------+----------------+
|Module Name                                                                         | RTL Object                                                                            | Inference      | Size (Depth x Width) | Primitives     | 
+------------------------------------------------------------------------------------+---------------------------------------------------------------------------------------+----------------+----------------------+----------------+
|\dsc_eng.DSC /RRQ_FIFO                                                              | MemArray_reg                                                                          | User Attribute | 4 x 121              | RAM32M16 x 9   | 
|\WR/gen_rdwr_loop[0].gen_rdwr_eng.RDWR_INST /DSC_FIFO                               | MemArray_reg                                                                          | User Attribute | 8 x 159              | RAM32M16 x 12  | 
|\WR/gen_rdwr_loop[0].gen_rdwr_eng.RDWR_INST /WRQ_FIFO                               | MemArray_reg                                                                          | User Attribute | 4 x 112              | RAM32M16 x 8   | 
|\WR/gen_rdwr_loop[0].gen_rdwr_eng.RDWR_INST /RRQ_FIFO                               | MemArray_reg                                                                          | User Attribute | 4 x 121              | RAM32M16 x 9   | 
|\WR/gen_rdwr_loop[0].gen_rdwr_eng.RDWR_INST                                         | rrq_bt_len_nn1_reg                                                                    | Implied        | 16 x 10              | RAM32M16 x 1   | 
|\WR/gen_rdwr_loop[0].gen_rdwr_eng.RDWR_INST                                         | rrq_wadr_nn1_reg                                                                      | Implied        | 16 x 64              | RAM32M16 x 5   | 
|\WR/gen_rdwr_loop[0].gen_rdwr_eng.RDWR_INST                                         | rcp_rcv_lba_101_reg                                                                   | Implied        | 16 x 5               | RAM32M16 x 1   | 
|\WR/gen_rdwr_loop[0].gen_rdwr_eng.RDWR_INST                                         | rrq_len_nn1_reg                                                                       | Implied        | 16 x 13              | RAM32M16 x 1   | 
|\WR/gen_rdwr_loop[0].gen_rdwr_eng.RDWR_INST                                         | rrq_wfba_nn1_reg                                                                      | Implied        | 16 x 5               | RAM32M16 x 1   | 
|\WR/gen_rdwr_loop[0].gen_rdwr_eng.RDWR_INST                                         | rcp_rcv_amt_101_reg                                                                   | Implied        | 16 x 10              | RAM16X1D x 10  | 
|\WR/gen_rdwr_loop[0].gen_rdwr_eng.RDWR_INST                                         | rrq_dadr_nn1_reg                                                                      | Implied        | 16 x 64              | RAM32M16 x 5   | 
|\RD/gen_rdwr_loop[0].gen_rdwr_eng.RDWR_INST /DSC_FIFO                               | MemArray_reg                                                                          | User Attribute | 8 x 159              | RAM32M16 x 12  | 
|\RD/gen_rdwr_loop[0].gen_rdwr_eng.RDWR_INST /WRQ_FIFO                               | MemArray_reg                                                                          | User Attribute | 4 x 112              | RAM32M16 x 8   | 
|\RD/gen_rdwr_loop[0].gen_rdwr_eng.RDWR_INST /RRQ_FIFO                               | MemArray_reg                                                                          | User Attribute | 4 x 121              | RAM32M16 x 9   | 
|\RD/gen_rdwr_loop[0].gen_rdwr_eng.RDWR_INST                                         | rrq_bt_len_nn1_reg                                                                    | Implied        | 32 x 10              | RAM32M16 x 1   | 
|\RD/gen_rdwr_loop[0].gen_rdwr_eng.RDWR_INST                                         | rrq_wadr_nn1_reg                                                                      | Implied        | 32 x 64              | RAM32M16 x 5   | 
|\RD/gen_rdwr_loop[0].gen_rdwr_eng.RDWR_INST                                         | rcp_rcv_lba_101_reg                                                                   | Implied        | 32 x 5               | RAM32M16 x 1   | 
|\RD/gen_rdwr_loop[0].gen_rdwr_eng.RDWR_INST                                         | rrq_len_nn1_reg                                                                       | Implied        | 32 x 13              | RAM32M16 x 1   | 
|\RD/gen_rdwr_loop[0].gen_rdwr_eng.RDWR_INST                                         | rrq_wfba_nn1_reg                                                                      | Implied        | 32 x 5               | RAM32M16 x 1   | 
|\RD/gen_rdwr_loop[0].gen_rdwr_eng.RDWR_INST                                         | rcp_rcv_amt_101_reg                                                                   | Implied        | 32 x 10              | RAM32X1D x 10  | 
|WTLP_DAT_FIFO                                                                       | MemArray_reg                                                                          | User Attribute | 8 x 288              | RAM32M16 x 21  | 
|WTLP_HDR_FIFO                                                                       | MemArray_reg                                                                          | User Attribute | 8 x 103              | RAM32M16 x 8   | 
|xdma_v4_2_0_dma_pcie_rq                                                             | wcp_chn_q_reg                                                                         | Implied        | 16 x 1               | RAM16X1D x 1   | 
|xdma_v4_2_0_dma_pcie_rq                                                             | wcp_eor_q_reg                                                                         | Implied        | 16 x 1               | RAM16X1D x 1   | 
|xdma_v4_2_0_dma_pcie_rq                                                             | wcp_rid_q_reg                                                                         | Implied        | 16 x 8               | RAM32M16 x 1   | 
|xdma_v4_2_0_dma_pcie_rc__GB0                                                        | tag_rrq_chn_info_mem_odd_reg                                                          | Implied        | 128 x 18             | RAM64M8 x 6    | 
|xdma_v4_2_0_dma_pcie_rc__GB0                                                        | tag_rrq_chn_info_mem_even_reg                                                         | Implied        | 128 x 18             | RAM64M8 x 6    | 
|xdma_v4_2_0_dma_pcie_rc__GB0                                                        | tag_did_conti_val_reg                                                                 | Implied        | 256 x 9              | RAM256X1S x 9  | 
|u_dma_rc_mem_pfch                                                                   | genblk_buf_dist_ram.pfch_dt_buf_reg                                                   | User Attribute | 4 x 331              | RAM32M16 x 24  | 
|inst/udma_wrapper                                                                   | axidma_wrq_arb/Fifowhead.fifoInfo/MemArray_reg                                        | User Attribute | 4 x 113              | RAM32M16 x 9   | 
|inst/udma_wrapper                                                                   | axidma_rrq_arb/Fifowhead.fifoInfo/MemArray_reg                                        | User Attribute | 4 x 122              | RAM32M16 x 9   | 
|inst/udma_wrapper                                                                   | TAG_FIFO_EVEN/MemArray_reg                                                            | User Attribute | 128 x 7              | RAM64M8 x 2    | 
|inst/udma_wrapper                                                                   | TAG_FIFO_ODD/MemArray_reg                                                             | User Attribute | 128 x 7              | RAM64M8 x 2    | 
|\dma_enable.wb_eng.dma_pcie_wb_eng                                                  | axidma_wb_arb/Fifowhead.fifoInfo/MemArray_reg                                         | User Attribute | 4 x 33               | RAM32M16 x 3   | 
|\dma_enable.wb_eng.dma_pcie_wb_eng                                                  | WB_CHNL_FIFO/MemArray_reg                                                             | User Attribute | 4 x 1                | RAM16X1D x 1   | 
|\dma_enable.wb_eng.dma_pcie_wb_eng                                                  | WB_DAT_FIFO/MemArray_reg                                                              | User Attribute | 4 x 32               | RAM32M16 x 3   | 
|axi4mm_bridge_top_inst                                                              | axi4mm_axi_mm_master_top_inst/axi4mm_axi_str_masterbr_rdtlp_inst/rdtlpfbeq_reg        | Implied        | 8 x 4                | RAM32M16 x 1   | 
|axi4mm_bridge_top_inst                                                              | axi4mm_axi_mm_master_top_inst/axi4mm_axi_str_masterbr_rdtlp_inst/rdtlpaddrretlq_reg   | Implied        | 8 x 12               | RAM32M16 x 1   | 
|axi4mm_bridge_top_inst                                                              | axi4mm_axi_mm_master_top_inst/axi4mm_axi_str_masterbr_rdtlp_inst/rdtlplengthq_reg     | Implied        | 8 x 10               | RAM32M16 x 1   | 
|axi4mm_bridge_top_inst                                                              | axi4mm_axi_mm_master_top_inst/axi4mm_axi_str_masterbr_rdtlp_inst/rdtlpstatuscodeq_reg | User Attribute | 8 x 3                | RAM32M16 x 1   | 
|axi4mm_bridge_top_inst                                                              | axi4mm_axi_mm_master_top_inst/axi4mm_axi_str_masterbr_rdtlp_inst/rdtlplbeq_reg        | Implied        | 8 x 4                | RAM32M16 x 1   | 
|axi4mm_bridge_top_inst                                                              | axi4mm_axi_mm_master_top_inst/axi4mm_axi_str_masterbr_rdtlp_inst/rdtlplengthmsbq_reg  | Implied        | 8 x 1                | RAM16X1D x 1   | 
|axi4mm_bridge_top_inst                                                              | axi4mm_axi_mm_master_top_inst/axi4mm_axi_str_masterbr_rdtlp_inst/rdtlpreqidq_reg      | Implied        | 8 x 16               | RAM32M16 x 2   | 
|axi4mm_bridge_top_inst                                                              | axi4mm_axi_mm_master_top_inst/axi4mm_axi_str_masterbr_rdtlp_inst/rdtlptagq_reg        | Implied        | 8 x 8                | RAM32M16 x 1   | 
|axi4mm_bridge_top_inst                                                              | axi4mm_axi_mm_master_top_inst/axi4mm_axi_str_masterbr_rdtlp_inst/rdtlptcq_reg         | Implied        | 8 x 3                | RAM32M16 x 1   | 
|axi4mm_bridge_top_inst                                                              | axi4mm_axi_mm_master_top_inst/axi4mm_axi_str_masterbr_rdtlp_inst/rdtlpattrq_reg       | Implied        | 8 x 3                | RAM32M16 x 1   | 
|axi4mm_bridge_top_inst/\axi4mm_axi_mm_master_top_inst/axi4mm_axi_mm_master_wr_inst  | m_axi_bardecq_reg                                                                     | Implied        | 16 x 2               | RAM16X1D x 4   | 
|axi4mm_bridge_top_inst/\axi4mm_axi_mm_master_top_inst/axi4mm_axi_mm_master_wr_inst  | m_axi_awdwlenstq_reg                                                                  | Implied        | 16 x 8               | RAM32M16 x 1   | 
|axi4mm_bridge_top_inst/\axi4mm_axi_mm_master_top_inst/axi4mm_axi_mm_master_wr_inst  | m_axi_awfirstdwbestq_reg                                                              | Implied        | 16 x 4               | RAM32M16 x 1   | 
|axi4mm_bridge_top_inst/\axi4mm_axi_mm_master_top_inst/axi4mm_axi_mm_master_wr_inst  | m_axi_awaddrstq_reg                                                                   | Implied        | 16 x 4               | RAM32M16 x 1   | 
|axi4mm_bridge_top_inst/\axi4mm_axi_mm_master_top_inst/axi4mm_axi_mm_master_wr_inst  | m_axi_awaddrlststq_reg                                                                | Implied        | 16 x 4               | RAM32M16 x 1   | 
|axi4mm_bridge_top_inst/\axi4mm_axi_mm_master_top_inst/axi4mm_axi_mm_master_wr_inst  | m_axi_awdwlenq_reg                                                                    | Implied        | 16 x 10              | RAM32M16 x 1   | 
|axi4mm_bridge_top_inst/\axi4mm_axi_mm_master_top_inst/axi4mm_axi_mm_master_wr_inst  | m_axi_awlastdwbestq_reg                                                               | Implied        | 16 x 4               | RAM32M16 x 1   | 
|axi4mm_bridge_top_inst/\axi4mm_axi_mm_master_top_inst/axi4mm_axi_mm_master_wr_inst  | m_axi_awaddrq_reg                                                                     | Implied        | 16 x 64              | RAM32M16 x 5   | 
|axi4mm_bridge_top_inst/\axi4mm_axi_mm_master_top_inst/axi4mm_axi_mm_master_wr_inst  | m_axi_awsizeq_reg                                                                     | Implied        | 16 x 3               | RAM32M16 x 1   | 
|axi4mm_bridge_top_inst/\axi4mm_axi_mm_master_top_inst/axi4mm_axi_mm_master_wr_inst  | m_axi_awprotq_reg                                                                     | Implied        | 16 x 3               | RAM32M16 x 1   | 
|axi4mm_bridge_top_inst/\axi4mm_axi_mm_master_top_inst/axi4mm_axi_mm_master_rd       | m_axi_bardecq_reg                                                                     | Implied        | 2 x 2                | RAM16X1D x 4   | 
|axi4mm_bridge_top_inst/\axi4mm_axi_mm_master_top_inst/axi4mm_axi_mm_master_rd       | m_axi_araddrissueq_reg                                                                | User Attribute | 2 x 64               | RAM32M16 x 5   | 
|axi4mm_bridge_top_inst/\axi4mm_axi_mm_master_top_inst/axi4mm_axi_mm_master_rd       | m_axi_ardwlenissueq_reg                                                               | User Attribute | 2 x 10               | RAM32M16 x 1   | 
|axi4mm_bridge_top_inst/\axi4mm_axi_mm_master_top_inst/axi4mm_axi_mm_master_rd       | m_axi_arsizeissueq_reg                                                                | User Attribute | 2 x 3                | RAM32M16 x 1   | 
|axi4mm_bridge_top_inst/\axi4mm_axi_mm_master_top_inst/axi4mm_axi_mm_master_rd       | m_axi_arprotissueq_reg                                                                | User Attribute | 2 x 3                | RAM32M16 x 1   | 
|base                                                                                | usr_axilt_slv/REQ_FIFO/MemArray_reg                                                   | User Attribute | 4 x 41               | RAM32M16 x 3   | 
|base                                                                                | cq_axilt_slv/REQ_FIFO/MemArray_reg                                                    | User Attribute | 4 x 41               | RAM32M16 x 3   | 
|base                                                                                | usr_axilt_slv/DAT_FIFO/MemArray_reg                                                   | User Attribute | 4 x 36               | RAM32M16 x 3   | 
|base                                                                                | cq_axilt_slv/DAT_FIFO/MemArray_reg                                                    | User Attribute | 4 x 36               | RAM32M16 x 3   | 
|\dma_enable.aximm.dma_aximm /axi4mm_axi_mm_master_wr/WPL_FIFO                       | MemArray_reg                                                                          | User Attribute | 16 x 35              | RAM32M16 x 3   | 
|\dma_enable.aximm.dma_aximm /axi4mm_axi_mm_master_wr/WTLP_DAT_FIFO                  | MemArray_reg                                                                          | User Attribute | 8 x 288              | RAM32M16 x 21  | 
|\dma_enable.aximm.dma_aximm /axi4mm_axi_mm_master_wr                                | m_axi_awaddrq_reg                                                                     | User Attribute | 16 x 64              | RAM32M16 x 5   | 
|\dma_enable.aximm.dma_aximm /axi4mm_axi_mm_master_wr                                | m_axi_awlenq_reg                                                                      | Implied        | 16 x 8               | RAM32M16 x 1   | 
|\dma_enable.aximm.dma_aximm /axi4mm_axi_mm_master_wr                                | m_axi_awsizeq_reg                                                                     | User Attribute | 16 x 3               | RAM32M16 x 1   | 
|\dma_enable.aximm.dma_aximm /axi4mm_axi_mm_master_wr                                | m_axi_wlenq_reg                                                                       | Implied        | 16 x 8               | RAM32M16 x 1   | 
|\dma_enable.aximm.dma_aximm /axi4mm_axi_mm_master_wr                                | m_axi_waddrfirstq_reg                                                                 | User Attribute | 16 x 6               | RAM32M16 x 1   | 
|\dma_enable.aximm.dma_aximm /axi4mm_axi_mm_master_wr                                | m_axi_waddrlastq_reg                                                                  | User Attribute | 16 x 6               | RAM32M16 x 1   | 
|\dma_enable.aximm.dma_aximm                                                         | axidma_rrq_arb/Fifowhead.fifoInfo/MemArray_reg                                        | User Attribute | 4 x 122              | RAM32M16 x 9   | 
|\dma_enable.aximm.dma_aximm                                                         | axi4mm_axi_mm_master_rd/rrsp_ChnlIdq_reg                                              | User Attribute | 16 x 1               | RAM16X1D x 1   | 
|\dma_enable.aximm.dma_aximm                                                         | axi4mm_axi_mm_master_rd/m_axi_archnlIdIssueq_reg                                      | User Attribute | 16 x 1               | RAM16X1D x 1   | 
|\dma_enable.aximm.dma_aximm                                                         | axi4mm_axi_mm_master_rd/m_axi_araddrissueq_reg                                        | User Attribute | 16 x 64              | RAM32M16 x 5   | 
|\dma_enable.aximm.dma_aximm                                                         | axi4mm_axi_mm_master_rd/m_axi_arlenissueq_reg                                         | User Attribute | 16 x 8               | RAM32M16 x 1   | 
|\dma_enable.aximm.dma_aximm                                                         | axi4mm_axi_mm_master_rd/m_axi_arsizeissueq_reg                                        | User Attribute | 16 x 3               | RAM32M16 x 1   | 
|\dma_enable.aximm.dma_aximm                                                         | axi4mm_axi_mm_master_rd/rdDataBuf_ff_reg                                              | Implied        | 8 x 256              | RAM32M16 x 21  | 
|\dma_enable.aximm.dma_aximm                                                         | axidma_wrq_arb/Fifowhead.fifoInfo/MemArray_reg                                        | User Attribute | 4 x 113              | RAM32M16 x 9   | 
+------------------------------------------------------------------------------------+---------------------------------------------------------------------------------------+----------------+----------------------+----------------+

Note: The table above is a preliminary report that shows the Distributed RAMs at the current stage of the synthesis flow. Some Distributed RAMs may be reimplemented as non Distributed RAM primitives later in the synthesis flow. Multiple instantiated RAMs are reported only once.
---------------------------------------------------------------------------------
Finished ROM, RAM, DSP, Shift Register and Retiming Reporting
---------------------------------------------------------------------------------
---------------------------------------------------------------------------------
Start Applying XDC Timing Constraints
---------------------------------------------------------------------------------
---------------------------------------------------------------------------------
Finished Applying XDC Timing Constraints : Time (s): cpu = 00:02:42 ; elapsed = 00:02:47 . Memory (MB): peak = 4283.121 ; gain = 2458.695
---------------------------------------------------------------------------------
---------------------------------------------------------------------------------
Start Timing Optimization
---------------------------------------------------------------------------------
WARNING: [Synth 8-3332] Sequential element (msix_internal_xdma.msix_ctl/FSM_onehot_intr_issue_state_reg[8]) is unused and will be removed from module xdma_v4_2_0_vul_irq.
WARNING: [Synth 8-3332] Sequential element (msix_internal_xdma.msix_ctl/FSM_onehot_intr_issue_state_reg[0]) is unused and will be removed from module xdma_v4_2_0_vul_irq.
WARNING: [Synth 8-3332] Sequential element (msix_internal_xdma.msix_ctl/FSM_onehot_intr_issue_state_reg[3]) is unused and will be removed from module xdma_v4_2_0_vul_irq.
---------------------------------------------------------------------------------
Finished Timing Optimization : Time (s): cpu = 00:03:00 ; elapsed = 00:03:05 . Memory (MB): peak = 4581.445 ; gain = 2757.020
---------------------------------------------------------------------------------
---------------------------------------------------------------------------------
Start ROM, RAM, DSP, Shift Register and Retiming Reporting
---------------------------------------------------------------------------------

Block RAM: Final Mapping Report
+-----------------------------------------------------------------------------------------------------------------------------------------+----------------------------------------------------------------+------------------------+---+---+------------------------+---+---+------------------+--------+--------+-----------------+
|Module Name                                                                                                                              | RTL Object                                                     | PORT A (Depth x Width) | W | R | PORT B (Depth x Width) | W | R | Ports driving FF | RAMB18 | RAMB36 | Cascade Heights | 
+-----------------------------------------------------------------------------------------------------------------------------------------+----------------------------------------------------------------+------------------------+---+---+------------------------+---+---+------------------+--------+--------+-----------------+
|xdma_v4_2_0_dma_pcie_rc__GB1                                                                                                             | u_mem_rc/the_bram_reg                                          | 8 x 331(READ_FIRST)    | W |   | 8 x 331(WRITE_FIRST)   |   | R | Port A and B     | 0      | 5      |                 | 
|base/IRQ_INST                                                                                                                            | msix_internal_xdma.pf0_msix_table/msix_ram_gen[1].msix_ram_reg | 128 x 32(READ_FIRST)   | W | R | 128 x 32(WRITE_FIRST)  |   | R | Port A and B     | 0      | 1      |                 | 
|inst/i_0/ram_top/\gen_h2c_bram.H2C_DAT0_FIFO/xpm_memory_sdpram_inst_loop[0].xpm_memory_sdpram_inst /xpm_memory_base_inst                 | gen_wr_a.gen_word_narrow.mem_reg                               | 512 x 144(READ_FIRST)  | W |   | 512 x 144(WRITE_FIRST) |   | R | Port A and B     | 0      | 2      |                 | 
|inst/i_0/ram_top/\gen_h2c_bram.H2C_DAT0_FIFO/xpm_memory_sdpram_inst_loop[1].xpm_memory_sdpram_inst /xpm_memory_base_inst                 | gen_wr_a.gen_word_narrow.mem_reg                               | 512 x 144(READ_FIRST)  | W |   | 512 x 144(WRITE_FIRST) |   | R | Port A and B     | 0      | 2      |                 | 
|inst/i_0/ram_top/\gen_c2h_bram.C2H_DAT0_FIFO/xpm_memory_sdpram_inst_loop[0].xpm_memory_sdpram_inst /xpm_memory_base_inst                 | gen_wr_a.gen_word_narrow.mem_reg                               | 512 x 144(READ_FIRST)  | W |   | 512 x 144(WRITE_FIRST) |   | R | Port A and B     | 0      | 2      |                 | 
|inst/i_0/ram_top/\gen_c2h_bram.C2H_DAT0_FIFO/xpm_memory_sdpram_inst_loop[1].xpm_memory_sdpram_inst /xpm_memory_base_inst                 | gen_wr_a.gen_word_narrow.mem_reg                               | 512 x 144(READ_FIRST)  | W |   | 512 x 144(WRITE_FIRST) |   | R | Port A and B     | 0      | 2      |                 | 
|inst/i_0/ram_top/\mas_bridge_ram_write_512.MASTER_WRITE_FIFO/xpm_memory_sdpram_inst_loop[0].xpm_memory_sdpram_inst /xpm_memory_base_inst | gen_wr_a.gen_word_narrow.mem_reg                               | 512 x 288(READ_FIRST)  | W |   | 512 x 288(WRITE_FIRST) |   | R | Port A and B     | 0      | 4      |                 | 
|inst/i_0/ram_top                                                                                                                         | C2H_PCIE_DSC_CPLD_RAM/the_bram_reg                             | 1 K x 256(READ_FIRST)  | W |   | 1 K x 256(WRITE_FIRST) |   | R | Port A and B     | 1      | 7      | 1,1,1,1,1,1,1,1 | 
|inst/i_0/ram_top/\MASTER_READ_BRAM/xpm_memory_sdpram_inst_loop[0].xpm_memory_sdpram_inst /xpm_memory_base_inst                           | gen_wr_a.gen_word_narrow.mem_reg                               | 512 x 288(READ_FIRST)  | W |   | 512 x 288(WRITE_FIRST) |   | R | Port A and B     | 0      | 4      |                 | 
+-----------------------------------------------------------------------------------------------------------------------------------------+----------------------------------------------------------------+------------------------+---+---+------------------------+---+---+------------------+--------+--------+-----------------+


Distributed RAM: Final Mapping Report
+------------------------------------------------------------------------------------+---------------------------------------------------------------------------------------+----------------+----------------------+----------------+
|Module Name                                                                         | RTL Object                                                                            | Inference      | Size (Depth x Width) | Primitives     | 
+------------------------------------------------------------------------------------+---------------------------------------------------------------------------------------+----------------+----------------------+----------------+
|\dsc_eng.DSC /RRQ_FIFO                                                              | MemArray_reg                                                                          | User Attribute | 4 x 121              | RAM32M16 x 9   | 
|\WR/gen_rdwr_loop[0].gen_rdwr_eng.RDWR_INST /DSC_FIFO                               | MemArray_reg                                                                          | User Attribute | 8 x 159              | RAM32M16 x 12  | 
|\WR/gen_rdwr_loop[0].gen_rdwr_eng.RDWR_INST /WRQ_FIFO                               | MemArray_reg                                                                          | User Attribute | 4 x 112              | RAM32M16 x 8   | 
|\WR/gen_rdwr_loop[0].gen_rdwr_eng.RDWR_INST /RRQ_FIFO                               | MemArray_reg                                                                          | User Attribute | 4 x 121              | RAM32M16 x 9   | 
|\WR/gen_rdwr_loop[0].gen_rdwr_eng.RDWR_INST                                         | rrq_bt_len_nn1_reg                                                                    | Implied        | 16 x 10              | RAM32M16 x 1   | 
|\WR/gen_rdwr_loop[0].gen_rdwr_eng.RDWR_INST                                         | rrq_wadr_nn1_reg                                                                      | Implied        | 16 x 64              | RAM32M16 x 5   | 
|\WR/gen_rdwr_loop[0].gen_rdwr_eng.RDWR_INST                                         | rcp_rcv_lba_101_reg                                                                   | Implied        | 16 x 5               | RAM32M16 x 1   | 
|\WR/gen_rdwr_loop[0].gen_rdwr_eng.RDWR_INST                                         | rrq_len_nn1_reg                                                                       | Implied        | 16 x 13              | RAM32M16 x 1   | 
|\WR/gen_rdwr_loop[0].gen_rdwr_eng.RDWR_INST                                         | rrq_wfba_nn1_reg                                                                      | Implied        | 16 x 5               | RAM32M16 x 1   | 
|\WR/gen_rdwr_loop[0].gen_rdwr_eng.RDWR_INST                                         | rcp_rcv_amt_101_reg                                                                   | Implied        | 16 x 10              | RAM16X1D x 10  | 
|\RD/gen_rdwr_loop[0].gen_rdwr_eng.RDWR_INST /DSC_FIFO                               | MemArray_reg                                                                          | User Attribute | 8 x 159              | RAM32M16 x 12  | 
|\RD/gen_rdwr_loop[0].gen_rdwr_eng.RDWR_INST /WRQ_FIFO                               | MemArray_reg                                                                          | User Attribute | 4 x 112              | RAM32M16 x 8   | 
|\RD/gen_rdwr_loop[0].gen_rdwr_eng.RDWR_INST /RRQ_FIFO                               | MemArray_reg                                                                          | User Attribute | 4 x 121              | RAM32M16 x 9   | 
|\RD/gen_rdwr_loop[0].gen_rdwr_eng.RDWR_INST                                         | rrq_bt_len_nn1_reg                                                                    | Implied        | 32 x 10              | RAM32M16 x 1   | 
|\RD/gen_rdwr_loop[0].gen_rdwr_eng.RDWR_INST                                         | rrq_wadr_nn1_reg                                                                      | Implied        | 32 x 64              | RAM32M16 x 5   | 
|\RD/gen_rdwr_loop[0].gen_rdwr_eng.RDWR_INST                                         | rcp_rcv_lba_101_reg                                                                   | Implied        | 32 x 5               | RAM32M16 x 1   | 
|\RD/gen_rdwr_loop[0].gen_rdwr_eng.RDWR_INST                                         | rrq_len_nn1_reg                                                                       | Implied        | 32 x 13              | RAM32M16 x 1   | 
|\RD/gen_rdwr_loop[0].gen_rdwr_eng.RDWR_INST                                         | rrq_wfba_nn1_reg                                                                      | Implied        | 32 x 5               | RAM32M16 x 1   | 
|\RD/gen_rdwr_loop[0].gen_rdwr_eng.RDWR_INST                                         | rcp_rcv_amt_101_reg                                                                   | Implied        | 32 x 10              | RAM32X1D x 10  | 
|WTLP_DAT_FIFO                                                                       | MemArray_reg                                                                          | User Attribute | 8 x 288              | RAM32M16 x 21  | 
|WTLP_HDR_FIFO                                                                       | MemArray_reg                                                                          | User Attribute | 8 x 103              | RAM32M16 x 8   | 
|xdma_v4_2_0_dma_pcie_rq                                                             | wcp_chn_q_reg                                                                         | Implied        | 16 x 1               | RAM16X1D x 1   | 
|xdma_v4_2_0_dma_pcie_rq                                                             | wcp_eor_q_reg                                                                         | Implied        | 16 x 1               | RAM16X1D x 1   | 
|xdma_v4_2_0_dma_pcie_rq                                                             | wcp_rid_q_reg                                                                         | Implied        | 16 x 8               | RAM32M16 x 1   | 
|xdma_v4_2_0_dma_pcie_rc__GB0                                                        | tag_rrq_chn_info_mem_odd_reg                                                          | Implied        | 128 x 18             | RAM64M8 x 6    | 
|xdma_v4_2_0_dma_pcie_rc__GB0                                                        | tag_rrq_chn_info_mem_even_reg                                                         | Implied        | 128 x 18             | RAM64M8 x 6    | 
|xdma_v4_2_0_dma_pcie_rc__GB0                                                        | tag_did_conti_val_reg                                                                 | Implied        | 256 x 9              | RAM256X1S x 9  | 
|u_dma_rc_mem_pfch                                                                   | genblk_buf_dist_ram.pfch_dt_buf_reg                                                   | User Attribute | 4 x 331              | RAM32M16 x 24  | 
|inst/udma_wrapper                                                                   | axidma_wrq_arb/Fifowhead.fifoInfo/MemArray_reg                                        | User Attribute | 4 x 113              | RAM32M16 x 9   | 
|inst/udma_wrapper                                                                   | axidma_rrq_arb/Fifowhead.fifoInfo/MemArray_reg                                        | User Attribute | 4 x 122              | RAM32M16 x 9   | 
|inst/udma_wrapper                                                                   | TAG_FIFO_EVEN/MemArray_reg                                                            | User Attribute | 128 x 7              | RAM64M8 x 2    | 
|inst/udma_wrapper                                                                   | TAG_FIFO_ODD/MemArray_reg                                                             | User Attribute | 128 x 7              | RAM64M8 x 2    | 
|\dma_enable.wb_eng.dma_pcie_wb_eng                                                  | axidma_wb_arb/Fifowhead.fifoInfo/MemArray_reg                                         | User Attribute | 4 x 33               | RAM32M16 x 3   | 
|\dma_enable.wb_eng.dma_pcie_wb_eng                                                  | WB_CHNL_FIFO/MemArray_reg                                                             | User Attribute | 4 x 1                | RAM16X1D x 1   | 
|\dma_enable.wb_eng.dma_pcie_wb_eng                                                  | WB_DAT_FIFO/MemArray_reg                                                              | User Attribute | 4 x 32               | RAM32M16 x 3   | 
|axi4mm_bridge_top_inst                                                              | axi4mm_axi_mm_master_top_inst/axi4mm_axi_str_masterbr_rdtlp_inst/rdtlpfbeq_reg        | Implied        | 8 x 4                | RAM32M16 x 1   | 
|axi4mm_bridge_top_inst                                                              | axi4mm_axi_mm_master_top_inst/axi4mm_axi_str_masterbr_rdtlp_inst/rdtlpaddrretlq_reg   | Implied        | 8 x 12               | RAM32M16 x 1   | 
|axi4mm_bridge_top_inst                                                              | axi4mm_axi_mm_master_top_inst/axi4mm_axi_str_masterbr_rdtlp_inst/rdtlplengthq_reg     | Implied        | 8 x 10               | RAM32M16 x 1   | 
|axi4mm_bridge_top_inst                                                              | axi4mm_axi_mm_master_top_inst/axi4mm_axi_str_masterbr_rdtlp_inst/rdtlpstatuscodeq_reg | User Attribute | 8 x 3                | RAM32M16 x 1   | 
|axi4mm_bridge_top_inst                                                              | axi4mm_axi_mm_master_top_inst/axi4mm_axi_str_masterbr_rdtlp_inst/rdtlplbeq_reg        | Implied        | 8 x 4                | RAM32M16 x 1   | 
|axi4mm_bridge_top_inst                                                              | axi4mm_axi_mm_master_top_inst/axi4mm_axi_str_masterbr_rdtlp_inst/rdtlplengthmsbq_reg  | Implied        | 8 x 1                | RAM16X1D x 1   | 
|axi4mm_bridge_top_inst                                                              | axi4mm_axi_mm_master_top_inst/axi4mm_axi_str_masterbr_rdtlp_inst/rdtlpreqidq_reg      | Implied        | 8 x 16               | RAM32M16 x 2   | 
|axi4mm_bridge_top_inst                                                              | axi4mm_axi_mm_master_top_inst/axi4mm_axi_str_masterbr_rdtlp_inst/rdtlptagq_reg        | Implied        | 8 x 8                | RAM32M16 x 1   | 
|axi4mm_bridge_top_inst                                                              | axi4mm_axi_mm_master_top_inst/axi4mm_axi_str_masterbr_rdtlp_inst/rdtlptcq_reg         | Implied        | 8 x 3                | RAM32M16 x 1   | 
|axi4mm_bridge_top_inst                                                              | axi4mm_axi_mm_master_top_inst/axi4mm_axi_str_masterbr_rdtlp_inst/rdtlpattrq_reg       | Implied        | 8 x 3                | RAM32M16 x 1   | 
|axi4mm_bridge_top_inst/\axi4mm_axi_mm_master_top_inst/axi4mm_axi_mm_master_wr_inst  | m_axi_bardecq_reg                                                                     | Implied        | 16 x 2               | RAM16X1D x 4   | 
|axi4mm_bridge_top_inst/\axi4mm_axi_mm_master_top_inst/axi4mm_axi_mm_master_wr_inst  | m_axi_awdwlenstq_reg                                                                  | Implied        | 16 x 8               | RAM32M16 x 1   | 
|axi4mm_bridge_top_inst/\axi4mm_axi_mm_master_top_inst/axi4mm_axi_mm_master_wr_inst  | m_axi_awfirstdwbestq_reg                                                              | Implied        | 16 x 4               | RAM32M16 x 1   | 
|axi4mm_bridge_top_inst/\axi4mm_axi_mm_master_top_inst/axi4mm_axi_mm_master_wr_inst  | m_axi_awaddrstq_reg                                                                   | Implied        | 16 x 4               | RAM32M16 x 1   | 
|axi4mm_bridge_top_inst/\axi4mm_axi_mm_master_top_inst/axi4mm_axi_mm_master_wr_inst  | m_axi_awaddrlststq_reg                                                                | Implied        | 16 x 4               | RAM32M16 x 1   | 
|axi4mm_bridge_top_inst/\axi4mm_axi_mm_master_top_inst/axi4mm_axi_mm_master_wr_inst  | m_axi_awdwlenq_reg                                                                    | Implied        | 16 x 10              | RAM32M16 x 1   | 
|axi4mm_bridge_top_inst/\axi4mm_axi_mm_master_top_inst/axi4mm_axi_mm_master_wr_inst  | m_axi_awlastdwbestq_reg                                                               | Implied        | 16 x 4               | RAM32M16 x 1   | 
|axi4mm_bridge_top_inst/\axi4mm_axi_mm_master_top_inst/axi4mm_axi_mm_master_wr_inst  | m_axi_awaddrq_reg                                                                     | Implied        | 16 x 64              | RAM32M16 x 5   | 
|axi4mm_bridge_top_inst/\axi4mm_axi_mm_master_top_inst/axi4mm_axi_mm_master_wr_inst  | m_axi_awsizeq_reg                                                                     | Implied        | 16 x 3               | RAM32M16 x 1   | 
|axi4mm_bridge_top_inst/\axi4mm_axi_mm_master_top_inst/axi4mm_axi_mm_master_wr_inst  | m_axi_awprotq_reg                                                                     | Implied        | 16 x 3               | RAM32M16 x 1   | 
|axi4mm_bridge_top_inst/\axi4mm_axi_mm_master_top_inst/axi4mm_axi_mm_master_rd       | m_axi_bardecq_reg                                                                     | Implied        | 2 x 2                | RAM16X1D x 4   | 
|axi4mm_bridge_top_inst/\axi4mm_axi_mm_master_top_inst/axi4mm_axi_mm_master_rd       | m_axi_araddrissueq_reg                                                                | User Attribute | 2 x 64               | RAM32M16 x 5   | 
|axi4mm_bridge_top_inst/\axi4mm_axi_mm_master_top_inst/axi4mm_axi_mm_master_rd       | m_axi_ardwlenissueq_reg                                                               | User Attribute | 2 x 10               | RAM32M16 x 1   | 
|axi4mm_bridge_top_inst/\axi4mm_axi_mm_master_top_inst/axi4mm_axi_mm_master_rd       | m_axi_arsizeissueq_reg                                                                | User Attribute | 2 x 3                | RAM32M16 x 1   | 
|axi4mm_bridge_top_inst/\axi4mm_axi_mm_master_top_inst/axi4mm_axi_mm_master_rd       | m_axi_arprotissueq_reg                                                                | User Attribute | 2 x 3                | RAM32M16 x 1   | 
|base                                                                                | usr_axilt_slv/REQ_FIFO/MemArray_reg                                                   | User Attribute | 4 x 41               | RAM32M16 x 3   | 
|base                                                                                | cq_axilt_slv/REQ_FIFO/MemArray_reg                                                    | User Attribute | 4 x 41               | RAM32M16 x 3   | 
|base                                                                                | usr_axilt_slv/DAT_FIFO/MemArray_reg                                                   | User Attribute | 4 x 36               | RAM32M16 x 3   | 
|base                                                                                | cq_axilt_slv/DAT_FIFO/MemArray_reg                                                    | User Attribute | 4 x 36               | RAM32M16 x 3   | 
|\dma_enable.aximm.dma_aximm /axi4mm_axi_mm_master_wr/WPL_FIFO                       | MemArray_reg                                                                          | User Attribute | 16 x 35              | RAM32M16 x 3   | 
|\dma_enable.aximm.dma_aximm /axi4mm_axi_mm_master_wr/WTLP_DAT_FIFO                  | MemArray_reg                                                                          | User Attribute | 8 x 288              | RAM32M16 x 21  | 
|\dma_enable.aximm.dma_aximm /axi4mm_axi_mm_master_wr                                | m_axi_awaddrq_reg                                                                     | User Attribute | 16 x 64              | RAM32M16 x 5   | 
|\dma_enable.aximm.dma_aximm /axi4mm_axi_mm_master_wr                                | m_axi_awlenq_reg                                                                      | Implied        | 16 x 8               | RAM32M16 x 1   | 
|\dma_enable.aximm.dma_aximm /axi4mm_axi_mm_master_wr                                | m_axi_awsizeq_reg                                                                     | User Attribute | 16 x 3               | RAM32M16 x 1   | 
|\dma_enable.aximm.dma_aximm /axi4mm_axi_mm_master_wr                                | m_axi_wlenq_reg                                                                       | Implied        | 16 x 8               | RAM32M16 x 1   | 
|\dma_enable.aximm.dma_aximm /axi4mm_axi_mm_master_wr                                | m_axi_waddrfirstq_reg                                                                 | User Attribute | 16 x 6               | RAM32M16 x 1   | 
|\dma_enable.aximm.dma_aximm /axi4mm_axi_mm_master_wr                                | m_axi_waddrlastq_reg                                                                  | User Attribute | 16 x 6               | RAM32M16 x 1   | 
|\dma_enable.aximm.dma_aximm                                                         | axidma_rrq_arb/Fifowhead.fifoInfo/MemArray_reg                                        | User Attribute | 4 x 122              | RAM32M16 x 9   | 
|\dma_enable.aximm.dma_aximm                                                         | axi4mm_axi_mm_master_rd/rrsp_ChnlIdq_reg                                              | User Attribute | 16 x 1               | RAM16X1D x 1   | 
|\dma_enable.aximm.dma_aximm                                                         | axi4mm_axi_mm_master_rd/m_axi_archnlIdIssueq_reg                                      | User Attribute | 16 x 1               | RAM16X1D x 1   | 
|\dma_enable.aximm.dma_aximm                                                         | axi4mm_axi_mm_master_rd/m_axi_araddrissueq_reg                                        | User Attribute | 16 x 64              | RAM32M16 x 5   | 
|\dma_enable.aximm.dma_aximm                                                         | axi4mm_axi_mm_master_rd/m_axi_arlenissueq_reg                                         | User Attribute | 16 x 8               | RAM32M16 x 1   | 
|\dma_enable.aximm.dma_aximm                                                         | axi4mm_axi_mm_master_rd/m_axi_arsizeissueq_reg                                        | User Attribute | 16 x 3               | RAM32M16 x 1   | 
|\dma_enable.aximm.dma_aximm                                                         | axi4mm_axi_mm_master_rd/rdDataBuf_ff_reg                                              | Implied        | 8 x 256              | RAM32M16 x 21  | 
|\dma_enable.aximm.dma_aximm                                                         | axidma_wrq_arb/Fifowhead.fifoInfo/MemArray_reg                                        | User Attribute | 4 x 113              | RAM32M16 x 9   | 
+------------------------------------------------------------------------------------+---------------------------------------------------------------------------------------+----------------+----------------------+----------------+

---------------------------------------------------------------------------------
Finished ROM, RAM, DSP, Shift Register and Retiming Reporting
---------------------------------------------------------------------------------
---------------------------------------------------------------------------------
Start Technology Mapping
---------------------------------------------------------------------------------
INFO: [Synth 8-7052] The timing for the instance inst/i_0/ram_top/mas_bridge_ram_write_512.MASTER_WRITE_FIFO/xpm_memory_sdpram_inst_loop[0].xpm_memory_sdpram_inst/xpm_memory_base_inst/gen_wr_a.gen_word_narrow.mem_reg_0 (implemented as a Block RAM) might be sub-optimal as no optional output register could be merged into the ram block. Providing additional output register may help in improving timing.
INFO: [Synth 8-7052] The timing for the instance inst/i_0/ram_top/mas_bridge_ram_write_512.MASTER_WRITE_FIFO/xpm_memory_sdpram_inst_loop[0].xpm_memory_sdpram_inst/xpm_memory_base_inst/gen_wr_a.gen_word_narrow.mem_reg_1 (implemented as a Block RAM) might be sub-optimal as no optional output register could be merged into the ram block. Providing additional output register may help in improving timing.
INFO: [Synth 8-7052] The timing for the instance inst/i_0/ram_top/mas_bridge_ram_write_512.MASTER_WRITE_FIFO/xpm_memory_sdpram_inst_loop[0].xpm_memory_sdpram_inst/xpm_memory_base_inst/gen_wr_a.gen_word_narrow.mem_reg_2 (implemented as a Block RAM) might be sub-optimal as no optional output register could be merged into the ram block. Providing additional output register may help in improving timing.
INFO: [Synth 8-7052] The timing for the instance inst/i_0/ram_top/mas_bridge_ram_write_512.MASTER_WRITE_FIFO/xpm_memory_sdpram_inst_loop[0].xpm_memory_sdpram_inst/xpm_memory_base_inst/gen_wr_a.gen_word_narrow.mem_reg_3 (implemented as a Block RAM) might be sub-optimal as no optional output register could be merged into the ram block. Providing additional output register may help in improving timing.
INFO: [Synth 8-7052] The timing for the instance inst/i_0/ram_top/MASTER_READ_BRAM/xpm_memory_sdpram_inst_loop[0].xpm_memory_sdpram_inst/xpm_memory_base_inst/gen_wr_a.gen_word_narrow.mem_reg_0 (implemented as a Block RAM) might be sub-optimal as no optional output register could be merged into the ram block. Providing additional output register may help in improving timing.
INFO: [Synth 8-7052] The timing for the instance inst/i_0/ram_top/MASTER_READ_BRAM/xpm_memory_sdpram_inst_loop[0].xpm_memory_sdpram_inst/xpm_memory_base_inst/gen_wr_a.gen_word_narrow.mem_reg_1 (implemented as a Block RAM) might be sub-optimal as no optional output register could be merged into the ram block. Providing additional output register may help in improving timing.
INFO: [Synth 8-7052] The timing for the instance inst/i_0/ram_top/MASTER_READ_BRAM/xpm_memory_sdpram_inst_loop[0].xpm_memory_sdpram_inst/xpm_memory_base_inst/gen_wr_a.gen_word_narrow.mem_reg_2 (implemented as a Block RAM) might be sub-optimal as no optional output register could be merged into the ram block. Providing additional output register may help in improving timing.
INFO: [Synth 8-7052] The timing for the instance inst/i_0/ram_top/MASTER_READ_BRAM/xpm_memory_sdpram_inst_loop[0].xpm_memory_sdpram_inst/xpm_memory_base_inst/gen_wr_a.gen_word_narrow.mem_reg_3 (implemented as a Block RAM) might be sub-optimal as no optional output register could be merged into the ram block. Providing additional output register may help in improving timing.
INFO: [Synth 8-7067] Removed DRAM instance inst/udma_wrapper/dma_enable.vul_dmai_0/dma_top/dma_enable.vul_dma/WR/gen_rdwr_loop[0].gen_rdwr_eng.RDWR_INST/rcp_rcv_lba_101_reg_0_15_0_4 from module xdma_v4_2_0_vul_top__GB0_tempName due to constant propagation
INFO: [Synth 8-7067] Removed DRAM instance inst/udma_wrapper/dma_enable.vul_dmai_0/dma_top/dma_enable.vul_dma/WR/gen_rdwr_loop[0].gen_rdwr_eng.RDWR_INST/rcp_rcv_lba_101_reg_0_15_0_4 from module xdma_v4_2_0_vul_top__GB0_tempName due to constant propagation
INFO: [Synth 8-7052] The timing for the instance inst/udma_wrapper/dma_topi_6/dma_top/base/IRQ_INST/msix_internal_xdma.pf0_msix_table/msix_ram_gen[1].msix_ram_reg (implemented as a Block RAM) might be sub-optimal as no optional output register could be merged into the ram block. Providing additional output register may help in improving timing.
INFO: [Synth 8-7067] Removed DRAM instance inst/udma_wrapper/dma_topi_7/dma_top/dma_enable.aximm.dma_aximm/axi4mm_axi_mm_master_wr/WTLP_DAT_FIFO/MemArray_reg_0_7_280_287 from module xdma_v4_2_0_udma_top__GCB1_tempName due to constant propagation
INFO: [Synth 8-7067] Removed DRAM instance inst/udma_wrapper/dma_topi_7/dma_top/dma_enable.aximm.dma_aximm/axi4mm_axi_mm_master_wr/WTLP_DAT_FIFO/MemArray_reg_0_7_266_279 from module xdma_v4_2_0_udma_top__GCB1_tempName due to constant propagation
INFO: [Synth 8-7067] Removed DRAM instance inst/udma_wrapper/dma_topi_7/dma_top/dma_enable.aximm.dma_aximm/axi4mm_axi_mm_master_wr/WTLP_DAT_FIFO/MemArray_reg_0_7_280_287 from module xdma_v4_2_0_udma_top__GCB1_tempName due to constant propagation
INFO: [Synth 8-7067] Removed DRAM instance inst/udma_wrapper/dma_topi_7/dma_top/dma_enable.aximm.dma_aximm/axi4mm_axi_mm_master_rd/m_axi_archnlIdIssueq_reg_0_15_0_0 from module xdma_v4_2_0_udma_top__GCB1_tempName due to constant propagation
INFO: [Synth 8-7067] Removed DRAM instance inst/udma_wrapper/dma_topi_7/dma_top/dma_enable.aximm.dma_aximm/axi4mm_axi_mm_master_rd/rrsp_ChnlIdq_reg_0_15_0_0 from module xdma_v4_2_0_udma_top__GCB1_tempName due to constant propagation
INFO: [Synth 8-7067] Removed DRAM instance inst/udma_wrapper/dma_topi_7/dma_top/dma_enable.aximm.dma_aximm/axi4mm_axi_mm_master_rd/m_axi_archnlIdIssueq_reg_0_15_0_0 from module xdma_v4_2_0_udma_top__GCB1_tempName due to constant propagation
---------------------------------------------------------------------------------
Finished Technology Mapping : Time (s): cpu = 00:03:11 ; elapsed = 00:03:22 . Memory (MB): peak = 4596.750 ; gain = 2772.324
---------------------------------------------------------------------------------
---------------------------------------------------------------------------------
Start IO Insertion
---------------------------------------------------------------------------------
---------------------------------------------------------------------------------
Start Flattening Before IO Insertion
---------------------------------------------------------------------------------
---------------------------------------------------------------------------------
Finished Flattening Before IO Insertion
---------------------------------------------------------------------------------
---------------------------------------------------------------------------------
Start Final Netlist Cleanup
---------------------------------------------------------------------------------
INFO: [Synth 8-7052] The timing for the instance inst/udma_wrapper/dma_top/base/IRQ_INST/msix_internal_xdma.pf0_msix_table/msix_ram_gen[1].msix_ram_reg (implemented as a Block RAM) might be sub-optimal as no optional output register could be merged into the ram block. Providing additional output register may help in improving timing.
INFO: [Synth 8-7052] The timing for the instance inst/ram_top/mas_bridge_ram_write_512.MASTER_WRITE_FIFO/xpm_memory_sdpram_inst_loop[0].xpm_memory_sdpram_inst/xpm_memory_base_inst/gen_wr_a.gen_word_narrow.mem_reg_0 (implemented as a Block RAM) might be sub-optimal as no optional output register could be merged into the ram block. Providing additional output register may help in improving timing.
INFO: [Synth 8-7052] The timing for the instance inst/ram_top/mas_bridge_ram_write_512.MASTER_WRITE_FIFO/xpm_memory_sdpram_inst_loop[0].xpm_memory_sdpram_inst/xpm_memory_base_inst/gen_wr_a.gen_word_narrow.mem_reg_1 (implemented as a Block RAM) might be sub-optimal as no optional output register could be merged into the ram block. Providing additional output register may help in improving timing.
INFO: [Synth 8-7052] The timing for the instance inst/ram_top/mas_bridge_ram_write_512.MASTER_WRITE_FIFO/xpm_memory_sdpram_inst_loop[0].xpm_memory_sdpram_inst/xpm_memory_base_inst/gen_wr_a.gen_word_narrow.mem_reg_2 (implemented as a Block RAM) might be sub-optimal as no optional output register could be merged into the ram block. Providing additional output register may help in improving timing.
INFO: [Synth 8-7052] The timing for the instance inst/ram_top/mas_bridge_ram_write_512.MASTER_WRITE_FIFO/xpm_memory_sdpram_inst_loop[0].xpm_memory_sdpram_inst/xpm_memory_base_inst/gen_wr_a.gen_word_narrow.mem_reg_3 (implemented as a Block RAM) might be sub-optimal as no optional output register could be merged into the ram block. Providing additional output register may help in improving timing.
INFO: [Synth 8-7052] The timing for the instance inst/ram_top/MASTER_READ_BRAM/xpm_memory_sdpram_inst_loop[0].xpm_memory_sdpram_inst/xpm_memory_base_inst/gen_wr_a.gen_word_narrow.mem_reg_0 (implemented as a Block RAM) might be sub-optimal as no optional output register could be merged into the ram block. Providing additional output register may help in improving timing.
INFO: [Synth 8-7052] The timing for the instance inst/ram_top/MASTER_READ_BRAM/xpm_memory_sdpram_inst_loop[0].xpm_memory_sdpram_inst/xpm_memory_base_inst/gen_wr_a.gen_word_narrow.mem_reg_1 (implemented as a Block RAM) might be sub-optimal as no optional output register could be merged into the ram block. Providing additional output register may help in improving timing.
INFO: [Synth 8-7052] The timing for the instance inst/ram_top/MASTER_READ_BRAM/xpm_memory_sdpram_inst_loop[0].xpm_memory_sdpram_inst/xpm_memory_base_inst/gen_wr_a.gen_word_narrow.mem_reg_2 (implemented as a Block RAM) might be sub-optimal as no optional output register could be merged into the ram block. Providing additional output register may help in improving timing.
INFO: [Synth 8-7052] The timing for the instance inst/ram_top/MASTER_READ_BRAM/xpm_memory_sdpram_inst_loop[0].xpm_memory_sdpram_inst/xpm_memory_base_inst/gen_wr_a.gen_word_narrow.mem_reg_3 (implemented as a Block RAM) might be sub-optimal as no optional output register could be merged into the ram block. Providing additional output register may help in improving timing.
---------------------------------------------------------------------------------
Finished Final Netlist Cleanup
---------------------------------------------------------------------------------
INFO: [Synth 8-3295] tying undriven pin sys_clk_ce_out_inferred:in0 to constant 0
INFO: [Synth 8-3295] tying undriven pin msix_enable_inferred:in0 to constant 0
INFO: [Synth 8-3295] tying undriven pin m_axil_awuser_inferred:in0[10] to constant 0
INFO: [Synth 8-3295] tying undriven pin m_axil_awuser_inferred:in0[9] to constant 0
INFO: [Synth 8-3295] tying undriven pin m_axil_awuser_inferred:in0[8] to constant 0
INFO: [Synth 8-3295] tying undriven pin m_axil_aruser_inferred:in0[10] to constant 0
INFO: [Synth 8-3295] tying undriven pin m_axil_aruser_inferred:in0[9] to constant 0
INFO: [Synth 8-3295] tying undriven pin m_axil_aruser_inferred:in0[8] to constant 0
---------------------------------------------------------------------------------
Finished IO Insertion : Time (s): cpu = 00:03:18 ; elapsed = 00:03:29 . Memory (MB): peak = 4612.172 ; gain = 2787.746
---------------------------------------------------------------------------------
---------------------------------------------------------------------------------
Start Renaming Generated Instances
---------------------------------------------------------------------------------
---------------------------------------------------------------------------------
Finished Renaming Generated Instances : Time (s): cpu = 00:03:18 ; elapsed = 00:03:29 . Memory (MB): peak = 4612.172 ; gain = 2787.746
---------------------------------------------------------------------------------
---------------------------------------------------------------------------------
Start Rebuilding User Hierarchy
---------------------------------------------------------------------------------
---------------------------------------------------------------------------------
Finished Rebuilding User Hierarchy : Time (s): cpu = 00:03:22 ; elapsed = 00:03:33 . Memory (MB): peak = 4670.113 ; gain = 2845.688
---------------------------------------------------------------------------------
---------------------------------------------------------------------------------
Start Renaming Generated Ports
---------------------------------------------------------------------------------
---------------------------------------------------------------------------------
Finished Renaming Generated Ports : Time (s): cpu = 00:03:22 ; elapsed = 00:03:33 . Memory (MB): peak = 4670.113 ; gain = 2845.688
---------------------------------------------------------------------------------
---------------------------------------------------------------------------------
Start Handling Custom Attributes
---------------------------------------------------------------------------------
---------------------------------------------------------------------------------
Finished Handling Custom Attributes : Time (s): cpu = 00:03:24 ; elapsed = 00:03:35 . Memory (MB): peak = 4673.301 ; gain = 2848.875
---------------------------------------------------------------------------------
---------------------------------------------------------------------------------
Start Renaming Generated Nets
---------------------------------------------------------------------------------
---------------------------------------------------------------------------------
Finished Renaming Generated Nets : Time (s): cpu = 00:03:24 ; elapsed = 00:03:35 . Memory (MB): peak = 4673.301 ; gain = 2848.875
---------------------------------------------------------------------------------
---------------------------------------------------------------------------------
Start ROM, RAM, DSP, Shift Register and Retiming Reporting
---------------------------------------------------------------------------------

Static Shift Register Report:
+-----------------------------------------------+--------------------------------------------------------------------------------------------------------+--------+-------+--------------+--------------------+-------------------+--------+---------+
|Module Name                                    | RTL Name                                                                                               | Length | Width | Reset Signal | Pull out first Reg | Pull out last Reg | SRL16E | SRLC32E | 
+-----------------------------------------------+--------------------------------------------------------------------------------------------------------+--------+-------+--------------+--------------------+-------------------+--------+---------+
|xdma_v4_2_0_udma_wrapper                       | dma_top/dma_enable.aximm.dma_aximm/axi4mm_axi_mm_master_wr/wtlp_wpl_wen_503_reg                        | 3      | 1     | NO           | NO                 | YES               | 1      | 0       | 
|xdma_v4_2_0_udma_wrapper                       | dma_top/dma_enable.aximm.dma_aximm/axi4mm_axi_mm_master_wr/wtlp_hdr_ld_502_reg                         | 3      | 1     | NO           | NO                 | YES               | 1      | 0       | 
|bd_ab_bd_xdma_0_pcie4_ip_pcie4_uscale_core_top | bd_ab_bd_xdma_0_pcie4_ip_gt_top_i/diablo_gt.diablo_gt_phy_wrapper/phy_rst_i/cpllpd_r_reg[3]            | 4      | 1     | NO           | NO                 | YES               | 1      | 0       | 
|bd_ab_bd_xdma_0_pcie4_ip_pcie4_uscale_core_top | bd_ab_bd_xdma_0_pcie4_ip_gt_top_i/diablo_gt.diablo_gt_phy_wrapper/phy_rst_i/cpllreset_r_reg[3]         | 4      | 1     | NO           | NO                 | YES               | 1      | 0       | 
|bd_ab_bd_xdma_0_pcie4_ip_pcie4_uscale_core_top | bd_ab_bd_xdma_0_pcie4_ip_gt_top_i/diablo_gt.diablo_gt_phy_wrapper/phy_rst_i/qpllpd_r_reg[3]            | 4      | 1     | NO           | NO                 | YES               | 1      | 0       | 
|bd_ab_bd_xdma_0_pcie4_ip_pcie4_uscale_core_top | bd_ab_bd_xdma_0_pcie4_ip_gt_top_i/diablo_gt.diablo_gt_phy_wrapper/phy_rst_i/qpllreset_r_reg[3]         | 4      | 1     | NO           | NO                 | YES               | 1      | 0       | 
|bd_ab_bd_xdma_0_pcie4_ip_pcie4_uscale_core_top | bd_ab_bd_xdma_0_pcie4_ip_gt_top_i/diablo_gt.diablo_gt_phy_wrapper/phy_rst_i/txprogdivreset_r_reg[3]    | 4      | 1     | NO           | NO                 | YES               | 1      | 0       | 
|bd_ab_bd_xdma_0_pcie4_ip_pcie4_uscale_core_top | bd_ab_bd_xdma_0_pcie4_ip_gt_top_i/diablo_gt.diablo_gt_phy_wrapper/phy_rst_i/gtreset_r_reg[3]           | 4      | 1     | NO           | NO                 | YES               | 1      | 0       | 
|bd_ab_bd_xdma_0_pcie4_ip_pcie4_uscale_core_top | bd_ab_bd_xdma_0_pcie4_ip_gt_top_i/diablo_gt.diablo_gt_phy_wrapper/phy_rst_i/userrdy_r_reg[3]           | 4      | 1     | NO           | NO                 | YES               | 1      | 0       | 
|bd_ab_bd_xdma_0_pcie4_ip_pcie4_uscale_core_top | bd_ab_bd_xdma_0_pcie4_ip_gt_top_i/diablo_gt.diablo_gt_phy_wrapper/phy_lane[0].cdrhold_shift_reg[0][31] | 32     | 8     | NO           | NO                 | YES               | 0      | 8       | 
+-----------------------------------------------+--------------------------------------------------------------------------------------------------------+--------+-------+--------------+--------------------+-------------------+--------+---------+

---------------------------------------------------------------------------------
Finished ROM, RAM, DSP, Shift Register and Retiming Reporting
---------------------------------------------------------------------------------
---------------------------------------------------------------------------------
Start Writing Synthesis Report
---------------------------------------------------------------------------------

Report BlackBoxes: 
+-+--------------+----------+
| |BlackBox name |Instances |
+-+--------------+----------+
+-+--------------+----------+

Report Cell Usage: 
+------+--------------+------+
|      |Cell          |Count |
+------+--------------+------+
|1     |BUFG_GT       |    14|
|2     |BUFG_GT_SYNC  |     1|
|3     |CARRY8        |   366|
|4     |GTYE4_CHANNEL |     8|
|5     |GTYE4_COMMON  |     2|
|6     |LUT1          |  1687|
|7     |LUT2          |  2445|
|8     |LUT3          |  5448|
|9     |LUT4          |  3740|
|10    |LUT5          |  5336|
|11    |LUT6          | 10285|
|12    |MUXF7         |   301|
|13    |MUXF8         |    33|
|14    |PCIE40E4      |     1|
|15    |RAM16X1D      |    20|
|16    |RAM256X1S     |     9|
|17    |RAM32M        |    11|
|18    |RAM32M16      |   234|
|19    |RAM32X1D      |    10|
|20    |RAM64M8       |    16|
|21    |RAMB36E2      |    50|
|27    |SRL16E        |     9|
|28    |SRLC32E       |     8|
|29    |FDCE          |   585|
|30    |FDPE          |   179|
|31    |FDRE          | 26967|
|32    |FDSE          |   276|
+------+--------------+------+
---------------------------------------------------------------------------------
Finished Writing Synthesis Report : Time (s): cpu = 00:03:25 ; elapsed = 00:03:35 . Memory (MB): peak = 4673.301 ; gain = 2848.875
---------------------------------------------------------------------------------
Synthesis finished with 0 errors, 0 critical warnings and 46403 warnings.
Synthesis Optimization Runtime : Time (s): cpu = 00:02:25 ; elapsed = 00:03:06 . Memory (MB): peak = 4673.301 ; gain = 2355.297
Synthesis Optimization Complete : Time (s): cpu = 00:03:25 ; elapsed = 00:03:36 . Memory (MB): peak = 4673.301 ; gain = 2848.875
INFO: [Project 1-571] Translating synthesized netlist
Netlist sorting complete. Time (s): cpu = 00:00:01 ; elapsed = 00:00:00.695 . Memory (MB): peak = 4673.301 ; gain = 0.000
INFO: [Netlist 29-17] Analyzing 1000 Unisim elements for replacement
INFO: [Netlist 29-28] Unisim Transformation completed in 1 CPU seconds
INFO: [Project 1-570] Preparing netlist for logic optimization
INFO: [Opt 31-138] Pushed 0 inverter(s) to 0 load pin(s).
INFO: [Opt 31-441] Inserted BUFG_GT_SYNC inst/pcie4_ip_i/inst/bd_ab_bd_xdma_0_pcie4_ip_gt_top_i/diablo_gt.diablo_gt_phy_wrapper/gt_wizard.gtwizard_top_i/bd_ab_bd_xdma_0_pcie4_ip_gt_i/inst/gen_gtwizard_gtye4_top.bd_ab_bd_xdma_0_pcie4_ip_gt_gtwizard_gtye4_inst/gen_gtwizard_gtye4.gen_channel_container[0].gen_enabled_channel.gtye4_channel_wrapper_inst/channel_inst/BUFG_GT_SYNC for BUFG_GT inst/pcie4_ip_i/inst/bd_ab_bd_xdma_0_pcie4_ip_gt_top_i/diablo_gt.diablo_gt_phy_wrapper/gt_wizard.gtwizard_top_i/bd_ab_bd_xdma_0_pcie4_ip_gt_i/inst/gen_gtwizard_gtye4_top.bd_ab_bd_xdma_0_pcie4_ip_gt_gtwizard_gtye4_inst/gen_gtwizard_gtye4.gen_cpll_cal_gtye4.gen_cpll_cal_inst[0].gen_inst_cpll_cal.gtwizard_ultrascale_v1_7_20_gtye4_cpll_cal_inst/gtwizard_ultrascale_v1_7_20_gtye4_cpll_cal_tx_i/bufg_gt_txoutclkmon_inst
INFO: [Opt 31-441] Inserted BUFG_GT_SYNC inst/pcie4_ip_i/inst/bd_ab_bd_xdma_0_pcie4_ip_gt_top_i/diablo_gt.diablo_gt_phy_wrapper/gt_wizard.gtwizard_top_i/bd_ab_bd_xdma_0_pcie4_ip_gt_i/inst/gen_gtwizard_gtye4_top.bd_ab_bd_xdma_0_pcie4_ip_gt_gtwizard_gtye4_inst/gen_gtwizard_gtye4.gen_channel_container[0].gen_enabled_channel.gtye4_channel_wrapper_inst/channel_inst/BUFG_GT_SYNC_1 for BUFG_GT inst/pcie4_ip_i/inst/bd_ab_bd_xdma_0_pcie4_ip_gt_top_i/diablo_gt.diablo_gt_phy_wrapper/gt_wizard.gtwizard_top_i/bd_ab_bd_xdma_0_pcie4_ip_gt_i/inst/gen_gtwizard_gtye4_top.bd_ab_bd_xdma_0_pcie4_ip_gt_gtwizard_gtye4_inst/gen_gtwizard_gtye4.gen_cpll_cal_gtye4.gen_cpll_cal_inst[1].gen_inst_cpll_cal.gtwizard_ultrascale_v1_7_20_gtye4_cpll_cal_inst/gtwizard_ultrascale_v1_7_20_gtye4_cpll_cal_tx_i/bufg_gt_txoutclkmon_inst
INFO: [Opt 31-441] Inserted BUFG_GT_SYNC inst/pcie4_ip_i/inst/bd_ab_bd_xdma_0_pcie4_ip_gt_top_i/diablo_gt.diablo_gt_phy_wrapper/gt_wizard.gtwizard_top_i/bd_ab_bd_xdma_0_pcie4_ip_gt_i/inst/gen_gtwizard_gtye4_top.bd_ab_bd_xdma_0_pcie4_ip_gt_gtwizard_gtye4_inst/gen_gtwizard_gtye4.gen_channel_container[0].gen_enabled_channel.gtye4_channel_wrapper_inst/channel_inst/BUFG_GT_SYNC_2 for BUFG_GT inst/pcie4_ip_i/inst/bd_ab_bd_xdma_0_pcie4_ip_gt_top_i/diablo_gt.diablo_gt_phy_wrapper/gt_wizard.gtwizard_top_i/bd_ab_bd_xdma_0_pcie4_ip_gt_i/inst/gen_gtwizard_gtye4_top.bd_ab_bd_xdma_0_pcie4_ip_gt_gtwizard_gtye4_inst/gen_gtwizard_gtye4.gen_cpll_cal_gtye4.gen_cpll_cal_inst[2].gen_inst_cpll_cal.gtwizard_ultrascale_v1_7_20_gtye4_cpll_cal_inst/gtwizard_ultrascale_v1_7_20_gtye4_cpll_cal_tx_i/bufg_gt_txoutclkmon_inst
INFO: [Opt 31-441] Inserted BUFG_GT_SYNC inst/pcie4_ip_i/inst/bd_ab_bd_xdma_0_pcie4_ip_gt_top_i/diablo_gt.diablo_gt_phy_wrapper/gt_wizard.gtwizard_top_i/bd_ab_bd_xdma_0_pcie4_ip_gt_i/inst/gen_gtwizard_gtye4_top.bd_ab_bd_xdma_0_pcie4_ip_gt_gtwizard_gtye4_inst/gen_gtwizard_gtye4.gen_channel_container[0].gen_enabled_channel.gtye4_channel_wrapper_inst/channel_inst/BUFG_GT_SYNC_3 for BUFG_GT inst/pcie4_ip_i/inst/bd_ab_bd_xdma_0_pcie4_ip_gt_top_i/diablo_gt.diablo_gt_phy_wrapper/gt_wizard.gtwizard_top_i/bd_ab_bd_xdma_0_pcie4_ip_gt_i/inst/gen_gtwizard_gtye4_top.bd_ab_bd_xdma_0_pcie4_ip_gt_gtwizard_gtye4_inst/gen_gtwizard_gtye4.gen_cpll_cal_gtye4.gen_cpll_cal_inst[3].gen_inst_cpll_cal.gtwizard_ultrascale_v1_7_20_gtye4_cpll_cal_inst/gtwizard_ultrascale_v1_7_20_gtye4_cpll_cal_tx_i/bufg_gt_txoutclkmon_inst
INFO: [Opt 31-441] Inserted BUFG_GT_SYNC inst/pcie4_ip_i/inst/bd_ab_bd_xdma_0_pcie4_ip_gt_top_i/diablo_gt.diablo_gt_phy_wrapper/gt_wizard.gtwizard_top_i/bd_ab_bd_xdma_0_pcie4_ip_gt_i/inst/gen_gtwizard_gtye4_top.bd_ab_bd_xdma_0_pcie4_ip_gt_gtwizard_gtye4_inst/gen_gtwizard_gtye4.gen_channel_container[1].gen_enabled_channel.gtye4_channel_wrapper_inst/channel_inst/BUFG_GT_SYNC for BUFG_GT inst/pcie4_ip_i/inst/bd_ab_bd_xdma_0_pcie4_ip_gt_top_i/diablo_gt.diablo_gt_phy_wrapper/gt_wizard.gtwizard_top_i/bd_ab_bd_xdma_0_pcie4_ip_gt_i/inst/gen_gtwizard_gtye4_top.bd_ab_bd_xdma_0_pcie4_ip_gt_gtwizard_gtye4_inst/gen_gtwizard_gtye4.gen_cpll_cal_gtye4.gen_cpll_cal_inst[4].gen_inst_cpll_cal.gtwizard_ultrascale_v1_7_20_gtye4_cpll_cal_inst/gtwizard_ultrascale_v1_7_20_gtye4_cpll_cal_tx_i/bufg_gt_txoutclkmon_inst
INFO: [Opt 31-441] Inserted BUFG_GT_SYNC inst/pcie4_ip_i/inst/bd_ab_bd_xdma_0_pcie4_ip_gt_top_i/diablo_gt.diablo_gt_phy_wrapper/gt_wizard.gtwizard_top_i/bd_ab_bd_xdma_0_pcie4_ip_gt_i/inst/gen_gtwizard_gtye4_top.bd_ab_bd_xdma_0_pcie4_ip_gt_gtwizard_gtye4_inst/gen_gtwizard_gtye4.gen_channel_container[1].gen_enabled_channel.gtye4_channel_wrapper_inst/channel_inst/BUFG_GT_SYNC_1 for BUFG_GT inst/pcie4_ip_i/inst/bd_ab_bd_xdma_0_pcie4_ip_gt_top_i/diablo_gt.diablo_gt_phy_wrapper/gt_wizard.gtwizard_top_i/bd_ab_bd_xdma_0_pcie4_ip_gt_i/inst/gen_gtwizard_gtye4_top.bd_ab_bd_xdma_0_pcie4_ip_gt_gtwizard_gtye4_inst/gen_gtwizard_gtye4.gen_cpll_cal_gtye4.gen_cpll_cal_inst[5].gen_inst_cpll_cal.gtwizard_ultrascale_v1_7_20_gtye4_cpll_cal_inst/gtwizard_ultrascale_v1_7_20_gtye4_cpll_cal_tx_i/bufg_gt_txoutclkmon_inst
INFO: [Opt 31-441] Inserted BUFG_GT_SYNC inst/pcie4_ip_i/inst/bd_ab_bd_xdma_0_pcie4_ip_gt_top_i/diablo_gt.diablo_gt_phy_wrapper/gt_wizard.gtwizard_top_i/bd_ab_bd_xdma_0_pcie4_ip_gt_i/inst/gen_gtwizard_gtye4_top.bd_ab_bd_xdma_0_pcie4_ip_gt_gtwizard_gtye4_inst/gen_gtwizard_gtye4.gen_channel_container[1].gen_enabled_channel.gtye4_channel_wrapper_inst/channel_inst/BUFG_GT_SYNC_2 for BUFG_GT inst/pcie4_ip_i/inst/bd_ab_bd_xdma_0_pcie4_ip_gt_top_i/diablo_gt.diablo_gt_phy_wrapper/gt_wizard.gtwizard_top_i/bd_ab_bd_xdma_0_pcie4_ip_gt_i/inst/gen_gtwizard_gtye4_top.bd_ab_bd_xdma_0_pcie4_ip_gt_gtwizard_gtye4_inst/gen_gtwizard_gtye4.gen_cpll_cal_gtye4.gen_cpll_cal_inst[6].gen_inst_cpll_cal.gtwizard_ultrascale_v1_7_20_gtye4_cpll_cal_inst/gtwizard_ultrascale_v1_7_20_gtye4_cpll_cal_tx_i/bufg_gt_txoutclkmon_inst
INFO: [Opt 31-441] Inserted BUFG_GT_SYNC inst/pcie4_ip_i/inst/bd_ab_bd_xdma_0_pcie4_ip_gt_top_i/diablo_gt.diablo_gt_phy_wrapper/gt_wizard.gtwizard_top_i/bd_ab_bd_xdma_0_pcie4_ip_gt_i/inst/gen_gtwizard_gtye4_top.bd_ab_bd_xdma_0_pcie4_ip_gt_gtwizard_gtye4_inst/gen_gtwizard_gtye4.gen_channel_container[1].gen_enabled_channel.gtye4_channel_wrapper_inst/channel_inst/BUFG_GT_SYNC_3 for BUFG_GT inst/pcie4_ip_i/inst/bd_ab_bd_xdma_0_pcie4_ip_gt_top_i/diablo_gt.diablo_gt_phy_wrapper/gt_wizard.gtwizard_top_i/bd_ab_bd_xdma_0_pcie4_ip_gt_i/inst/gen_gtwizard_gtye4_top.bd_ab_bd_xdma_0_pcie4_ip_gt_gtwizard_gtye4_inst/gen_gtwizard_gtye4.gen_cpll_cal_gtye4.gen_cpll_cal_inst[7].gen_inst_cpll_cal.gtwizard_ultrascale_v1_7_20_gtye4_cpll_cal_inst/gtwizard_ultrascale_v1_7_20_gtye4_cpll_cal_tx_i/bufg_gt_txoutclkmon_inst
INFO: [Opt 31-422] The CLOCK_DOMAINS attribute on the BRAM cell inst/pcie4_ip_i/inst/bd_ab_bd_xdma_0_pcie4_ip_pcie_4_0_pipe_inst/pcie_4_0_bram_inst/RAM32K.bram_comp_inst/bram_16k_0_int/ECC_RAM.RAMB36E2[0].ramb36e2_inst has been changed from INDEPENDENT to COMMON to match the clocking topology used for the BRAM.
INFO: [Opt 31-422] The CLOCK_DOMAINS attribute on the BRAM cell inst/pcie4_ip_i/inst/bd_ab_bd_xdma_0_pcie4_ip_pcie_4_0_pipe_inst/pcie_4_0_bram_inst/RAM32K.bram_comp_inst/bram_16k_0_int/ECC_RAM.RAMB36E2[1].ramb36e2_inst has been changed from INDEPENDENT to COMMON to match the clocking topology used for the BRAM.
INFO: [Opt 31-422] The CLOCK_DOMAINS attribute on the BRAM cell inst/pcie4_ip_i/inst/bd_ab_bd_xdma_0_pcie4_ip_pcie_4_0_pipe_inst/pcie_4_0_bram_inst/RAM32K.bram_comp_inst/bram_16k_0_int/ECC_RAM.RAMB36E2[2].ramb36e2_inst has been changed from INDEPENDENT to COMMON to match the clocking topology used for the BRAM.
INFO: [Opt 31-422] The CLOCK_DOMAINS attribute on the BRAM cell inst/pcie4_ip_i/inst/bd_ab_bd_xdma_0_pcie4_ip_pcie_4_0_pipe_inst/pcie_4_0_bram_inst/RAM32K.bram_comp_inst/bram_16k_0_int/ECC_RAM.RAMB36E2[3].ramb36e2_inst has been changed from INDEPENDENT to COMMON to match the clocking topology used for the BRAM.
INFO: [Opt 31-422] The CLOCK_DOMAINS attribute on the BRAM cell inst/pcie4_ip_i/inst/bd_ab_bd_xdma_0_pcie4_ip_pcie_4_0_pipe_inst/pcie_4_0_bram_inst/RAM32K.bram_comp_inst/bram_16k_0_int/ECC_RAM.RAMB36E2[4].ramb36e2_inst has been changed from INDEPENDENT to COMMON to match the clocking topology used for the BRAM.
INFO: [Opt 31-422] The CLOCK_DOMAINS attribute on the BRAM cell inst/pcie4_ip_i/inst/bd_ab_bd_xdma_0_pcie4_ip_pcie_4_0_pipe_inst/pcie_4_0_bram_inst/RAM32K.bram_comp_inst/bram_16k_0_int/ECC_RAM.RAMB36E2[5].ramb36e2_inst has been changed from INDEPENDENT to COMMON to match the clocking topology used for the BRAM.
INFO: [Opt 31-422] The CLOCK_DOMAINS attribute on the BRAM cell inst/pcie4_ip_i/inst/bd_ab_bd_xdma_0_pcie4_ip_pcie_4_0_pipe_inst/pcie_4_0_bram_inst/RAM32K.bram_comp_inst/bram_16k_1_int/ECC_RAM.RAMB36E2[0].ramb36e2_inst has been changed from INDEPENDENT to COMMON to match the clocking topology used for the BRAM.
INFO: [Opt 31-422] The CLOCK_DOMAINS attribute on the BRAM cell inst/pcie4_ip_i/inst/bd_ab_bd_xdma_0_pcie4_ip_pcie_4_0_pipe_inst/pcie_4_0_bram_inst/RAM32K.bram_comp_inst/bram_16k_1_int/ECC_RAM.RAMB36E2[1].ramb36e2_inst has been changed from INDEPENDENT to COMMON to match the clocking topology used for the BRAM.
INFO: [Opt 31-422] The CLOCK_DOMAINS attribute on the BRAM cell inst/pcie4_ip_i/inst/bd_ab_bd_xdma_0_pcie4_ip_pcie_4_0_pipe_inst/pcie_4_0_bram_inst/RAM32K.bram_comp_inst/bram_16k_1_int/ECC_RAM.RAMB36E2[2].ramb36e2_inst has been changed from INDEPENDENT to COMMON to match the clocking topology used for the BRAM.
INFO: [Opt 31-422] The CLOCK_DOMAINS attribute on the BRAM cell inst/pcie4_ip_i/inst/bd_ab_bd_xdma_0_pcie4_ip_pcie_4_0_pipe_inst/pcie_4_0_bram_inst/RAM32K.bram_comp_inst/bram_16k_1_int/ECC_RAM.RAMB36E2[3].ramb36e2_inst has been changed from INDEPENDENT to COMMON to match the clocking topology used for the BRAM.
INFO: [Opt 31-422] The CLOCK_DOMAINS attribute on the BRAM cell inst/pcie4_ip_i/inst/bd_ab_bd_xdma_0_pcie4_ip_pcie_4_0_pipe_inst/pcie_4_0_bram_inst/RAM32K.bram_comp_inst/bram_16k_1_int/ECC_RAM.RAMB36E2[4].ramb36e2_inst has been changed from INDEPENDENT to COMMON to match the clocking topology used for the BRAM.
INFO: [Opt 31-422] The CLOCK_DOMAINS attribute on the BRAM cell inst/pcie4_ip_i/inst/bd_ab_bd_xdma_0_pcie4_ip_pcie_4_0_pipe_inst/pcie_4_0_bram_inst/RAM32K.bram_comp_inst/bram_16k_1_int/ECC_RAM.RAMB36E2[5].ramb36e2_inst has been changed from INDEPENDENT to COMMON to match the clocking topology used for the BRAM.
INFO: [Opt 31-422] The CLOCK_DOMAINS attribute on the BRAM cell inst/pcie4_ip_i/inst/bd_ab_bd_xdma_0_pcie4_ip_pcie_4_0_pipe_inst/pcie_4_0_bram_inst/bram_post_inst/bram_16k_int/ECC_RAM.RAMB36E2[0].ramb36e2_inst has been changed from INDEPENDENT to COMMON to match the clocking topology used for the BRAM.
INFO: [Opt 31-422] The CLOCK_DOMAINS attribute on the BRAM cell inst/pcie4_ip_i/inst/bd_ab_bd_xdma_0_pcie4_ip_pcie_4_0_pipe_inst/pcie_4_0_bram_inst/bram_post_inst/bram_16k_int/ECC_RAM.RAMB36E2[1].ramb36e2_inst has been changed from INDEPENDENT to COMMON to match the clocking topology used for the BRAM.
INFO: [Opt 31-422] The CLOCK_DOMAINS attribute on the BRAM cell inst/pcie4_ip_i/inst/bd_ab_bd_xdma_0_pcie4_ip_pcie_4_0_pipe_inst/pcie_4_0_bram_inst/bram_post_inst/bram_16k_int/ECC_RAM.RAMB36E2[2].ramb36e2_inst has been changed from INDEPENDENT to COMMON to match the clocking topology used for the BRAM.
INFO: [Opt 31-422] The CLOCK_DOMAINS attribute on the BRAM cell inst/pcie4_ip_i/inst/bd_ab_bd_xdma_0_pcie4_ip_pcie_4_0_pipe_inst/pcie_4_0_bram_inst/bram_post_inst/bram_16k_int/ECC_RAM.RAMB36E2[3].ramb36e2_inst has been changed from INDEPENDENT to COMMON to match the clocking topology used for the BRAM.
INFO: [Opt 31-422] The CLOCK_DOMAINS attribute on the BRAM cell inst/pcie4_ip_i/inst/bd_ab_bd_xdma_0_pcie4_ip_pcie_4_0_pipe_inst/pcie_4_0_bram_inst/bram_post_inst/bram_16k_int/ECC_RAM.RAMB36E2[4].ramb36e2_inst has been changed from INDEPENDENT to COMMON to match the clocking topology used for the BRAM.
INFO: [Opt 31-422] The CLOCK_DOMAINS attribute on the BRAM cell inst/pcie4_ip_i/inst/bd_ab_bd_xdma_0_pcie4_ip_pcie_4_0_pipe_inst/pcie_4_0_bram_inst/bram_post_inst/bram_16k_int/ECC_RAM.RAMB36E2[5].ramb36e2_inst has been changed from INDEPENDENT to COMMON to match the clocking topology used for the BRAM.
INFO: [Opt 31-422] The CLOCK_DOMAINS attribute on the BRAM cell inst/pcie4_ip_i/inst/bd_ab_bd_xdma_0_pcie4_ip_pcie_4_0_pipe_inst/pcie_4_0_bram_inst/bram_repl_inst/bram_rep_int_0/ECC_RAM.RAMB36E2[0].ramb36e2_inst has been changed from INDEPENDENT to COMMON to match the clocking topology used for the BRAM.
INFO: [Opt 31-422] The CLOCK_DOMAINS attribute on the BRAM cell inst/pcie4_ip_i/inst/bd_ab_bd_xdma_0_pcie4_ip_pcie_4_0_pipe_inst/pcie_4_0_bram_inst/bram_repl_inst/bram_rep_int_0/ECC_RAM.RAMB36E2[1].ramb36e2_inst has been changed from INDEPENDENT to COMMON to match the clocking topology used for the BRAM.
INFO: [Opt 31-422] The CLOCK_DOMAINS attribute on the BRAM cell inst/pcie4_ip_i/inst/bd_ab_bd_xdma_0_pcie4_ip_pcie_4_0_pipe_inst/pcie_4_0_bram_inst/bram_repl_inst/bram_rep_int_0/ECC_RAM.RAMB36E2[2].ramb36e2_inst has been changed from INDEPENDENT to COMMON to match the clocking topology used for the BRAM.
INFO: [Opt 31-422] The CLOCK_DOMAINS attribute on the BRAM cell inst/pcie4_ip_i/inst/bd_ab_bd_xdma_0_pcie4_ip_pcie_4_0_pipe_inst/pcie_4_0_bram_inst/bram_repl_inst/bram_rep_int_0/ECC_RAM.RAMB36E2[3].ramb36e2_inst has been changed from INDEPENDENT to COMMON to match the clocking topology used for the BRAM.
Netlist sorting complete. Time (s): cpu = 00:00:00 ; elapsed = 00:00:00.017 . Memory (MB): peak = 4673.301 ; gain = 0.000
INFO: [Project 1-111] Unisim Transformation Summary:
  A total of 300 instances were transformed.
  RAM16X1D => RAM32X1D (RAMD32(x2)): 20 instances
  RAM256X1S => RAM256X1S (MUXF7(x2), MUXF8, RAMS64E(x4)): 9 instances
  RAM32M => RAM32M (RAMD32(x6), RAMS32(x2)): 11 instances
  RAM32M16 => RAM32M16 (RAMD32(x14), RAMS32(x2)): 234 instances
  RAM32X1D => RAM32X1D (RAMD32(x2)): 10 instances
  RAM64M8 => RAM64M8 (RAMD64E(x8)): 16 instances

Synth Design complete | Checksum: e7643052
INFO: [Common 17-83] Releasing license: Synthesis
703 Infos, 274 Warnings, 0 Critical Warnings and 0 Errors encountered.
synth_design completed successfully
synth_design: Time (s): cpu = 00:03:40 ; elapsed = 00:03:53 . Memory (MB): peak = 4673.301 ; gain = 3953.055
Write ShapeDB Complete: Time (s): cpu = 00:00:00 ; elapsed = 00:00:00.049 . Memory (MB): peak = 4673.301 ; gain = 0.000
INFO: [Common 17-1381] The checkpoint 'C:/Users/diego/Documents/TF-BB84/qkd_abc/vivado/nodo_a/nodo_a.runs/bd_ab_bd_xdma_0_synth_1/bd_ab_bd_xdma_0.dcp' has been generated.
INFO: [Coretcl 2-1648] Added synthesis output to IP cache for IP bd_ab_bd_xdma_0, cache-ID = b86ce929c43efd57
INFO: [Coretcl 2-1174] Renamed 214 cell refs.
Write ShapeDB Complete: Time (s): cpu = 00:00:00 ; elapsed = 00:00:00.054 . Memory (MB): peak = 4673.301 ; gain = 0.000
INFO: [Common 17-1381] The checkpoint 'C:/Users/diego/Documents/TF-BB84/qkd_abc/vivado/nodo_a/nodo_a.runs/bd_ab_bd_xdma_0_synth_1/bd_ab_bd_xdma_0.dcp' has been generated.
INFO: [Vivado 12-24828] Executing command : report_utilization -file bd_ab_bd_xdma_0_utilization_synth.rpt -pb bd_ab_bd_xdma_0_utilization_synth.pb
INFO: [Common 17-206] Exiting Vivado at Wed Sep  9 12:01:38 2026...
